Employee_ID,Age,Gender,Department,Job_Role,Experience,Education,Salary,Performance_Score,Job_Satisfaction,Overtime,Work_Hours,Remote_Work,Training_Hours,Projects,Promotion_Last_5Yrs,Joining_Date,Attrition,City,Employment_Type,Manager_Rating,Sick_Leaves,Attrition_Flag,Salary_Thousands
1,40.0,Male,Sales,Sales Manager,3,Master,94113.0,5,6.0,Yes,46,No,70,5,No,2011-12-21,No,Rawalpindi,Contract,5,6,0,94.113
2,39.0,Female,Sales,Sales Manager,2,Master,54224.0,4,9.0,No,36,No,33,3,Yes,2015-09-20,No,Islamabad,Full-Time,4,4,0,54.224
3,49.0,Male,Finance,Financial Analyst,25,Master,166749.0,2,6.0,No,48,Yes,75,12,No,2014-12-10,No,Islamabad,Full-Time,8,2,0,166.749
4,54.0,Female,Marketing,Marketing Specialist,26,Bachelor,196590.0,5,4.0,Yes,51,Yes,64,12,No,2022-08-23,Yes,Rawalpindi,Contract,4,5,1,196.59
5,41.0,Female,IT,Data Analyst,18,PhD,231764.0,3,8.0,Yes,40,Yes,15,12,No,2021-09-29,No,Rawalpindi,Contract,10,8,0,231.764
6,40.0,Male,IT,Data Analyst,0,Master,45627.0,4,8.0,No,47,No,51,3,Yes,2024-12-23,No,Karachi,Full-Time,7,12,0,45.627
7,22.0,Male,HR,HR Executive,0,Bachelor,68148.0,2,3.0,Yes,55,Yes,60,1,No,2012-11-24,Yes,Peshawar,Full-Time,7,6,1,68.148
8,52.0,Female,Sales,Sales Executive,1,Bachelor,64208.0,4,4.0,Yes,50,No,79,3,No,2017-12-03,No,Lahore,Full-Time,7,7,0,64.208
9,43.0,Male,HR,Sales Executive,3,PhD,119197.5,5,9.0,No,52,Yes,67,6,No,2012-01-16,No,Peshawar,Contract,8,12,0,119.1975
10,55.0,Male,HR,HR Executive,27,PhD,119197.5,4,7.0,No,50,No,60,14,No,2014-11-15,No,Islamabad,Full-Time,4,0,0,119.1975
11,44.0,Female,HR,Recruiter,7,PhD,139459.0,2,10.0,No,47,No,65,9,No,2019-03-05,No,Lahore,Contract,6,5,0,139.459
12,27.0,Female,HR,Recruiter,1,Bachelor,59849.0,1,10.0,No,48,No,35,2,No,2011-12-29,No,Karachi,Full-Time,10,6,0,59.849
13,40.0,Female,IT,Software Engineer,11,PhD,215991.0,1,6.0,Yes,48,Yes,20,8,No,2014-07-30,No,Lahore,Full-Time,6,7,0,215.991
14,44.0,Male,Finance,Financial Analyst,17,Master,242589.0,4,7.0,Yes,49,Yes,18,8,Yes,2021-05-05,No,Lahore,Full-Time,10,1,0,242.589
15,35.0,Female,HR,HR Executive,2,PhD,64968.0,4,3.0,Yes,38,No,47,3,Yes,2019-10-08,Yes,Islamabad,Contract,9,4,1,64.968
16,37.0,Female,Sales,Sales Executive,10,Master,105585.0,3,7.0,No,48,Yes,24,8,No,2014-11-25,No,Faisalabad,Full-Time,9,13,0,105.585
17,48.0,Female,HR,Recruiter,14,PhD,153901.0,2,6.0,Yes,35,Yes,48,15,No,2020-06-07,No,Karachi,Contract,10,10,0,153.901
18,25.0,Female,HR,Recruiter,0,PhD,69573.0,1,8.0,No,51,No,56,3,No,2023-09-26,No,Peshawar,Full-Time,9,9,0,69.573
19,39.0,Male,Finance,Accountant,12,Master,221358.0,3,6.0,No,55,Yes,43,15,No,2011-09-10,No,Peshawar,Full-Time,10,2,0,221.358
20,46.0,Male,Marketing,SEO Executive,16,PhD,162166.0,5,4.0,Yes,55,Yes,8,12,No,2023-09-07,No,Islamabad,Full-Time,6,8,0,162.166
21,25.0,Female,Sales,Sales Executive,2,PhD,44057.0,1,8.0,Yes,44,No,48,1,No,2022-01-25,No,Faisalabad,Contract,7,7,0,44.057
22,44.0,Female,Marketing,Marketing Specialist,9,PhD,146815.0,5,5.0,Yes,42,No,71,9,No,2016-09-12,No,Peshawar,Full-Time,9,6,0,146.815
23,49.0,Female,IT,Software Engineer,2,Bachelor,69114.0,4,7.0,Yes,49,No,72,1,No,2013-12-04,No,Karachi,Contract,5,12,0,69.114
24,49.0,Female,Finance,Financial Analyst,22,Master,171344.0,5,7.0,No,50,Yes,70,10,No,2025-12-14,No,Peshawar,Contract,5,3,0,171.344
25,32.0,Female,Sales,Sales Executive,1,PhD,43960.0,5,5.0,Yes,36,Yes,52,2,No,2016-08-23,No,Rawalpindi,Full-Time,6,9,0,43.96
26,23.0,Male,Finance,Financial Analyst,0,PhD,69302.0,3,6.0,No,40,Yes,20,2,No,2012-12-26,No,Rawalpindi,Full-Time,5,11,0,69.302
27,52.0,Female,HR,Data Analyst,28,Master,244376.0,2,8.0,No,55,No,62,10,No,2013-01-16,No,Rawalpindi,Contract,8,4,0,244.376
28,48.0,Female,IT,DevOps Engineer,7,Master,143938.0,3,7.0,Yes,37,Yes,78,9,No,2024-04-22,No,Islamabad,Full-Time,9,9,0,143.938
29,57.0,Male,IT,DevOps Engineer,12,PhD,224743.0,4,4.0,Yes,35,Yes,7,11,Yes,2020-08-25,No,Faisalabad,Full-Time,8,8,0,224.743
30,27.0,Female,Marketing,SEO Executive,3,PhD,98245.0,3,9.0,No,40,Yes,72,3,No,2023-09-14,No,Karachi,Contract,7,10,0,98.245
31,29.0,Male,Finance,Accountant,8,Bachelor,352095.375,1,7.0,No,44,Yes,12,8,No,2022-07-17,No,Islamabad,Full-Time,5,10,0,352.095375
32,25.0,Female,IT,DevOps Engineer,3,Bachelor,83527.0,3,6.0,Yes,38,Yes,35,5,No,2019-08-21,No,Islamabad,Full-Time,7,7,0,83.527
33,29.0,Female,Marketing,SEO Executive,0,Master,42144.0,1,4.0,Yes,55,Yes,39,2,No,2026-03-11,No,Rawalpindi,Contract,7,3,0,42.144
34,58.0,Female,HR,Recruiter,28,Bachelor,168660.0,5,9.0,No,42,No,10,13,No,2017-04-09,No,Peshawar,Full-Time,5,0,0,168.66
35,25.0,Female,HR,HR Executive,2,PhD,51515.0,2,8.0,No,51,Yes,25,3,No,2019-11-16,No,Islamabad,Contract,8,2,0,51.515
36,29.0,Male,IT,Data Analyst,8,Master,140006.0,3,8.0,No,45,No,39,10,No,2024-01-14,No,Rawalpindi,Full-Time,9,7,0,140.006
37,51.0,Female,Finance,Accountant,0,PhD,59948.0,1,6.0,No,40,No,55,2,No,2020-11-14,No,Lahore,Full-Time,4,2,0,59.948
38,50.0,Male,Marketing,Marketing Specialist,11,Master,200692.0,1,7.0,No,49,Yes,61,10,No,2024-07-09,No,Faisalabad,Contract,4,0,0,200.692
39,44.0,Male,IT,Data Analyst,2,PhD,66490.0,2,10.0,No,50,Yes,40,3,No,2020-04-03,No,Peshawar,Contract,5,15,0,66.49
40,34.0,Female,HR,HR Executive,1,Master,45586.0,2,8.0,Yes,53,Yes,80,3,No,2022-03-01,No,Faisalabad,Contract,9,4,0,45.586
41,38.0,Male,IT,Software Engineer,16,PhD,238864.0,5,8.0,No,43,Yes,59,8,No,2012-04-13,No,Islamabad,Full-Time,8,1,0,238.864
42,29.0,Female,Sales,Sales Manager,7,Master,147265.0,1,7.0,No,48,No,5,7,No,2015-01-05,No,Faisalabad,Full-Time,6,12,0,147.265
43,58.0,Male,Finance,Accountant,14,PhD,182765.0,2,6.0,Yes,44,Yes,8,11,No,2015-12-08,No,Rawalpindi,Full-Time,6,15,0,182.765
44,43.0,Female,IT,DevOps Engineer,7,Bachelor,122334.0,3,7.0,Yes,42,No,17,6,No,2012-10-16,No,Rawalpindi,Full-Time,8,14,0,122.334
45,25.0,Male,IT,Software Engineer,3,Master,95645.0,1,3.0,Yes,49,No,60,4,No,2015-02-01,No,Peshawar,Full-Time,10,2,0,95.645
46,25.0,Female,IT,DevOps Engineer,3,Master,77638.0,4,9.0,No,49,Yes,48,3,No,2013-02-09,No,Karachi,Contract,7,0,0,77.638
47,28.0,Male,Marketing,Marketing Specialist,0,PhD,59427.0,5,10.0,No,55,No,58,1,No,2015-10-07,No,Peshawar,Full-Time,5,15,0,59.427
48,30.0,Male,HR,HR Executive,0,Bachelor,56814.0,3,7.0,Yes,53,Yes,65,3,No,2021-02-16,No,Islamabad,Contract,6,9,0,56.814
49,45.0,Male,Finance,Financial Analyst,16,PhD,157512.0,5,4.0,Yes,52,No,49,11,Yes,2017-01-24,Yes,Peshawar,Full-Time,10,6,1,157.512
50,52.0,Female,Finance,Accountant,21,PhD,230753.0,4,4.0,Yes,40,No,10,12,Yes,2017-02-23,No,Faisalabad,Contract,6,15,0,230.753
51,51.0,Male,HR,HR Executive,7,Master,148501.0,2,5.0,Yes,40,No,6,9,No,2014-09-26,No,Peshawar,Contract,7,2,0,148.501
52,29.0,Male,IT,DevOps Engineer,4,Master,71438.0,2,5.0,Yes,44,Yes,38,3,No,2015-08-07,No,Lahore,Contract,5,5,0,71.438
53,33.0,Male,Marketing,Marketing Specialist,0,Bachelor,40687.0,2,6.0,Yes,55,No,31,3,No,2025-08-23,No,Islamabad,Full-Time,7,9,0,40.687
54,45.0,Male,HR,Recruiter,16,PhD,165531.0,2,7.0,Yes,41,No,52,10,No,2021-04-25,No,Rawalpindi,Full-Time,10,10,0,165.531
55,24.0,Male,Sales,Sales Executive,2,Bachelor,41745.0,3,10.0,No,39,Yes,15,3,No,2020-09-24,No,Islamabad,Full-Time,10,15,0,41.745
56,54.0,Female,IT,Software Engineer,32,Master,352095.375,3,10.0,No,50,No,39,13,No,2014-02-28,No,Rawalpindi,Contract,8,12,0,352.095375
57,36.0,Male,IT,Software Engineer,14,Bachelor,190107.0,4,7.0,No,40,No,75,14,Yes,2022-07-13,No,Rawalpindi,Full-Time,8,2,0,190.107
58,55.0,Female,Finance,Financial Analyst,14,PhD,217143.0,4,8.0,No,49,No,52,13,No,2014-01-17,No,Karachi,Contract,7,15,0,217.143
59,33.0,Female,Sales,Sales Executive,3,Master,81766.0,3,3.0,Yes,51,No,34,3,No,2017-04-15,Yes,Peshawar,Full-Time,10,3,1,81.766
60,56.0,Male,Finance,Accountant,21,Bachelor,182771.0,3,5.0,Yes,54,No,6,12,No,2026-06-09,No,Peshawar,Contract,5,9,0,182.771
61,47.0,Male,Finance,Financial Analyst,15,PhD,202101.0,2,9.0,No,41,Yes,71,11,No,2021-03-12,No,Faisalabad,Full-Time,9,14,0,202.101
62,42.0,Male,Finance,Accountant,13,PhD,207498.0,5,6.0,Yes,46,Yes,44,15,No,2019-12-13,No,Rawalpindi,Full-Time,4,0,0,207.498
63,48.0,Female,Finance,Accountant,21,Master,192739.0,5,6.0,Yes,36,Yes,47,8,Yes,2021-11-12,No,Peshawar,Contract,10,12,0,192.739
64,56.0,Female,Sales,Sales Executive,12,Master,224647.0,3,3.0,Yes,40,Yes,9,15,No,2024-03-27,Yes,Karachi,Contract,4,15,1,224.647
65,46.0,Female,HR,HR Executive,6,Bachelor,129796.0,3,4.0,Yes,35,No,57,6,No,2023-03-27,Yes,Islamabad,Full-Time,8,12,1,129.796
66,52.0,Male,HR,Recruiter,24,Bachelor,190600.0,4,8.0,No,54,Yes,69,14,Yes,2015-01-11,No,Lahore,Full-Time,5,14,0,190.6
67,50.0,Male,IT,Software Engineer,26,Master,218925.0,5,9.0,No,49,Yes,16,13,No,2012-01-28,No,Faisalabad,Full-Time,7,9,0,218.925
68,33.0,Female,Finance,Financial Analyst,3,Bachelor,85002.0,2,4.0,Yes,53,No,10,6,No,2016-04-29,Yes,Faisalabad,Contract,9,7,1,85.002
69,26.0,Male,Marketing,SEO Executive,3,Master,82082.0,1,7.0,No,45,No,26,3,No,2015-08-11,No,Faisalabad,Full-Time,8,8,0,82.082
70,51.0,Male,Marketing,Marketing Specialist,2,PhD,52489.0,4,6.0,No,41,Yes,6,2,Yes,2014-10-04,No,Peshawar,Contract,10,8,0,52.489
71,53.0,Female,Finance,Financial Analyst,4,Bachelor,119197.5,2,7.0,Yes,43,Yes,7,6,No,2025-09-27,Yes,Faisalabad,Full-Time,7,3,1,119.1975
72,47.0,Male,IT,DevOps Engineer,2,PhD,45029.0,3,8.0,Yes,41,Yes,61,2,No,2024-09-27,No,Karachi,Contract,5,1,0,45.029
73,46.0,Female,Marketing,Marketing Specialist,14,Bachelor,156378.0,2,6.0,Yes,46,Yes,16,14,No,2016-04-25,No,Faisalabad,Full-Time,5,0,0,156.378
74,43.0,Male,IT,Software Engineer,21,PhD,162661.0,2,7.0,Yes,48,No,46,10,No,2021-06-05,No,Karachi,Full-Time,4,6,0,162.661
75,49.0,Male,HR,Recruiter,7,Bachelor,121192.0,1,9.0,No,55,Yes,54,7,No,2017-07-12,No,Karachi,Contract,7,6,0,121.192
76,39.0,Female,HR,HR Executive,1,Bachelor,49880.0,4,8.0,Yes,52,No,17,3,No,2025-04-24,No,Lahore,Contract,4,10,0,49.88
77,40.0,Female,HR,Recruiter,10,Master,101156.0,5,7.0,Yes,47,Yes,34,10,Yes,2018-06-24,No,Karachi,Contract,7,0,0,101.156
78,49.0,Male,Finance,Accountant,19,Bachelor,199089.0,3,10.0,No,39,Yes,9,15,No,2015-07-27,No,Karachi,Full-Time,5,7,0,199.089
79,30.0,Female,Sales,Sales Manager,5,PhD,91235.0,1,7.0,No,45,Yes,31,5,No,2015-04-18,No,Karachi,Contract,5,1,0,91.235
80,55.0,Female,HR,Recruiter,11,Master,158469.0,1,4.0,Yes,36,Yes,21,15,No,2020-01-06,No,Peshawar,Full-Time,5,2,0,158.469
81,37.0,Male,Marketing,Marketing Specialist,13,PhD,171516.0,2,8.0,Yes,40,No,41,11,No,2015-07-15,No,Rawalpindi,Contract,7,14,0,171.516
82,52.0,Male,HR,Recruiter,23,Master,211697.0,4,9.0,No,54,Yes,66,15,No,2020-05-12,No,Rawalpindi,Full-Time,8,0,0,211.697
83,60.0,Male,IT,Data Analyst,35,PhD,199866.0,3,7.0,No,44,No,14,15,No,2025-01-23,No,Lahore,Contract,7,10,0,199.866
84,31.0,Male,Sales,Sales Executive,0,Bachelor,56103.0,4,9.0,No,46,No,44,2,Yes,2017-08-02,No,Faisalabad,Contract,7,2,0,56.103
85,58.0,Male,IT,Data Analyst,12,Master,216795.0,3,9.0,No,36,No,36,15,No,2014-11-19,No,Islamabad,Contract,9,7,0,216.795
86,23.0,Male,IT,Data Analyst,1,PhD,48332.0,5,6.0,Yes,40,Yes,16,1,Yes,2026-07-23,No,Rawalpindi,Full-Time,8,12,0,48.332
87,49.0,Male,Marketing,Marketing Specialist,26,Master,215620.0,5,4.0,Yes,48,Yes,78,14,No,2019-03-28,No,Islamabad,Contract,6,11,0,215.62
88,41.0,Male,HR,Recruiter,5,Master,72288.0,5,8.0,No,55,No,26,6,Yes,2012-12-16,No,Karachi,Full-Time,7,5,0,72.288
89,53.0,Male,HR,HR Executive,32,Bachelor,174331.0,1,8.0,Yes,40,No,57,11,No,2012-04-20,No,Rawalpindi,Full-Time,9,14,0,174.331
90,32.0,Male,Marketing,Marketing Specialist,4,Bachelor,79068.0,3,3.0,Yes,53,No,67,3,No,2013-03-28,Yes,Rawalpindi,Full-Time,4,3,1,79.068
91,59.0,Male,Finance,Accountant,6,Bachelor,124619.0,5,8.0,No,43,No,48,10,No,2021-01-02,No,Faisalabad,Full-Time,10,13,0,124.619
92,37.0,Female,Finance,Financial Analyst,12,Master,196665.0,1,10.0,No,49,Yes,8,13,No,2023-06-23,No,Faisalabad,Full-Time,4,3,0,196.665
93,45.0,Female,Finance,Accountant,19,PhD,217490.0,2,8.0,No,55,Yes,51,14,No,2017-12-05,No,Peshawar,Contract,4,1,0,217.49
94,60.0,Female,Sales,Sales Executive,25,PhD,119197.5,4,10.0,No,38,No,29,14,Yes,2012-07-19,No,Faisalabad,Full-Time,9,4,0,119.1975
95,27.0,Female,HR,Recruiter,6,PhD,111013.0,1,7.0,Yes,52,Yes,32,9,No,2017-04-26,No,Faisalabad,Contract,7,5,0,111.013
96,49.0,Male,IT,Software Engineer,5,Master,77221.0,4,4.0,Yes,38,No,16,5,Yes,2026-07-15,No,Rawalpindi,Contract,9,10,0,77.221
97,46.0,Female,Finance,Financial Analyst,25,Bachelor,165163.0,1,7.0,No,37,Yes,19,12,No,2019-07-14,No,Lahore,Contract,4,11,0,165.163
98,58.0,Male,Finance,Financial Analyst,19,Bachelor,200875.0,3,7.0,Yes,46,Yes,18,14,No,2026-02-28,No,Faisalabad,Full-Time,10,12,0,200.875
99,31.0,Female,Sales,Sales Manager,3,Master,74830.0,2,8.0,No,36,No,69,5,No,2024-07-04,No,Peshawar,Contract,9,3,0,74.83
100,35.0,Female,Marketing,SEO Executive,4,PhD,96548.0,2,8.0,Yes,41,Yes,27,5,No,2011-10-07,No,Rawalpindi,Full-Time,10,15,0,96.548
101,32.0,Male,Sales,Sales Manager,8,Master,119197.5,3,8.0,No,47,Yes,72,9,No,2022-05-28,No,Islamabad,Contract,10,9,0,119.1975
102,28.0,Male,HR,Recruiter,5,PhD,84992.0,5,7.0,No,49,No,23,4,Yes,2021-10-27,No,Karachi,Contract,5,6,0,84.992
103,58.0,Male,IT,Data Analyst,9,Master,103691.0,3,7.0,Yes,40,Yes,70,6,No,2019-08-26,No,Rawalpindi,Full-Time,7,10,0,103.691
104,47.0,Male,Sales,Sales Executive,1,Bachelor,56011.0,5,8.0,No,55,Yes,64,2,No,2015-08-06,No,Lahore,Contract,5,12,0,56.011
105,29.0,Male,Finance,Accountant,1,Bachelor,40754.0,5,9.0,No,50,Yes,80,3,No,2021-03-17,No,Rawalpindi,Full-Time,8,5,0,40.754
106,58.0,Male,Sales,Sales Manager,6,Master,126563.0,4,7.0,No,52,Yes,71,6,Yes,2013-04-08,No,Karachi,Full-Time,8,3,0,126.563
107,22.0,Female,HR,HR Executive,1,Bachelor,58844.0,2,10.0,No,52,Yes,15,1,No,2018-02-12,No,Karachi,Full-Time,4,3,0,58.844
108,56.0,Male,Finance,Financial Analyst,27,PhD,189400.0,5,8.0,No,44,Yes,78,8,No,2018-05-26,No,Karachi,Full-Time,10,15,0,189.4
109,28.0,Male,Marketing,Marketing Specialist,3,Bachelor,79820.0,2,8.0,Yes,52,No,40,4,No,2025-11-25,No,Lahore,Full-Time,8,4,0,79.82
110,26.0,Female,Marketing,SEO Executive,2,Master,53109.0,1,8.0,Yes,48,Yes,14,2,No,2024-09-24,No,Peshawar,Full-Time,6,8,0,53.109
111,58.0,Male,HR,Recruiter,26,Bachelor,199668.0,5,10.0,No,37,Yes,73,8,No,2015-07-19,No,Islamabad,Contract,5,3,0,199.668
112,27.0,Female,IT,Data Analyst,2,Master,48966.0,1,10.0,No,42,Yes,20,1,No,2019-02-07,No,Lahore,Full-Time,7,5,0,48.966
113,28.0,Female,Finance,Financial Analyst,4,PhD,99378.0,2,6.0,Yes,47,No,73,3,No,2014-04-10,No,Islamabad,Full-Time,6,12,0,99.378
114,38.0,Male,Marketing,Marketing Specialist,16,PhD,168700.0,5,8.0,Yes,43,No,36,14,No,2025-04-14,No,Lahore,Full-Time,9,13,0,168.7
115,44.0,Female,HR,Recruiter,16,Master,218235.0,3,6.0,No,37,No,45,11,No,2024-08-26,No,Islamabad,Contract,9,2,0,218.235
116,37.0,Male,IT,DevOps Engineer,5,PhD,94360.0,5,10.0,No,35,Yes,66,5,Yes,2016-01-27,No,Karachi,Full-Time,7,15,0,94.36
117,34.0,Male,Sales,Sales Executive,11,Master,182011.0,5,4.0,Yes,40,Yes,14,8,No,2021-03-06,Yes,Peshawar,Contract,7,11,1,182.011
118,46.0,Male,Sales,Sales Manager,11,Bachelor,220663.0,3,10.0,No,50,No,32,9,No,2020-09-23,No,Islamabad,Full-Time,6,0,0,220.663
119,41.0,Male,Sales,Sales Executive,14,PhD,196628.0,5,8.0,No,45,No,18,8,Yes,2013-11-20,No,Rawalpindi,Full-Time,7,0,0,196.628
120,22.0,Male,Sales,Sales Manager,1,Master,57337.0,2,7.0,No,38,Yes,24,3,No,2023-01-12,No,Lahore,Full-Time,7,8,0,57.337
121,45.0,Female,Sales,Sales Manager,11,Master,164246.0,4,7.0,No,39,No,5,15,Yes,2019-09-08,No,Lahore,Contract,5,11,0,164.246
122,24.0,Male,HR,Recruiter,3,Master,99523.0,2,9.0,No,41,No,20,3,No,2023-04-11,No,Peshawar,Contract,9,13,0,99.523
123,30.0,Female,HR,SEO Executive,6,PhD,108612.0,1,8.0,Yes,35,Yes,49,6,No,2019-07-20,No,Peshawar,Contract,10,0,0,108.612
124,43.0,Female,HR,HR Executive,19,PhD,212939.0,3,7.0,No,37,Yes,24,12,No,2011-08-09,No,Karachi,Contract,7,5,0,212.939
125,38.0,Male,Finance,Accountant,13,Bachelor,241900.0,2,6.0,Yes,53,Yes,20,10,No,2016-06-16,No,Rawalpindi,Full-Time,10,4,0,241.9
126,34.0,Male,IT,Data Analyst,6,Bachelor,105959.0,4,9.0,No,51,Yes,33,6,No,2011-11-20,No,Faisalabad,Full-Time,7,10,0,105.959
127,49.0,Male,IT,DevOps Engineer,9,Bachelor,118386.0,4,3.0,Yes,45,Yes,10,8,No,2025-07-13,Yes,Islamabad,Contract,5,0,1,118.386
128,39.0,Male,Finance,Financial Analyst,13,Bachelor,197655.0,3,8.0,Yes,38,Yes,47,13,No,2024-10-10,No,Islamabad,Contract,4,11,0,197.655
129,37.0,Female,Finance,Financial Analyst,6,PhD,106970.0,5,3.0,Yes,36,Yes,62,7,No,2024-01-26,Yes,Rawalpindi,Full-Time,4,3,1,106.97
130,56.0,Male,Sales,Sales Executive,2,Bachelor,58038.0,3,9.0,No,52,No,62,3,No,2016-03-16,No,Lahore,Contract,10,3,0,58.038
131,48.0,Male,IT,Data Analyst,5,PhD,79491.0,5,7.0,No,41,No,73,3,No,2012-06-18,No,Islamabad,Full-Time,4,2,0,79.491
132,57.0,Female,Marketing,SEO Executive,25,PhD,174125.0,2,5.0,Yes,41,No,69,8,No,2024-10-06,No,Islamabad,Full-Time,8,8,0,174.125
133,39.0,Male,HR,Recruiter,5,Bachelor,79563.0,2,10.0,No,39,Yes,36,3,No,2025-10-19,No,Karachi,Full-Time,6,6,0,79.563
134,44.0,Female,IT,Software Engineer,10,Bachelor,147322.0,4,7.0,No,44,Yes,6,7,No,2012-11-17,No,Peshawar,Contract,8,11,0,147.322
135,23.0,Male,HR,Recruiter,2,PhD,61424.0,5,7.0,No,41,Yes,46,2,No,2018-11-19,No,Peshawar,Contract,8,8,0,61.424
136,36.0,Female,HR,Recruiter,11,Bachelor,215006.0,4,3.0,Yes,40,No,28,10,No,2012-08-19,Yes,Rawalpindi,Full-Time,5,9,1,215.006
137,40.0,Male,HR,Recruiter,4,Bachelor,78036.0,4,6.0,Yes,51,Yes,17,6,Yes,2023-01-02,No,Karachi,Contract,4,12,0,78.036
138,24.0,Male,IT,Software Engineer,1,Bachelor,60558.0,1,4.0,Yes,35,No,15,3,No,2023-01-31,Yes,Islamabad,Full-Time,10,6,1,60.558
139,32.0,Female,Marketing,SEO Executive,5,Master,71830.0,5,3.0,Yes,35,Yes,74,5,No,2013-07-09,Yes,Lahore,Full-Time,4,9,1,71.83
140,23.0,Male,IT,Software Engineer,1,Master,61474.0,2,4.0,Yes,47,No,26,2,No,2018-09-22,Yes,Lahore,Contract,9,3,1,61.474
141,26.0,Female,Finance,Financial Analyst,0,Master,59808.0,2,8.0,No,51,Yes,59,1,No,2019-11-04,No,Karachi,Full-Time,7,4,0,59.808
142,44.0,Male,Marketing,SEO Executive,8,Master,117393.0,1,6.0,Yes,39,No,23,6,No,2015-07-28,No,Peshawar,Contract,10,12,0,117.393
143,29.0,Female,Sales,Sales Executive,4,Bachelor,74179.0,4,10.0,No,45,No,66,4,No,2024-09-06,No,Karachi,Contract,6,13,0,74.179
144,46.0,Female,HR,HR Executive,17,Master,219792.0,4,8.0,No,53,Yes,16,11,Yes,2017-12-10,No,Faisalabad,Contract,4,7,0,219.792
145,45.0,Female,HR,HR Executive,4,Bachelor,81824.0,3,6.0,No,39,Yes,31,4,No,2014-10-09,No,Karachi,Contract,7,7,0,81.824
146,31.0,Female,HR,HR Executive,0,PhD,41772.0,1,4.0,Yes,53,No,25,3,No,2019-09-07,Yes,Rawalpindi,Contract,9,0,1,41.772
147,37.0,Male,HR,HR Executive,0,PhD,65081.0,4,9.0,No,39,No,57,1,Yes,2022-07-18,No,Rawalpindi,Full-Time,9,10,0,65.081
148,31.0,Male,Finance,Accountant,10,Bachelor,132983.0,1,7.0,No,48,No,78,7,No,2014-08-12,No,Faisalabad,Full-Time,7,9,0,132.983
149,39.0,Male,Sales,Sales Executive,16,Master,202481.0,2,8.0,Yes,40,No,66,8,No,2016-04-08,No,Lahore,Full-Time,7,10,0,202.481
150,32.0,Male,Sales,Sales Manager,5,PhD,78844.0,1,7.0,No,46,Yes,35,3,No,2026-07-10,No,Rawalpindi,Full-Time,4,9,0,78.844
151,26.0,Male,Marketing,Marketing Specialist,4,Bachelor,88077.0,1,3.0,Yes,43,Yes,77,4,No,2021-05-05,Yes,Islamabad,Full-Time,5,15,1,88.077
152,41.0,Male,Finance,Accountant,11,Master,191218.0,3,10.0,No,38,No,69,14,No,2018-03-02,No,Rawalpindi,Full-Time,5,3,0,191.218
153,59.0,Female,HR,HR Executive,30,PhD,171131.0,4,8.0,Yes,55,Yes,32,10,Yes,2019-05-11,No,Karachi,Contract,4,4,0,171.131
154,50.0,Male,Marketing,SEO Executive,10,Master,102622.0,2,3.0,Yes,54,Yes,77,9,No,2013-05-29,Yes,Islamabad,Contract,5,15,1,102.622
155,57.0,Male,HR,Recruiter,31,Bachelor,172245.0,2,7.0,No,43,No,16,12,No,2014-12-19,No,Rawalpindi,Contract,4,2,0,172.245
156,52.0,Female,Sales,Sales Manager,28,PhD,224545.0,1,8.0,No,44,No,21,15,No,2016-08-31,No,Lahore,Full-Time,6,14,0,224.545
157,45.0,Male,Marketing,SEO Executive,21,Master,184449.0,5,5.0,Yes,36,Yes,24,8,No,2020-06-02,No,Faisalabad,Contract,9,3,0,184.449
158,26.0,Male,HR,Recruiter,3,Master,81433.0,4,6.0,No,52,Yes,15,6,No,2015-01-17,No,Peshawar,Full-Time,9,5,0,81.433
159,47.0,Female,Sales,Sales Executive,2,Master,46967.0,4,9.0,No,43,Yes,74,3,Yes,2014-11-24,No,Islamabad,Contract,4,4,0,46.967
160,58.0,Male,HR,Recruiter,24,Bachelor,212050.0,1,6.0,No,35,No,37,11,No,2012-08-28,No,Islamabad,Contract,5,5,0,212.05
161,39.0,Female,HR,HR Executive,2,Master,68550.0,5,5.0,Yes,43,Yes,16,2,No,2021-01-22,No,Peshawar,Contract,5,13,0,68.55
162,44.0,Female,HR,HR Executive,15,Master,241316.0,3,6.0,No,53,Yes,76,14,No,2015-01-11,No,Faisalabad,Full-Time,9,6,0,241.316
163,42.0,Female,Marketing,Marketing Specialist,0,Bachelor,56365.0,1,9.0,No,48,Yes,62,2,No,2025-03-05,No,Rawalpindi,Full-Time,10,4,0,56.365
164,24.0,Male,Marketing,Marketing Specialist,1,Master,59691.0,2,3.0,Yes,41,Yes,52,2,No,2024-06-27,Yes,Peshawar,Full-Time,6,11,1,59.691
165,53.0,Female,Finance,Accountant,26,Master,221102.0,5,5.0,Yes,45,Yes,63,14,Yes,2012-08-28,No,Islamabad,Contract,10,13,0,221.102
166,56.0,Female,Marketing,Marketing Specialist,24,Master,233113.0,5,7.0,Yes,38,Yes,16,12,No,2015-03-02,No,Peshawar,Contract,10,0,0,233.113
167,56.0,Male,IT,Data Analyst,28,PhD,237518.0,4,9.0,No,42,No,19,12,Yes,2021-08-18,No,Faisalabad,Full-Time,5,6,0,237.518
168,48.0,Female,Finance,Financial Analyst,0,Master,48769.0,3,3.0,Yes,48,Yes,58,3,No,2014-10-22,Yes,Lahore,Contract,6,1,1,48.769
169,55.0,Female,HR,Recruiter,21,Bachelor,181697.0,2,7.0,No,55,Yes,78,14,No,2013-07-30,No,Faisalabad,Contract,8,13,0,181.697
170,47.0,Female,Sales,Sales Executive,16,Bachelor,163051.0,5,8.0,No,55,No,75,10,Yes,2025-08-17,No,Rawalpindi,Full-Time,4,5,0,163.051
171,23.0,Female,IT,Software Engineer,0,PhD,40911.0,5,8.0,No,53,Yes,21,3,Yes,2020-02-28,No,Faisalabad,Full-Time,4,14,0,40.911
172,41.0,Male,HR,HR Executive,17,Bachelor,184141.0,3,7.0,Yes,39,Yes,19,8,No,2018-09-07,No,Peshawar,Contract,4,14,0,184.141
173,31.0,Female,IT,Software Engineer,4,Bachelor,119197.5,2,9.0,No,38,Yes,57,5,No,2023-05-13,No,Karachi,Full-Time,7,2,0,119.1975
174,48.0,Female,IT,Software Engineer,10,PhD,111783.0,1,6.0,Yes,53,Yes,48,8,No,2023-09-16,No,Karachi,Full-Time,5,11,0,111.783
175,32.0,Female,Marketing,Marketing Specialist,1,Bachelor,57562.0,5,3.0,Yes,39,No,19,1,No,2014-06-14,Yes,Faisalabad,Full-Time,8,6,1,57.562
176,30.0,Female,HR,HR Executive,4,Master,81421.0,4,7.0,No,50,No,29,5,Yes,2013-01-18,No,Lahore,Full-Time,9,8,0,81.421
177,28.0,Female,HR,Financial Analyst,2,Bachelor,54203.0,4,7.0,No,43,Yes,54,2,No,2018-01-22,No,Peshawar,Contract,8,13,0,54.203
178,50.0,Male,Finance,Accountant,28,Bachelor,226922.0,3,7.0,No,55,No,8,14,No,2017-12-12,No,Faisalabad,Contract,8,3,0,226.922
179,33.0,Female,Finance,Financial Analyst,3,Bachelor,82188.0,3,9.0,No,35,Yes,47,4,No,2018-08-07,No,Lahore,Contract,4,6,0,82.188
180,36.0,Male,Marketing,SEO Executive,12,Master,219109.0,1,5.0,Yes,43,No,60,11,No,2022-07-13,No,Faisalabad,Full-Time,8,10,0,219.109
181,25.0,Female,HR,HR Executive,3,Bachelor,73907.0,4,8.0,No,54,No,35,3,Yes,2021-09-11,No,Islamabad,Contract,5,0,0,73.907
182,51.0,Female,Marketing,Marketing Specialist,4,Master,81055.0,1,8.0,No,38,No,40,3,No,2026-05-11,No,Karachi,Full-Time,7,10,0,81.055
183,57.0,Female,Sales,Sales Executive,31,PhD,189117.0,4,4.0,Yes,55,No,18,15,Yes,2013-01-26,Yes,Karachi,Contract,10,0,1,189.117
184,42.0,Female,HR,HR Executive,7,Bachelor,147455.0,5,8.0,No,36,Yes,19,8,Yes,2017-08-19,No,Karachi,Full-Time,4,1,0,147.455
185,46.0,Female,Finance,Financial Analyst,22,Bachelor,165715.0,3,10.0,No,39,No,20,10,No,2016-09-07,No,Lahore,Contract,10,7,0,165.715
186,39.0,Female,Sales,Sales Manager,15,Bachelor,188828.0,3,3.0,Yes,42,Yes,14,9,No,2024-07-09,Yes,Karachi,Contract,8,15,1,188.828
187,35.0,Female,IT,DevOps Engineer,13,Master,163701.0,2,10.0,No,53,No,63,13,No,2015-04-29,No,Lahore,Contract,10,4,0,163.701
188,36.0,Female,IT,Software Engineer,12,Master,202455.0,1,4.0,Yes,48,No,78,11,No,2014-06-13,Yes,Faisalabad,Full-Time,6,3,1,202.455
189,29.0,Male,IT,DevOps Engineer,0,Master,40936.0,5,8.0,No,46,Yes,75,2,No,2018-04-28,No,Lahore,Contract,7,2,0,40.936
190,47.0,Female,HR,HR Executive,16,Master,185728.0,1,7.0,No,55,No,29,13,No,2017-12-03,No,Karachi,Contract,4,9,0,185.728
191,60.0,Female,Sales,Sales Executive,33,PhD,164311.0,2,4.0,Yes,42,Yes,9,8,No,2015-10-10,Yes,Rawalpindi,Contract,4,8,1,164.311
192,39.0,Male,Marketing,Marketing Specialist,12,Master,178821.0,4,8.0,Yes,40,No,41,12,Yes,2015-05-05,No,Rawalpindi,Full-Time,5,9,0,178.821
193,54.0,Female,IT,Software Engineer,19,PhD,191302.0,2,9.0,No,45,Yes,6,9,No,2025-06-11,No,Lahore,Full-Time,5,15,0,191.302
194,33.0,Female,Finance,Accountant,1,Bachelor,59464.0,4,6.0,No,35,Yes,65,2,Yes,2018-03-29,No,Peshawar,Full-Time,8,3,0,59.464
195,36.0,Male,Marketing,SEO Executive,4,Bachelor,96341.0,4,9.0,No,46,No,37,5,Yes,2024-07-07,No,Karachi,Contract,7,11,0,96.341
196,43.0,Female,Finance,Financial Analyst,3,Master,74846.0,2,10.0,No,39,No,8,6,No,2019-11-07,No,Peshawar,Full-Time,9,7,0,74.846
197,35.0,Male,Sales,Sales Manager,3,Master,78975.0,5,7.0,No,43,No,55,6,No,2012-05-09,No,Peshawar,Full-Time,5,13,0,78.975
198,59.0,Female,HR,HR Executive,7,Master,118901.0,1,10.0,No,39,Yes,71,6,No,2026-08-02,No,Rawalpindi,Contract,7,9,0,118.901
199,41.0,Female,Marketing,Marketing Specialist,9,Bachelor,129744.0,2,3.0,Yes,53,Yes,67,6,No,2024-02-19,Yes,Islamabad,Full-Time,6,9,1,129.744
200,25.0,Female,Finance,Accountant,1,Master,42818.0,3,6.0,No,41,Yes,42,3,No,2026-02-17,No,Islamabad,Full-Time,5,7,0,42.818
201,37.0,Female,Sales,Sales Manager,13,Master,189586.0,2,7.0,No,48,Yes,30,12,No,2025-06-28,No,Karachi,Contract,8,8,0,189.586
202,41.0,Female,Sales,Sales Executive,2,Master,57885.0,4,8.0,Yes,48,Yes,72,1,No,2024-04-29,No,Faisalabad,Contract,10,14,0,57.885
203,51.0,Female,Marketing,SEO Executive,13,Master,210461.0,5,7.0,Yes,48,Yes,43,8,No,2014-02-02,No,Rawalpindi,Contract,4,7,0,210.461
204,25.0,Female,HR,Recruiter,1,Master,55165.0,4,5.0,Yes,36,Yes,39,3,Yes,2018-11-17,No,Peshawar,Full-Time,10,3,0,55.165
205,43.0,Male,Finance,Financial Analyst,3,PhD,92989.0,5,8.0,No,52,Yes,33,4,No,2014-10-20,No,Faisalabad,Full-Time,5,4,0,92.989
206,34.0,Male,IT,Data Analyst,1,Bachelor,57033.0,2,9.0,No,38,Yes,69,1,No,2017-08-11,No,Lahore,Full-Time,5,14,0,57.033
207,41.0,Female,HR,Software Engineer,15,Bachelor,230315.0,5,8.0,Yes,48,Yes,28,15,Yes,2012-06-22,No,Lahore,Contract,4,4,0,230.315
208,52.0,Female,HR,HR Executive,18,Master,227170.0,3,9.0,No,43,No,18,15,No,2017-04-12,No,Peshawar,Full-Time,9,14,0,227.17
209,23.0,Female,Sales,Sales Executive,1,Bachelor,40361.0,3,9.0,No,55,Yes,50,3,No,2026-05-17,No,Faisalabad,Contract,4,4,0,40.361
210,22.0,Male,HR,Sales Manager,1,PhD,51430.0,5,8.0,Yes,51,Yes,24,3,No,2015-07-29,No,Faisalabad,Full-Time,7,11,0,51.43
211,39.0,Female,Sales,Sales Executive,12,Bachelor,199351.0,5,10.0,No,40,Yes,46,15,No,2023-05-10,No,Peshawar,Contract,9,11,0,199.351
212,23.0,Male,IT,Software Engineer,0,Bachelor,56365.0,4,7.0,Yes,42,Yes,27,3,Yes,2018-06-02,No,Peshawar,Full-Time,6,12,0,56.365
213,38.0,Male,IT,DevOps Engineer,1,PhD,65013.0,5,6.0,Yes,35,No,18,2,Yes,2017-12-09,No,Karachi,Contract,9,14,0,65.013
214,34.0,Female,Marketing,Marketing Specialist,7,Master,114778.0,2,8.0,Yes,51,Yes,79,7,No,2025-12-15,No,Peshawar,Contract,7,0,0,114.778
215,24.0,Male,IT,Software Engineer,0,Master,51164.0,5,5.0,Yes,41,No,69,1,Yes,2026-07-11,No,Rawalpindi,Full-Time,7,11,0,51.164
216,49.0,Female,IT,Data Analyst,27,Bachelor,166671.0,1,3.0,Yes,50,Yes,74,12,No,2019-12-07,Yes,Faisalabad,Full-Time,4,10,1,166.671
217,46.0,Female,Finance,Financial Analyst,2,Bachelor,57511.0,2,10.0,No,51,No,12,3,No,2022-05-16,No,Islamabad,Full-Time,10,3,0,57.511
218,23.0,Male,Sales,Sales Manager,1,Master,50962.0,2,6.0,No,52,Yes,35,1,No,2013-12-01,No,Islamabad,Full-Time,5,15,0,50.962
219,44.0,Male,Marketing,Marketing Specialist,13,PhD,222276.0,2,8.0,Yes,36,Yes,68,15,No,2016-01-17,No,Peshawar,Full-Time,6,7,0,222.276
220,52.0,Female,Finance,Financial Analyst,14,Bachelor,175712.0,1,6.0,Yes,50,No,53,14,No,2026-02-15,No,Karachi,Full-Time,8,4,0,175.712
221,29.0,Female,Sales,Sales Executive,1,PhD,46345.0,4,4.0,Yes,42,Yes,80,2,No,2020-04-13,No,Islamabad,Contract,4,0,0,46.345
222,22.0,Male,Marketing,Marketing Specialist,0,Bachelor,54370.0,3,10.0,No,45,Yes,42,1,No,2019-09-23,No,Karachi,Full-Time,4,4,0,54.37
223,29.0,Male,Sales,Sales Manager,1,Master,56217.0,3,7.0,No,42,No,51,3,No,2022-10-25,No,Faisalabad,Full-Time,10,9,0,56.217
224,42.0,Male,Marketing,SEO Executive,1,Master,49167.0,2,3.0,Yes,51,No,75,1,No,2012-06-14,Yes,Rawalpindi,Contract,5,6,1,49.167
225,37.0,Female,HR,HR Executive,14,Bachelor,154424.0,3,10.0,No,47,Yes,12,12,No,2020-05-10,No,Karachi,Contract,8,8,0,154.424
226,23.0,Female,Sales,Sales Manager,1,Master,46741.0,2,3.0,Yes,48,No,9,2,No,2019-02-20,No,Karachi,Full-Time,9,11,0,46.741
227,59.0,Male,Finance,Financial Analyst,1,Master,68368.0,1,9.0,No,38,No,73,2,No,2024-05-21,No,Peshawar,Contract,10,14,0,68.368
228,32.0,Female,Marketing,SEO Executive,7,PhD,100995.0,3,6.0,No,42,No,78,8,No,2013-12-15,No,Lahore,Full-Time,4,12,0,100.995
229,45.0,Female,Marketing,SEO Executive,21,Master,166293.0,5,6.0,No,45,Yes,61,12,No,2026-01-03,No,Peshawar,Full-Time,9,14,0,166.293
230,24.0,Female,IT,Data Analyst,3,PhD,83389.0,5,8.0,No,43,Yes,61,3,No,2012-10-17,No,Faisalabad,Full-Time,4,5,0,83.389
231,30.0,Male,Finance,Financial Analyst,2,Bachelor,47624.0,1,6.0,No,51,No,10,1,No,2014-05-20,No,Faisalabad,Full-Time,5,7,0,47.624
232,23.0,Female,Finance,Financial Analyst,2,PhD,51459.0,1,5.0,Yes,49,Yes,35,1,No,2020-07-09,No,Karachi,Full-Time,8,6,0,51.459
233,48.0,Male,Marketing,SEO Executive,20,Master,153236.0,5,8.0,No,46,No,52,13,Yes,2021-09-21,No,Islamabad,Full-Time,10,15,0,153.236
234,24.0,Female,HR,Recruiter,1,PhD,59956.0,3,7.0,No,51,Yes,53,1,No,2015-02-14,No,Karachi,Full-Time,8,1,0,59.956
235,26.0,Male,Sales,Sales Executive,4,PhD,87660.0,5,7.0,No,36,No,45,3,No,2013-05-23,No,Faisalabad,Contract,10,8,0,87.66
236,37.0,Female,HR,Recruiter,7,Master,145421.0,4,8.0,No,48,Yes,50,7,No,2024-12-12,No,Islamabad,Full-Time,9,2,0,145.421
237,50.0,Female,Marketing,Marketing Specialist,7,PhD,126713.0,2,6.0,No,43,No,45,10,No,2015-04-16,No,Lahore,Full-Time,8,3,0,126.713
238,54.0,Male,Sales,Sales Manager,31,PhD,209515.0,2,6.0,No,48,No,17,8,No,2020-07-06,No,Lahore,Full-Time,4,4,0,209.515
239,32.0,Male,Sales,Sales Executive,2,PhD,69630.0,3,5.0,Yes,47,No,20,2,No,2020-11-19,No,Faisalabad,Contract,5,10,0,69.63
240,24.0,Male,Marketing,Marketing Specialist,2,Master,64271.0,3,4.0,Yes,50,Yes,80,2,No,2017-11-18,Yes,Rawalpindi,Contract,10,2,1,64.271
241,51.0,Female,Marketing,SEO Executive,10,Master,106350.0,3,6.0,Yes,45,No,41,7,No,2020-05-07,No,Lahore,Contract,7,10,0,106.35
242,31.0,Male,Finance,Accountant,3,Master,88846.0,1,6.0,Yes,44,Yes,41,5,No,2019-06-09,No,Faisalabad,Contract,6,8,0,88.846
243,32.0,Female,Sales,Sales Executive,4,PhD,91837.0,2,3.0,Yes,41,Yes,10,5,No,2025-08-13,Yes,Karachi,Full-Time,4,6,1,91.837
244,35.0,Female,IT,Data Analyst,9,Master,134137.0,4,5.0,Yes,38,No,60,7,Yes,2014-08-29,No,Peshawar,Contract,6,15,0,134.137
245,29.0,Female,HR,Recruiter,1,PhD,50718.0,5,9.0,No,43,Yes,45,1,Yes,2022-05-04,No,Lahore,Full-Time,6,1,0,50.718
246,34.0,Male,Marketing,SEO Executive,10,PhD,108970.0,4,6.0,Yes,42,No,65,10,Yes,2015-03-05,No,Karachi,Full-Time,10,4,0,108.97
247,30.0,Male,Sales,Sales Manager,1,PhD,40104.0,1,8.0,Yes,52,Yes,9,2,No,2017-07-13,No,Peshawar,Full-Time,7,13,0,40.104
248,59.0,Male,Finance,Financial Analyst,22,Master,189334.0,3,8.0,No,50,No,50,11,No,2021-09-02,No,Faisalabad,Full-Time,9,15,0,189.334
249,29.0,Female,IT,Software Engineer,6,Master,143412.0,1,7.0,No,49,Yes,49,9,No,2016-02-04,No,Islamabad,Full-Time,5,12,0,143.412
250,60.0,Female,Sales,Sales Manager,15,Bachelor,216517.0,4,9.0,No,52,No,45,11,No,2016-05-03,No,Karachi,Contract,4,13,0,216.517
251,38.0,Male,Sales,Sales Manager,8,Master,122271.0,3,8.0,Yes,48,Yes,73,6,No,2022-11-15,No,Peshawar,Full-Time,7,6,0,122.271
252,43.0,Male,IT,DevOps Engineer,19,PhD,199700.0,3,5.0,Yes,52,Yes,71,9,No,2012-09-06,No,Karachi,Full-Time,6,6,0,199.7
253,32.0,Female,Marketing,Marketing Specialist,11,Bachelor,199005.0,4,7.0,Yes,52,Yes,9,13,Yes,2018-06-20,No,Karachi,Full-Time,5,0,0,199.005
254,53.0,Male,Marketing,SEO Executive,10,Master,115073.0,1,6.0,No,38,No,21,7,No,2026-07-28,No,Islamabad,Full-Time,6,8,0,115.073
255,54.0,Female,IT,Software Engineer,1,Bachelor,43131.0,5,7.0,Yes,47,No,46,3,Yes,2026-07-15,No,Peshawar,Full-Time,10,13,0,43.131
256,51.0,Male,Finance,Financial Analyst,3,Master,82339.0,4,10.0,No,42,No,66,5,Yes,2012-09-10,No,Peshawar,Contract,4,9,0,82.339
257,53.0,Female,Sales,Sales Executive,23,PhD,209279.0,5,7.0,Yes,47,No,52,11,Yes,2014-10-16,No,Peshawar,Full-Time,4,15,0,209.279
258,31.0,Male,Finance,Financial Analyst,1,PhD,68338.0,5,3.0,Yes,37,No,65,2,No,2015-07-29,Yes,Lahore,Full-Time,5,7,1,68.338
259,43.0,Male,Sales,Sales Manager,1,Master,68554.0,3,8.0,No,41,No,45,1,No,2025-08-05,No,Peshawar,Contract,9,7,0,68.554
260,54.0,Male,Sales,Sales Manager,6,Master,124620.0,1,3.0,Yes,51,Yes,30,7,No,2024-10-22,Yes,Peshawar,Full-Time,5,14,1,124.62
261,32.0,Female,Sales,Sales Manager,2,PhD,53087.0,3,10.0,No,48,No,71,1,No,2024-10-13,No,Faisalabad,Contract,4,10,0,53.087
262,31.0,Female,Finance,Accountant,8,PhD,134038.0,3,7.0,Yes,49,No,22,10,No,2017-02-19,No,Lahore,Contract,7,5,0,134.038
263,42.0,Female,Sales,Sales Executive,5,Bachelor,70183.0,2,10.0,No,38,No,17,5,No,2013-12-17,No,Rawalpindi,Full-Time,5,1,0,70.183
264,26.0,Female,Sales,Sales Executive,5,PhD,90605.0,2,8.0,No,44,No,52,3,No,2024-02-07,No,Lahore,Contract,6,12,0,90.605
265,26.0,Male,Marketing,Marketing Specialist,0,PhD,119197.5,5,10.0,No,39,No,78,2,No,2022-02-23,No,Lahore,Contract,4,8,0,119.1975
266,22.0,Male,HR,HR Executive,0,Bachelor,44696.0,4,10.0,No,35,Yes,11,1,No,2020-10-08,No,Faisalabad,Full-Time,10,4,0,44.696
267,42.0,Female,Sales,Sales Manager,16,Bachelor,199454.0,4,8.0,No,44,Yes,32,14,Yes,2026-05-28,No,Lahore,Contract,6,5,0,199.454
268,53.0,Female,Sales,Sales Manager,7,PhD,111666.0,3,9.0,No,49,No,32,6,No,2021-05-28,No,Rawalpindi,Contract,10,6,0,111.666
269,22.0,Male,Finance,Accountant,1,Master,40183.0,3,10.0,No,38,No,69,3,No,2011-09-17,No,Faisalabad,Full-Time,6,0,0,40.183
270,39.0,Female,Finance,Accountant,12,Bachelor,185936.0,5,9.0,No,35,No,67,8,Yes,2023-11-07,No,Peshawar,Contract,10,5,0,185.936
271,23.0,Male,IT,Data Analyst,2,PhD,42713.0,1,4.0,Yes,49,No,17,2,No,2016-02-01,No,Lahore,Full-Time,4,8,0,42.713
272,43.0,Female,Marketing,Marketing Specialist,22,Bachelor,217677.0,4,8.0,Yes,36,Yes,69,8,No,2021-07-18,No,Faisalabad,Contract,7,4,0,217.677
273,50.0,Male,IT,Software Engineer,8,PhD,111335.0,3,10.0,No,52,Yes,48,6,No,2025-09-05,No,Lahore,Contract,6,14,0,111.335
274,51.0,Male,IT,DevOps Engineer,3,Bachelor,76083.0,5,6.0,Yes,35,Yes,32,5,Yes,2013-08-10,No,Lahore,Full-Time,9,11,0,76.083
275,34.0,Male,HR,Recruiter,4,Bachelor,75832.0,2,7.0,No,45,Yes,29,5,No,2013-04-29,No,Rawalpindi,Contract,8,8,0,75.832
276,38.0,Female,HR,Recruiter,8,Bachelor,137925.0,3,7.0,No,55,Yes,9,8,No,2013-03-14,No,Rawalpindi,Contract,10,12,0,137.925
277,49.0,Female,Marketing,Marketing Specialist,20,PhD,194850.0,1,6.0,No,41,Yes,64,12,No,2019-11-23,No,Islamabad,Full-Time,8,8,0,194.85
278,33.0,Female,IT,DevOps Engineer,2,Master,52198.0,4,3.0,Yes,53,No,18,3,Yes,2015-09-06,Yes,Faisalabad,Contract,9,11,1,52.198
279,43.0,Male,Sales,Sales Manager,5,Master,85297.0,1,7.0,No,54,No,56,4,No,2020-08-31,No,Islamabad,Full-Time,7,15,0,85.297
280,60.0,Female,Finance,Financial Analyst,30,PhD,155259.0,5,10.0,No,48,No,78,11,Yes,2022-05-11,No,Rawalpindi,Contract,4,12,0,155.259
281,40.0,Male,HR,HR Executive,18,Bachelor,157051.0,3,9.0,No,39,No,55,9,No,2014-08-25,No,Lahore,Contract,10,5,0,157.051
282,31.0,Male,IT,DevOps Engineer,2,Master,46048.0,2,3.0,Yes,37,Yes,76,1,No,2021-02-08,Yes,Islamabad,Full-Time,7,11,1,46.048
283,28.0,Female,HR,Recruiter,6,PhD,143806.0,4,4.0,Yes,42,No,21,9,No,2015-07-22,Yes,Lahore,Contract,9,10,1,143.806
284,60.0,Female,Finance,Financial Analyst,34,Bachelor,237802.0,2,7.0,Yes,40,No,51,8,No,2018-12-03,No,Islamabad,Contract,8,10,0,237.802
285,60.0,Female,IT,DevOps Engineer,4,PhD,86382.0,1,7.0,No,44,Yes,48,4,No,2025-03-05,No,Lahore,Full-Time,5,12,0,86.382
286,40.0,Female,Sales,Sales Executive,12,PhD,184212.0,2,8.0,Yes,47,No,15,14,No,2024-04-14,No,Karachi,Full-Time,5,11,0,184.212
287,47.0,Male,IT,DevOps Engineer,5,Master,92488.0,1,9.0,No,55,No,11,6,No,2012-12-23,No,Lahore,Contract,7,9,0,92.488
288,60.0,Female,Finance,Accountant,32,Master,220126.0,1,6.0,No,40,No,15,13,No,2017-12-12,No,Rawalpindi,Contract,10,4,0,220.126
289,34.0,Female,Finance,Financial Analyst,6,Bachelor,102611.0,4,5.0,Yes,46,No,37,6,No,2015-09-29,No,Rawalpindi,Contract,7,13,0,102.611
290,39.0,Male,IT,DevOps Engineer,9,Master,129279.0,3,4.0,Yes,36,No,9,8,No,2011-08-25,Yes,Rawalpindi,Full-Time,9,12,1,129.279
291,28.0,Male,IT,DevOps Engineer,2,PhD,69252.0,3,5.0,Yes,54,No,10,2,No,2023-02-28,No,Rawalpindi,Contract,7,2,0,69.252
292,31.0,Male,Finance,Accountant,6,PhD,122136.0,4,3.0,Yes,35,No,15,8,Yes,2021-02-24,No,Peshawar,Full-Time,7,13,0,122.136
293,54.0,Male,Finance,Financial Analyst,3,Master,77051.0,3,8.0,No,40,Yes,56,6,No,2015-07-11,No,Faisalabad,Contract,9,5,0,77.051
294,48.0,Male,Finance,Accountant,0,Master,49003.0,4,6.0,No,55,Yes,33,2,No,2022-09-18,No,Peshawar,Full-Time,8,7,0,49.003
295,40.0,Female,HR,HR Executive,18,Master,220969.0,4,9.0,No,35,No,45,14,Yes,2019-11-14,No,Peshawar,Contract,8,11,0,220.969
296,35.0,Male,Sales,Sales Manager,10,Master,102114.0,1,8.0,No,50,Yes,31,10,No,2018-01-04,No,Islamabad,Contract,9,11,0,102.114
297,50.0,Female,Finance,Financial Analyst,0,Bachelor,60455.0,5,4.0,Yes,48,No,76,2,No,2011-09-27,No,Faisalabad,Full-Time,7,15,0,60.455
298,60.0,Male,HR,Recruiter,6,Master,107250.0,3,9.0,No,40,No,50,10,No,2012-09-21,No,Lahore,Full-Time,5,6,0,107.25
299,42.0,Female,HR,SEO Executive,20,Bachelor,215838.0,2,7.0,No,47,No,41,14,No,2024-11-03,No,Peshawar,Contract,10,14,0,215.838
300,40.0,Male,HR,Recruiter,17,Master,239568.0,4,6.0,No,55,No,57,9,Yes,2025-02-25,No,Rawalpindi,Full-Time,8,6,0,239.568
301,60.0,Female,HR,HR Executive,1,Master,45454.0,4,7.0,No,37,Yes,54,3,No,2019-10-12,No,Karachi,Full-Time,9,6,0,45.454
302,33.0,Female,Finance,Accountant,11,Bachelor,188401.0,1,7.0,No,53,No,36,9,No,2024-02-11,No,Islamabad,Full-Time,5,14,0,188.401
303,54.0,Male,HR,Recruiter,21,Bachelor,244640.0,1,9.0,No,36,No,54,9,No,2020-05-01,No,Lahore,Contract,9,2,0,244.64
304,60.0,Male,Finance,Accountant,28,Master,188399.0,1,7.0,No,47,No,20,14,No,2013-10-25,No,Peshawar,Full-Time,6,3,0,188.399
305,32.0,Female,Finance,Accountant,6,PhD,115929.0,2,7.0,No,38,Yes,63,9,No,2013-07-04,No,Islamabad,Full-Time,6,15,0,115.929
306,40.0,Female,Finance,Financial Analyst,10,Master,137239.0,5,5.0,Yes,39,No,8,8,No,2016-03-20,No,Peshawar,Contract,4,7,0,137.239
307,32.0,Female,HR,Financial Analyst,7,PhD,110121.0,2,7.0,No,44,No,34,7,No,2025-01-29,No,Rawalpindi,Contract,8,0,0,110.121
308,31.0,Male,Marketing,SEO Executive,4,Master,85629.0,3,7.0,No,39,No,53,4,No,2023-07-15,No,Peshawar,Contract,9,15,0,85.629
309,33.0,Female,Marketing,SEO Executive,6,Bachelor,122437.0,3,5.0,Yes,42,No,20,7,No,2024-07-03,No,Peshawar,Full-Time,5,6,0,122.437
310,58.0,Male,Sales,Sales Manager,33,Bachelor,197652.0,4,6.0,No,38,Yes,39,8,No,2025-01-29,No,Peshawar,Full-Time,9,2,0,197.652
311,37.0,Female,Marketing,Marketing Specialist,5,PhD,77482.0,2,6.0,No,54,No,16,6,No,2014-09-30,No,Peshawar,Full-Time,4,6,0,77.482
312,25.0,Male,HR,Recruiter,1,Bachelor,55213.0,5,6.0,No,36,Yes,30,1,No,2015-05-04,No,Faisalabad,Contract,10,15,0,55.213
313,34.0,Male,IT,Data Analyst,8,PhD,119658.0,1,3.0,Yes,48,No,29,10,No,2013-02-19,Yes,Lahore,Contract,8,14,1,119.658
314,53.0,Male,Sales,Sales Manager,21,PhD,234578.0,3,8.0,Yes,52,No,40,12,No,2023-04-19,No,Rawalpindi,Contract,10,9,0,234.578
315,33.0,Female,Sales,Sales Executive,0,Master,119197.5,2,10.0,No,48,Yes,61,1,No,2024-11-09,No,Faisalabad,Contract,4,10,0,119.1975
316,28.0,Male,HR,HR Executive,3,Master,80486.0,1,4.0,Yes,44,Yes,46,6,No,2017-09-09,Yes,Faisalabad,Contract,9,5,1,80.486
317,32.0,Female,HR,HR Executive,8,Master,147609.0,2,8.0,No,50,No,23,8,No,2020-11-26,No,Peshawar,Contract,6,9,0,147.609
318,50.0,Female,Finance,Financial Analyst,13,PhD,150743.0,1,8.0,Yes,46,No,40,14,No,2013-11-29,No,Rawalpindi,Contract,7,0,0,150.743
319,38.0,Female,HR,HR Executive,11,Bachelor,200122.0,5,3.0,Yes,41,No,40,13,Yes,2025-07-17,Yes,Islamabad,Contract,8,3,1,200.122
320,40.0,Female,Finance,Financial Analyst,2,PhD,48186.0,5,5.0,Yes,47,Yes,12,2,No,2024-07-25,No,Rawalpindi,Contract,8,10,0,48.186
321,29.0,Female,Sales,Sales Manager,2,PhD,65403.0,4,7.0,Yes,39,No,78,3,Yes,2026-03-28,No,Karachi,Contract,10,6,0,65.403
322,42.0,Female,Sales,Sales Executive,17,PhD,168411.0,3,7.0,No,46,Yes,28,9,No,2023-10-04,No,Islamabad,Full-Time,10,10,0,168.411
323,45.0,Female,HR,Recruiter,6,PhD,116735.0,1,6.0,No,38,No,55,10,No,2024-10-25,No,Peshawar,Contract,5,15,0,116.735
324,54.0,Female,Marketing,Marketing Specialist,1,PhD,56522.0,5,10.0,No,44,Yes,14,2,Yes,2011-12-19,No,Rawalpindi,Full-Time,7,2,0,56.522
325,54.0,Male,Marketing,Marketing Specialist,29,PhD,248554.0,4,6.0,No,43,No,24,9,Yes,2022-08-23,No,Peshawar,Full-Time,10,10,0,248.554
326,51.0,Female,Marketing,SEO Executive,28,Bachelor,150832.0,1,7.0,No,42,No,24,14,No,2016-07-30,No,Rawalpindi,Contract,4,8,0,150.832
327,56.0,Female,Marketing,SEO Executive,12,PhD,174752.0,2,4.0,Yes,40,Yes,73,10,No,2025-07-22,No,Karachi,Full-Time,6,1,0,174.752
328,42.0,Female,Finance,Accountant,7,PhD,119852.0,4,6.0,Yes,42,No,8,7,Yes,2023-08-18,No,Lahore,Full-Time,6,4,0,119.852
329,50.0,Male,Sales,Sales Executive,12,Bachelor,202321.0,2,4.0,Yes,47,Yes,27,11,No,2024-07-22,Yes,Rawalpindi,Contract,10,3,1,202.321
330,60.0,Female,IT,Data Analyst,20,Master,161900.0,4,6.0,Yes,51,No,7,13,No,2023-10-04,No,Lahore,Full-Time,6,0,0,161.9
331,44.0,Female,Sales,Sales Executive,9,Bachelor,115031.0,4,7.0,No,35,No,10,6,Yes,2015-08-06,No,Rawalpindi,Contract,7,4,0,115.031
332,30.0,Male,Marketing,Marketing Specialist,2,PhD,42004.0,2,7.0,No,44,No,25,3,No,2023-05-29,No,Rawalpindi,Full-Time,10,13,0,42.004
333,33.0,Female,HR,HR Executive,1,Bachelor,46687.0,4,8.0,No,46,No,8,2,Yes,2013-03-20,No,Karachi,Contract,9,0,0,46.687
334,31.0,Female,Sales,Sales Executive,0,PhD,45182.0,1,6.0,Yes,42,No,13,1,No,2024-09-04,No,Rawalpindi,Full-Time,6,3,0,45.182
335,56.0,Female,Sales,Sales Manager,8,PhD,120409.0,4,9.0,No,39,No,17,9,Yes,2024-06-22,No,Peshawar,Full-Time,6,15,0,120.409
336,54.0,Male,HR,HR Executive,9,Bachelor,148705.0,4,7.0,Yes,54,Yes,33,6,No,2014-12-06,Yes,Peshawar,Full-Time,6,8,1,148.705
337,30.0,Female,Sales,Sales Manager,6,Master,137969.0,4,8.0,Yes,36,Yes,6,6,Yes,2023-11-05,No,Peshawar,Full-Time,9,4,0,137.969
338,47.0,Female,HR,HR Executive,0,PhD,68104.0,2,10.0,No,53,No,32,2,No,2018-07-02,No,Rawalpindi,Contract,9,14,0,68.104
339,29.0,Female,Finance,Financial Analyst,8,Master,116730.0,4,6.0,No,52,Yes,48,8,No,2016-03-04,No,Islamabad,Full-Time,10,8,0,116.73
340,56.0,Male,Sales,Sales Executive,6,Bachelor,107882.0,3,10.0,No,46,No,60,10,No,2023-07-11,No,Rawalpindi,Full-Time,5,2,0,107.882
341,54.0,Male,HR,Recruiter,9,PhD,113020.0,5,8.0,Yes,39,No,74,8,Yes,2015-01-03,No,Lahore,Full-Time,8,7,0,113.02
342,28.0,Male,Finance,Accountant,3,PhD,98124.0,3,9.0,No,47,No,71,4,No,2011-12-13,No,Lahore,Contract,4,13,0,98.124
343,30.0,Female,Sales,Sales Manager,0,Bachelor,46840.0,5,6.0,Yes,37,No,22,3,Yes,2014-06-29,No,Islamabad,Contract,8,4,0,46.84
344,32.0,Female,HR,Recruiter,6,PhD,122964.0,2,7.0,No,39,Yes,79,6,No,2016-07-08,No,Lahore,Full-Time,6,4,0,122.964
345,39.0,Female,Sales,Sales Executive,0,PhD,57178.0,5,7.0,No,42,No,20,1,Yes,2024-07-23,No,Karachi,Contract,7,14,0,57.178
346,24.0,Female,Finance,Financial Analyst,2,Bachelor,53956.0,2,6.0,No,50,Yes,71,3,No,2026-02-05,No,Peshawar,Contract,9,3,0,53.956
347,37.0,Female,Marketing,SEO Executive,13,Master,186726.0,3,6.0,No,51,No,37,12,No,2015-10-13,No,Karachi,Full-Time,9,11,0,186.726
348,53.0,Male,IT,Software Engineer,31,Bachelor,237245.0,1,10.0,No,50,No,10,12,No,2021-03-20,No,Faisalabad,Contract,10,3,0,237.245
349,28.0,Male,IT,DevOps Engineer,3,Master,96715.0,1,9.0,No,55,No,78,6,No,2017-08-03,No,Faisalabad,Contract,6,1,0,96.715
350,35.0,Male,Sales,Sales Executive,0,PhD,49577.0,1,7.0,No,49,No,49,2,No,2026-04-24,No,Islamabad,Full-Time,9,11,0,49.577
351,25.0,Female,Finance,Financial Analyst,3,PhD,95185.0,2,9.0,No,52,No,49,4,No,2019-08-21,No,Peshawar,Contract,8,5,0,95.185
352,44.0,Male,IT,Data Analyst,10,Master,141907.0,3,8.0,Yes,50,No,30,9,No,2025-09-07,No,Karachi,Full-Time,8,8,0,141.907
353,43.0,Female,Sales,Sales Manager,11,Bachelor,152087.0,2,7.0,No,44,Yes,55,9,No,2013-04-28,No,Lahore,Contract,8,2,0,152.087
354,60.0,Female,IT,Software Engineer,16,Bachelor,219838.0,4,5.0,Yes,47,No,77,13,Yes,2026-02-24,No,Peshawar,Contract,5,2,0,219.838
355,37.0,Male,Sales,Sales Executive,8,Bachelor,145552.0,2,4.0,Yes,49,Yes,6,7,No,2014-04-10,Yes,Rawalpindi,Full-Time,5,9,1,145.552
356,50.0,Female,HR,SEO Executive,17,PhD,204044.0,5,9.0,No,47,No,51,10,No,2026-01-12,No,Faisalabad,Full-Time,8,8,0,204.044
357,42.0,Female,Finance,Accountant,2,PhD,68178.0,2,7.0,Yes,52,Yes,69,3,No,2015-07-30,No,Lahore,Contract,10,15,0,68.178
358,60.0,Male,Finance,Accountant,22,PhD,210986.0,5,6.0,No,36,No,68,12,Yes,2013-03-21,No,Peshawar,Full-Time,10,13,0,210.986
359,50.0,Male,IT,DevOps Engineer,28,Master,158359.0,1,7.0,No,43,Yes,67,13,No,2018-02-10,No,Rawalpindi,Full-Time,9,13,0,158.359
360,50.0,Female,Sales,Sales Executive,17,PhD,193323.0,5,6.0,No,51,Yes,74,11,Yes,2022-07-10,No,Peshawar,Contract,10,10,0,193.323
361,26.0,Male,Finance,Accountant,4,Master,94004.0,2,5.0,Yes,40,Yes,68,4,No,2016-04-19,No,Peshawar,Full-Time,8,3,0,94.004
362,47.0,Female,IT,Software Engineer,25,Master,119197.5,2,9.0,No,44,Yes,60,13,No,2020-09-08,No,Karachi,Contract,4,8,0,119.1975
363,38.0,Female,IT,Software Engineer,6,Bachelor,122263.0,1,8.0,Yes,43,Yes,76,9,No,2019-04-08,No,Islamabad,Full-Time,8,1,0,122.263
364,32.0,Male,Finance,Accountant,8,Bachelor,125215.0,1,10.0,No,53,Yes,27,8,No,2017-05-16,No,Karachi,Contract,10,6,0,125.215
365,56.0,Male,Sales,Sales Executive,22,Bachelor,228606.0,5,7.0,Yes,49,Yes,61,13,Yes,2020-03-30,No,Peshawar,Full-Time,5,0,0,228.606
366,41.0,Female,Marketing,Marketing Specialist,3,Master,89336.0,1,6.0,Yes,41,No,63,4,No,2015-06-01,No,Peshawar,Full-Time,7,12,0,89.336
367,57.0,Male,IT,DevOps Engineer,21,Bachelor,181385.0,2,8.0,Yes,47,No,12,15,No,2022-03-24,No,Islamabad,Full-Time,10,15,0,181.385
368,55.0,Male,Marketing,Marketing Specialist,20,PhD,249211.0,3,9.0,No,39,Yes,42,11,No,2011-08-15,No,Faisalabad,Contract,6,13,0,249.211
369,27.0,Female,Sales,Sales Manager,0,Master,58391.0,5,7.0,No,44,No,12,2,Yes,2025-06-24,No,Karachi,Contract,7,1,0,58.391
370,42.0,Male,Finance,Accountant,17,Bachelor,200449.0,3,6.0,No,36,Yes,70,11,No,2019-09-03,No,Karachi,Contract,8,11,0,200.449
371,51.0,Male,HR,HR Executive,28,Bachelor,159563.0,4,8.0,Yes,53,Yes,53,11,Yes,2022-05-21,No,Peshawar,Contract,5,6,0,159.563
372,37.0,Female,Finance,Accountant,5,Master,97452.0,1,4.0,Yes,39,No,59,6,No,2022-09-22,No,Lahore,Contract,5,9,0,97.452
373,22.0,Female,Finance,Financial Analyst,1,Master,66762.0,3,7.0,No,35,Yes,62,2,No,2021-08-27,No,Islamabad,Full-Time,8,4,0,66.762
374,29.0,Male,IT,DevOps Engineer,2,Master,57594.0,2,8.0,No,43,No,73,2,No,2017-01-21,No,Karachi,Full-Time,9,9,0,57.594
375,28.0,Male,Marketing,SEO Executive,6,Bachelor,113158.0,5,6.0,No,50,Yes,19,7,No,2012-08-23,No,Karachi,Contract,4,7,0,113.158
376,26.0,Male,HR,HR Executive,3,PhD,94194.0,4,7.0,Yes,36,Yes,45,4,Yes,2021-07-23,No,Islamabad,Contract,8,1,0,94.194
377,38.0,Male,HR,Recruiter,11,Master,201290.0,2,5.0,Yes,51,Yes,28,14,No,2016-07-19,No,Lahore,Full-Time,6,6,0,201.29
378,50.0,Male,Sales,Sales Executive,26,Bachelor,222987.0,2,7.0,Yes,45,Yes,13,10,No,2016-04-20,No,Faisalabad,Contract,8,13,0,222.987
379,32.0,Female,Marketing,Marketing Specialist,5,Bachelor,92423.0,1,4.0,Yes,35,No,77,4,No,2024-04-25,No,Lahore,Full-Time,7,3,0,92.423
380,56.0,Male,IT,DevOps Engineer,1,PhD,49255.0,5,8.0,Yes,49,No,37,3,No,2022-05-23,No,Rawalpindi,Contract,7,11,0,49.255
381,51.0,Female,Sales,Sales Executive,7,Bachelor,125457.0,2,9.0,No,35,No,23,8,No,2016-02-06,No,Islamabad,Full-Time,6,1,0,125.457
382,47.0,Male,Sales,Sales Executive,26,PhD,203188.0,4,8.0,No,49,No,64,14,No,2016-03-26,No,Islamabad,Full-Time,7,11,0,203.188
383,55.0,Male,Sales,Sales Executive,15,Bachelor,224499.0,5,9.0,No,49,No,44,11,Yes,2017-09-20,No,Peshawar,Full-Time,6,6,0,224.499
384,56.0,Female,Sales,Sales Executive,19,PhD,176137.0,3,6.0,No,40,No,28,11,No,2017-08-18,No,Rawalpindi,Full-Time,8,14,0,176.137
385,58.0,Male,HR,Recruiter,17,PhD,234048.0,5,4.0,Yes,41,No,45,14,Yes,2016-01-11,Yes,Peshawar,Full-Time,10,14,1,234.048
386,28.0,Male,Finance,Accountant,1,Bachelor,50862.0,3,5.0,Yes,41,Yes,44,1,No,2013-07-03,No,Karachi,Full-Time,6,2,0,50.862
387,59.0,Female,Marketing,SEO Executive,30,Master,187976.0,1,3.0,Yes,52,Yes,25,12,No,2017-11-25,No,Peshawar,Full-Time,10,13,0,187.976
388,32.0,Female,Marketing,SEO Executive,11,Master,164858.0,4,6.0,Yes,36,No,65,10,Yes,2025-09-13,No,Peshawar,Full-Time,4,12,0,164.858
389,45.0,Female,IT,DevOps Engineer,18,PhD,152602.0,5,4.0,Yes,45,No,13,15,No,2021-10-03,No,Lahore,Contract,6,5,0,152.602
390,29.0,Male,Sales,Sales Executive,5,Master,81623.0,1,7.0,No,53,Yes,51,6,No,2025-02-19,No,Peshawar,Full-Time,8,8,0,81.623
391,55.0,Male,Marketing,SEO Executive,31,Master,235118.0,3,9.0,No,49,No,10,11,No,2020-10-29,No,Lahore,Full-Time,6,8,0,235.118
392,57.0,Male,IT,Data Analyst,8,PhD,119838.0,2,8.0,No,47,Yes,39,9,No,2016-02-09,No,Karachi,Full-Time,7,12,0,119.838
393,48.0,Female,Finance,Financial Analyst,4,Master,88100.0,4,7.0,Yes,43,No,15,4,Yes,2019-10-25,No,Peshawar,Contract,6,10,0,88.1
394,28.0,Male,IT,Software Engineer,1,Bachelor,119197.5,2,7.0,Yes,37,Yes,6,3,No,2011-08-08,No,Islamabad,Full-Time,10,10,0,119.1975
395,59.0,Female,IT,Software Engineer,21,PhD,157361.0,2,6.0,Yes,37,Yes,16,10,No,2015-11-25,No,Karachi,Full-Time,9,0,0,157.361
396,25.0,Male,HR,HR Executive,3,Master,85599.0,4,7.0,No,40,No,80,4,Yes,2018-01-16,No,Peshawar,Full-Time,8,1,0,85.599
397,27.0,Male,Marketing,Marketing Specialist,1,Master,62936.0,1,10.0,No,40,Yes,25,1,No,2020-04-17,No,Lahore,Full-Time,5,12,0,62.936
398,54.0,Female,Finance,Financial Analyst,13,Master,246396.0,5,6.0,No,55,No,25,11,Yes,2021-06-01,No,Islamabad,Contract,4,2,0,246.396
399,25.0,Female,Sales,Sales Manager,0,PhD,40393.0,1,8.0,No,53,Yes,77,3,No,2018-07-27,No,Peshawar,Contract,6,8,0,40.393
400,52.0,Female,Sales,Sales Manager,31,Master,221554.0,2,6.0,Yes,40,No,57,11,No,2018-03-24,No,Rawalpindi,Contract,8,14,0,221.554
401,51.0,Female,Finance,Financial Analyst,14,Bachelor,204997.0,2,6.0,No,45,Yes,56,8,No,2014-10-19,No,Lahore,Contract,10,11,0,204.997
402,31.0,Male,Sales,Sales Executive,3,Bachelor,85475.0,3,5.0,Yes,41,No,55,4,No,2018-09-10,No,Karachi,Contract,6,5,0,85.475
403,36.0,Male,Marketing,SEO Executive,15,PhD,206735.0,2,9.0,No,36,Yes,13,14,No,2025-02-10,No,Peshawar,Contract,7,10,0,206.735
404,31.0,Male,Marketing,SEO Executive,8,Master,132145.0,3,10.0,No,40,No,59,6,No,2023-07-15,No,Lahore,Contract,9,3,0,132.145
405,43.0,Female,HR,Recruiter,22,Bachelor,158273.0,4,5.0,Yes,48,Yes,46,8,No,2014-02-20,No,Islamabad,Contract,6,7,0,158.273
406,58.0,Female,Finance,Financial Analyst,12,Bachelor,242812.0,2,9.0,No,53,Yes,45,11,No,2012-11-12,No,Islamabad,Full-Time,7,3,0,242.812
407,27.0,Female,HR,Recruiter,3,PhD,72193.0,4,9.0,No,41,Yes,51,6,Yes,2019-04-30,No,Peshawar,Contract,10,1,0,72.193
408,42.0,Female,HR,HR Executive,19,Master,185750.0,4,8.0,Yes,54,Yes,20,13,Yes,2021-02-01,No,Faisalabad,Full-Time,6,9,0,185.75
409,37.0,Female,HR,Recruiter,13,PhD,184208.0,2,6.0,Yes,35,No,15,11,No,2016-08-15,No,Karachi,Contract,6,11,0,184.208
410,46.0,Male,HR,Recruiter,19,Master,185855.0,3,8.0,No,54,No,25,15,No,2023-11-15,No,Islamabad,Full-Time,5,4,0,185.855
411,25.0,Female,IT,Software Engineer,4,Master,80330.0,5,8.0,No,55,No,55,6,Yes,2022-11-11,No,Islamabad,Full-Time,4,5,0,80.33
412,40.0,Male,Finance,Financial Analyst,32,Bachelor,215100.0,1,5.0,Yes,39,Yes,35,9,No,2021-09-08,No,Peshawar,Full-Time,5,2,0,215.1
413,27.0,Female,Finance,Financial Analyst,2,Bachelor,57862.0,5,7.0,No,55,Yes,75,1,No,2014-12-18,No,Rawalpindi,Contract,7,2,0,57.862
414,38.0,Male,HR,HR Executive,7,Bachelor,103439.0,4,7.0,Yes,36,Yes,24,7,No,2014-08-01,No,Peshawar,Full-Time,4,4,0,103.439
415,47.0,Male,Finance,Financial Analyst,16,Master,237771.0,5,7.0,Yes,36,Yes,31,14,No,2011-12-17,No,Rawalpindi,Full-Time,4,7,0,237.771
416,27.0,Female,IT,Data Analyst,4,Bachelor,74989.0,5,10.0,No,43,No,25,3,No,2015-04-08,No,Karachi,Full-Time,6,6,0,74.989
417,42.0,Female,Finance,Accountant,12,Bachelor,209198.0,4,6.0,No,55,Yes,28,8,No,2018-09-21,No,Peshawar,Contract,8,3,0,209.198
418,35.0,Male,IT,DevOps Engineer,12,PhD,240406.0,5,10.0,No,44,No,11,11,No,2024-05-04,No,Peshawar,Contract,10,7,0,240.406
419,41.0,Male,HR,HR Executive,6,Bachelor,132741.0,3,8.0,Yes,47,No,66,9,No,2012-09-08,No,Islamabad,Full-Time,7,9,0,132.741
420,28.0,Male,HR,HR Executive,0,PhD,48986.0,3,4.0,Yes,47,Yes,11,1,No,2017-10-23,No,Karachi,Full-Time,7,11,0,48.986
421,45.0,Male,HR,Recruiter,8,Master,119494.0,1,6.0,No,39,No,31,6,No,2021-01-15,No,Peshawar,Full-Time,6,3,0,119.494
422,22.0,Male,Sales,Sales Executive,0,PhD,68501.0,5,4.0,Yes,43,No,13,3,Yes,2014-07-06,Yes,Lahore,Contract,6,4,1,68.501
423,24.0,Female,Sales,Sales Executive,3,Master,70434.0,1,6.0,No,43,No,30,3,No,2022-01-15,No,Rawalpindi,Full-Time,10,8,0,70.434
424,37.0,Female,Finance,Accountant,0,PhD,58315.0,4,7.0,Yes,42,No,51,3,No,2019-01-04,No,Karachi,Contract,10,2,0,58.315
425,56.0,Male,Sales,Sales Manager,23,PhD,192036.0,4,8.0,No,53,No,64,13,Yes,2015-04-03,No,Islamabad,Full-Time,5,11,0,192.036
426,45.0,Female,Sales,Sales Manager,2,PhD,50905.0,4,7.0,Yes,52,Yes,48,2,No,2021-06-08,No,Islamabad,Full-Time,7,4,0,50.905
427,58.0,Male,Marketing,Marketing Specialist,13,PhD,204916.0,5,8.0,Yes,36,Yes,37,9,Yes,2011-09-05,No,Rawalpindi,Full-Time,8,5,0,204.916
428,29.0,Female,Finance,Financial Analyst,5,PhD,77178.0,4,8.0,Yes,38,No,24,5,Yes,2022-11-10,No,Rawalpindi,Contract,9,6,0,77.178
429,53.0,Male,Marketing,Marketing Specialist,4,PhD,94766.0,3,3.0,Yes,41,Yes,8,6,No,2023-02-23,Yes,Islamabad,Full-Time,10,0,1,94.766
430,33.0,Male,IT,Software Engineer,1,Master,53825.0,4,7.0,No,54,No,54,2,No,2013-03-11,No,Rawalpindi,Full-Time,4,11,0,53.825
431,59.0,Male,Sales,Sales Manager,31,Bachelor,196071.0,3,9.0,No,50,Yes,59,8,No,2017-12-21,No,Rawalpindi,Contract,9,11,0,196.071
432,24.0,Female,IT,Data Analyst,0,Master,42718.0,1,8.0,No,47,Yes,65,1,No,2014-03-26,No,Islamabad,Full-Time,7,1,0,42.718
433,35.0,Female,Finance,Financial Analyst,1,Bachelor,59445.0,1,8.0,Yes,49,Yes,64,3,No,2025-12-18,No,Peshawar,Full-Time,8,8,0,59.445
434,56.0,Male,Marketing,SEO Executive,16,PhD,172795.0,3,3.0,Yes,40,No,47,15,No,2019-05-13,No,Karachi,Contract,10,13,0,172.795
435,34.0,Female,HR,HR Executive,7,Bachelor,148793.0,4,4.0,Yes,44,Yes,48,7,No,2012-05-07,No,Karachi,Contract,4,15,0,148.793
436,32.0,Male,IT,Software Engineer,2,PhD,54355.0,3,6.0,Yes,48,No,74,2,No,2015-05-02,No,Faisalabad,Full-Time,10,3,0,54.355
437,39.0,Female,Sales,Sales Executive,17,PhD,158542.0,3,7.0,No,46,No,69,9,No,2024-04-27,No,Rawalpindi,Full-Time,9,7,0,158.542
438,32.0,Male,IT,Software Engineer,9,Bachelor,129235.0,3,6.0,No,43,Yes,28,10,No,2018-06-10,No,Peshawar,Full-Time,8,13,0,129.235
439,36.0,Male,Marketing,Marketing Specialist,4,Master,70366.0,1,5.0,Yes,35,No,79,5,No,2023-08-13,No,Lahore,Contract,8,0,0,70.366
440,37.0,Female,HR,Recruiter,6,Bachelor,131344.0,2,10.0,No,40,Yes,23,9,No,2021-08-10,No,Peshawar,Contract,4,4,0,131.344
441,52.0,Male,HR,HR Executive,10,Bachelor,141000.0,2,8.0,No,43,Yes,60,8,No,2026-05-31,No,Peshawar,Contract,10,1,0,141.0
442,34.0,Female,Sales,Sales Executive,6,Master,149060.0,4,9.0,No,51,Yes,35,7,Yes,2020-07-11,No,Faisalabad,Full-Time,8,9,0,149.06
443,48.0,Male,Sales,Sales Executive,17,Bachelor,234069.0,3,10.0,No,47,No,48,8,No,2025-11-05,No,Peshawar,Full-Time,6,9,0,234.069
444,41.0,Female,Marketing,SEO Executive,16,Master,211515.0,1,8.0,No,50,Yes,37,13,No,2024-12-19,No,Rawalpindi,Full-Time,9,8,0,211.515
445,42.0,Female,Finance,Accountant,7,PhD,119197.5,3,10.0,No,48,No,59,7,No,2020-10-13,No,Lahore,Contract,8,6,0,119.1975
446,34.0,Female,HR,Recruiter,11,PhD,176799.0,5,7.0,Yes,40,No,36,15,No,2022-05-20,No,Faisalabad,Contract,8,6,0,176.799
447,45.0,Male,HR,Recruiter,12,Master,224473.0,5,9.0,No,39,Yes,37,15,No,2019-03-02,No,Peshawar,Contract,6,3,0,224.473
448,34.0,Female,IT,Software Engineer,7,Master,133496.0,4,6.0,Yes,43,No,67,10,No,2024-01-20,No,Faisalabad,Contract,5,3,0,133.496
449,29.0,Male,Sales,Sales Manager,2,Bachelor,41344.0,3,7.0,No,52,Yes,17,1,No,2019-10-24,No,Islamabad,Full-Time,4,13,0,41.344
450,58.0,Male,IT,DevOps Engineer,0,Bachelor,49312.0,2,6.0,No,42,No,35,2,No,2025-01-19,No,Islamabad,Contract,5,4,0,49.312
451,36.0,Male,Marketing,SEO Executive,12,Bachelor,171023.0,5,7.0,No,54,No,20,9,No,2022-10-01,No,Faisalabad,Full-Time,9,3,0,171.023
452,51.0,Male,HR,HR Executive,28,Bachelor,164075.0,2,7.0,No,44,No,62,8,No,2018-09-18,No,Lahore,Contract,9,6,0,164.075
453,48.0,Female,IT,Software Engineer,14,Bachelor,230616.0,1,5.0,Yes,43,No,60,14,No,2015-06-26,No,Karachi,Contract,8,10,0,230.616
454,54.0,Female,IT,Data Analyst,28,PhD,168941.0,5,5.0,Yes,47,No,31,9,No,2015-04-21,No,Lahore,Contract,10,6,0,168.941
455,37.0,Female,Sales,Sales Manager,7,Master,101590.0,2,8.0,No,37,Yes,54,10,No,2021-02-27,No,Faisalabad,Contract,9,11,0,101.59
456,53.0,Female,Sales,Sales Executive,28,Master,183413.0,2,7.0,No,46,No,25,13,No,2023-01-30,No,Karachi,Contract,6,5,0,183.413
457,24.0,Female,Marketing,Marketing Specialist,2,Bachelor,63170.0,1,6.0,Yes,52,No,15,1,No,2019-06-01,No,Lahore,Full-Time,8,8,0,63.17
458,31.0,Female,HR,Recruiter,4,Bachelor,80210.0,5,5.0,Yes,42,Yes,78,4,No,2020-12-29,No,Lahore,Contract,4,5,0,80.21
459,37.0,Male,Sales,Sales Executive,6,PhD,104415.0,3,8.0,Yes,40,No,75,6,No,2015-09-18,No,Peshawar,Full-Time,10,11,0,104.415
460,56.0,Male,HR,HR Executive,15,Bachelor,185695.0,5,9.0,No,36,Yes,26,8,Yes,2012-10-03,No,Islamabad,Full-Time,8,1,0,185.695
461,60.0,Female,HR,HR Executive,36,Master,209630.0,1,4.0,Yes,42,Yes,13,10,No,2015-11-18,Yes,Rawalpindi,Full-Time,9,12,1,209.63
462,55.0,Female,Finance,Financial Analyst,25,PhD,218819.0,5,7.0,No,54,No,72,15,No,2015-09-02,No,Faisalabad,Contract,6,13,0,218.819
463,35.0,Male,HR,HR Executive,9,Master,139609.0,4,7.0,No,44,Yes,45,9,Yes,2016-05-22,No,Islamabad,Full-Time,7,15,0,139.609
464,31.0,Female,HR,Recruiter,9,PhD,125975.0,2,9.0,No,42,No,67,7,No,2019-09-12,No,Lahore,Contract,4,12,0,125.975
465,35.0,Female,Sales,Sales Manager,2,Master,44768.0,1,8.0,Yes,46,No,64,3,No,2013-09-02,No,Karachi,Full-Time,6,12,0,44.768
466,60.0,Female,Sales,Sales Executive,22,PhD,155311.0,1,3.0,Yes,45,No,69,15,No,2015-01-24,Yes,Faisalabad,Contract,6,5,1,155.311
467,25.0,Male,HR,Recruiter,4,Bachelor,70791.0,4,8.0,No,54,No,46,6,Yes,2022-01-02,No,Peshawar,Contract,6,9,0,70.791
468,50.0,Female,Marketing,Marketing Specialist,13,PhD,170097.0,3,6.0,No,49,Yes,23,14,No,2022-03-11,No,Karachi,Full-Time,9,6,0,170.097
469,39.0,Female,HR,SEO Executive,7,Bachelor,100793.0,2,7.0,Yes,53,No,24,7,No,2012-07-22,No,Karachi,Contract,7,13,0,100.793
470,35.0,Male,Marketing,SEO Executive,1,Bachelor,63830.0,1,8.0,Yes,49,No,19,2,No,2017-09-16,No,Karachi,Contract,5,2,0,63.83
471,45.0,Female,Sales,Sales Manager,8,PhD,141387.0,5,9.0,No,53,Yes,33,8,No,2019-09-25,No,Faisalabad,Contract,5,0,0,141.387
472,54.0,Female,Finance,Financial Analyst,31,PhD,227554.0,3,7.0,Yes,39,Yes,36,12,No,2017-10-31,Yes,Rawalpindi,Full-Time,4,14,1,227.554
473,48.0,Female,Marketing,SEO Executive,13,PhD,160633.0,2,6.0,Yes,50,No,12,11,No,2014-09-12,No,Islamabad,Contract,8,13,0,160.633
474,48.0,Female,Sales,Sales Executive,0,Master,50092.0,4,5.0,Yes,47,No,60,1,Yes,2017-11-23,No,Islamabad,Full-Time,7,7,0,50.092
475,43.0,Male,Marketing,Marketing Specialist,19,Master,160863.0,1,8.0,Yes,35,No,68,9,No,2025-03-02,No,Faisalabad,Contract,4,2,0,160.863
476,22.0,Female,HR,HR Executive,0,Bachelor,67642.0,3,5.0,Yes,53,Yes,26,2,No,2020-05-10,No,Lahore,Contract,9,9,0,67.642
477,59.0,Male,IT,Software Engineer,2,PhD,65871.0,4,7.0,Yes,50,No,80,1,Yes,2022-01-10,No,Karachi,Full-Time,10,9,0,65.871
478,30.0,Male,Marketing,SEO Executive,7,PhD,142170.0,1,5.0,Yes,54,No,9,10,No,2024-06-12,No,Islamabad,Full-Time,7,12,0,142.17
479,50.0,Female,HR,Recruiter,16,Master,204784.0,3,8.0,Yes,45,Yes,64,11,No,2023-01-29,No,Islamabad,Contract,9,4,0,204.784
480,27.0,Male,HR,HR Executive,4,Bachelor,84710.0,2,9.0,No,37,No,45,4,No,2017-04-20,No,Lahore,Full-Time,9,7,0,84.71
481,29.0,Female,Sales,Sales Manager,3,Master,81934.0,4,6.0,Yes,46,Yes,9,4,Yes,2011-09-07,No,Peshawar,Full-Time,5,8,0,81.934
482,47.0,Female,Sales,Sales Manager,14,Bachelor,236298.0,5,3.0,Yes,40,Yes,37,13,No,2016-11-14,Yes,Islamabad,Contract,10,13,1,236.298
483,30.0,Male,HR,HR Executive,8,PhD,113255.0,4,6.0,No,35,No,52,7,Yes,2022-11-24,No,Rawalpindi,Contract,4,10,0,113.255
484,35.0,Male,Sales,Sales Executive,5,PhD,87395.0,5,8.0,Yes,54,No,10,6,No,2024-05-25,No,Peshawar,Contract,8,14,0,87.395
485,24.0,Female,Marketing,SEO Executive,2,Bachelor,55548.0,4,6.0,Yes,53,No,80,2,No,2025-11-23,No,Rawalpindi,Full-Time,8,7,0,55.548
486,36.0,Female,Finance,Accountant,12,Master,155314.0,4,5.0,Yes,47,No,11,11,No,2017-11-17,No,Karachi,Full-Time,5,2,0,155.314
487,41.0,Male,IT,DevOps Engineer,15,PhD,165187.0,4,3.0,Yes,45,Yes,6,11,No,2022-10-22,No,Lahore,Contract,8,13,0,165.187
488,23.0,Male,HR,Recruiter,0,PhD,45538.0,3,7.0,No,43,Yes,59,3,No,2019-10-15,No,Peshawar,Contract,9,6,0,45.538
489,40.0,Female,Finance,Accountant,17,PhD,159991.0,1,3.0,Yes,35,Yes,39,10,No,2020-08-23,Yes,Faisalabad,Full-Time,10,5,1,159.991
490,54.0,Female,Finance,Accountant,32,Bachelor,160914.0,1,6.0,No,40,Yes,74,13,No,2014-11-26,No,Rawalpindi,Contract,6,8,0,160.914
491,26.0,Male,Marketing,Marketing Specialist,1,Master,55685.0,3,7.0,No,45,No,18,3,No,2014-11-20,No,Lahore,Full-Time,4,12,0,55.685
492,52.0,Male,HR,HR Executive,14,PhD,200760.0,3,7.0,Yes,36,No,29,13,No,2018-02-17,No,Rawalpindi,Contract,5,0,0,200.76
493,45.0,Female,Finance,Accountant,13,PhD,210749.0,2,7.0,Yes,38,Yes,65,9,No,2012-01-12,No,Karachi,Contract,10,15,0,210.749
494,29.0,Male,Marketing,SEO Executive,5,Bachelor,79615.0,1,5.0,Yes,44,No,53,3,No,2016-08-20,No,Islamabad,Contract,4,4,0,79.615
495,26.0,Female,Finance,Financial Analyst,0,Master,53332.0,1,5.0,Yes,45,Yes,22,1,No,2021-10-13,No,Islamabad,Contract,6,3,0,53.332
496,38.0,Female,IT,Software Engineer,10,Bachelor,138156.0,2,10.0,No,43,Yes,75,6,No,2017-08-29,No,Lahore,Full-Time,4,9,0,138.156
497,47.0,Male,Finance,Accountant,9,Master,117632.0,2,6.0,Yes,38,Yes,66,6,No,2014-01-26,No,Karachi,Contract,4,1,0,117.632
498,56.0,Male,Finance,Financial Analyst,16,Bachelor,160749.0,2,8.0,Yes,55,Yes,65,13,No,2018-08-09,No,Faisalabad,Full-Time,5,6,0,160.749
499,54.0,Male,HR,HR Executive,26,Bachelor,225588.0,4,4.0,Yes,42,No,32,11,No,2013-07-05,Yes,Peshawar,Contract,8,12,1,225.588
500,59.0,Female,HR,Recruiter,37,Master,230790.0,4,10.0,No,55,Yes,19,9,Yes,2020-12-05,No,Islamabad,Full-Time,6,12,0,230.79
501,58.0,Male,Finance,Accountant,37,Bachelor,167360.0,2,5.0,Yes,36,No,22,8,No,2011-12-31,No,Peshawar,Full-Time,5,6,0,167.36
502,22.0,Male,IT,DevOps Engineer,0,PhD,43504.0,2,6.0,Yes,39,Yes,52,2,No,2017-07-03,No,Karachi,Contract,7,10,0,43.504
503,50.0,Male,Sales,Sales Manager,27,PhD,201014.0,2,6.0,No,42,No,40,13,No,2020-01-23,No,Lahore,Full-Time,10,13,0,201.014
504,49.0,Female,Finance,Accountant,5,Bachelor,87179.0,2,7.0,No,38,Yes,41,5,No,2012-01-01,No,Karachi,Contract,7,8,0,87.179
505,52.0,Male,Sales,Sales Executive,29,Master,208896.0,3,7.0,No,50,No,25,11,No,2021-03-27,No,Islamabad,Full-Time,10,15,0,208.896
506,23.0,Male,HR,Sales Executive,2,Master,58079.0,2,10.0,No,43,No,17,3,No,2013-08-18,No,Rawalpindi,Full-Time,4,8,0,58.079
507,23.0,Male,Finance,Financial Analyst,2,Bachelor,48260.0,5,4.0,Yes,54,No,72,1,Yes,2018-07-09,Yes,Lahore,Contract,10,0,1,48.26
508,58.0,Female,Marketing,SEO Executive,0,Master,43554.0,3,9.0,No,48,No,80,3,No,2012-05-07,No,Lahore,Full-Time,9,6,0,43.554
509,28.0,Female,Marketing,SEO Executive,7,PhD,121280.0,3,6.0,Yes,50,No,68,6,No,2017-04-13,No,Lahore,Full-Time,6,7,0,121.28
510,26.0,Male,Marketing,Marketing Specialist,4,Bachelor,98395.0,2,8.0,Yes,48,Yes,75,3,No,2014-10-08,No,Lahore,Contract,7,14,0,98.395
511,35.0,Male,HR,HR Executive,5,Bachelor,70383.0,1,7.0,No,55,Yes,16,6,No,2016-06-30,No,Karachi,Contract,6,10,0,70.383
512,27.0,Female,Marketing,Marketing Specialist,6,PhD,102894.0,3,5.0,Yes,40,No,32,9,No,2023-01-05,No,Faisalabad,Full-Time,8,13,0,102.894
513,54.0,Male,IT,Software Engineer,17,Bachelor,196779.0,5,8.0,Yes,40,Yes,78,15,No,2017-04-13,No,Rawalpindi,Contract,9,0,0,196.779
514,40.0,Male,HR,HR Executive,11,Bachelor,175671.0,2,10.0,No,44,Yes,62,11,No,2022-11-16,No,Peshawar,Full-Time,5,7,0,175.671
515,29.0,Male,HR,HR Executive,5,PhD,75043.0,2,7.0,Yes,47,Yes,52,3,No,2024-01-28,No,Islamabad,Contract,7,1,0,75.043
516,28.0,Male,HR,Recruiter,2,Bachelor,53600.0,4,10.0,No,40,No,62,1,Yes,2015-05-19,No,Karachi,Full-Time,5,5,0,53.6
517,33.0,Female,Sales,Sales Manager,4,Master,94032.0,2,7.0,No,44,No,16,3,No,2012-10-27,No,Islamabad,Full-Time,7,3,0,94.032
518,56.0,Male,IT,Software Engineer,35,Master,156924.0,5,4.0,Yes,39,Yes,70,10,Yes,2011-11-20,Yes,Rawalpindi,Full-Time,5,2,1,156.924
519,38.0,Female,Marketing,Marketing Specialist,10,PhD,102884.0,4,7.0,Yes,41,Yes,16,9,No,2019-09-08,No,Lahore,Full-Time,10,4,0,102.884
520,56.0,Male,IT,Data Analyst,20,Master,194260.0,1,5.0,Yes,35,Yes,8,8,No,2026-08-05,No,Lahore,Contract,10,2,0,194.26
521,27.0,Male,HR,HR Executive,3,Bachelor,71875.0,2,8.0,No,45,Yes,69,3,No,2016-11-04,No,Rawalpindi,Contract,6,9,0,71.875
522,40.0,Male,Finance,Accountant,4,PhD,79410.0,5,5.0,Yes,37,Yes,41,6,No,2021-05-07,No,Faisalabad,Contract,10,1,0,79.41
523,54.0,Female,Sales,Sales Executive,29,Bachelor,150366.0,2,10.0,No,46,Yes,51,12,No,2023-04-25,No,Karachi,Full-Time,7,8,0,150.366
524,46.0,Male,HR,Recruiter,7,Master,133533.0,3,6.0,No,36,No,26,7,No,2021-05-15,No,Lahore,Contract,6,12,0,133.533
525,52.0,Male,Marketing,Marketing Specialist,26,Bachelor,228918.0,5,5.0,Yes,35,Yes,13,15,Yes,2022-11-28,No,Lahore,Contract,6,1,0,228.918
526,38.0,Male,IT,Data Analyst,17,PhD,184289.0,2,9.0,No,50,Yes,71,12,No,2025-11-02,No,Peshawar,Full-Time,8,6,0,184.289
527,47.0,Female,HR,HR Executive,7,Bachelor,109273.0,5,4.0,Yes,44,No,57,9,Yes,2014-08-02,Yes,Peshawar,Full-Time,9,9,1,109.273
528,45.0,Female,Sales,Sales Executive,6,Bachelor,105384.0,1,7.0,No,47,No,25,9,No,2011-11-25,No,Islamabad,Contract,10,11,0,105.384
529,33.0,Female,Finance,Accountant,12,Bachelor,194555.0,3,6.0,Yes,35,No,53,10,No,2013-11-17,No,Peshawar,Contract,5,9,0,194.555
530,54.0,Male,Finance,Financial Analyst,14,PhD,181646.0,3,8.0,No,39,Yes,48,10,No,2013-06-27,No,Karachi,Contract,6,1,0,181.646
531,37.0,Male,IT,Data Analyst,6,Bachelor,134485.0,5,6.0,No,38,Yes,23,8,Yes,2021-08-20,No,Islamabad,Full-Time,6,3,0,134.485
532,55.0,Female,Marketing,SEO Executive,7,PhD,115800.0,1,8.0,No,41,Yes,22,10,No,2020-01-20,No,Karachi,Full-Time,9,12,0,115.8
533,48.0,Male,HR,HR Executive,23,Bachelor,249404.0,4,7.0,No,49,Yes,6,13,Yes,2014-11-12,No,Karachi,Contract,4,5,0,249.404
534,28.0,Female,IT,DevOps Engineer,6,Bachelor,139137.0,1,8.0,No,47,No,68,10,No,2022-02-01,No,Faisalabad,Full-Time,5,8,0,139.137
535,48.0,Male,Marketing,Marketing Specialist,19,PhD,198222.0,2,6.0,No,37,Yes,20,13,No,2023-02-05,No,Lahore,Contract,4,9,0,198.222
536,36.0,Male,Marketing,SEO Executive,12,PhD,153457.0,4,3.0,Yes,40,Yes,69,10,Yes,2014-02-10,Yes,Rawalpindi,Contract,5,4,1,153.457
537,43.0,Female,Finance,Financial Analyst,2,Bachelor,62787.0,3,8.0,No,51,Yes,51,3,No,2020-09-14,No,Islamabad,Full-Time,5,0,0,62.787
538,47.0,Female,HR,Recruiter,13,PhD,165271.0,4,5.0,Yes,35,Yes,12,10,No,2022-10-24,No,Karachi,Full-Time,10,6,0,165.271
539,23.0,Female,Sales,Sales Executive,0,PhD,50498.0,2,3.0,Yes,40,No,48,3,No,2013-04-24,Yes,Rawalpindi,Full-Time,4,11,1,50.498
540,49.0,Male,Marketing,Marketing Specialist,15,PhD,223580.0,5,7.0,No,51,No,10,10,No,2023-11-19,No,Rawalpindi,Contract,5,3,0,223.58
541,55.0,Female,Marketing,Marketing Specialist,12,Master,212506.0,4,3.0,Yes,41,No,20,10,No,2026-01-24,Yes,Islamabad,Full-Time,4,1,1,212.506
542,25.0,Female,IT,DevOps Engineer,4,PhD,96322.0,3,6.0,Yes,40,No,37,5,No,2013-03-20,No,Peshawar,Full-Time,8,5,0,96.322
543,58.0,Female,Marketing,SEO Executive,18,PhD,161751.0,2,10.0,No,46,Yes,23,12,No,2011-12-24,No,Peshawar,Contract,8,10,0,161.751
544,23.0,Female,IT,Data Analyst,2,PhD,69181.0,1,10.0,No,42,Yes,60,1,No,2016-04-10,No,Lahore,Full-Time,5,12,0,69.181
545,48.0,Male,Marketing,Marketing Specialist,17,Master,233917.0,4,5.0,Yes,48,No,27,9,Yes,2021-10-03,No,Lahore,Contract,10,6,0,233.917
546,42.0,Female,Marketing,Marketing Specialist,20,Bachelor,236148.0,3,10.0,No,35,No,20,8,No,2025-12-19,No,Faisalabad,Full-Time,10,4,0,236.148
547,43.0,Male,Marketing,SEO Executive,17,Bachelor,221368.0,4,5.0,Yes,43,No,78,10,No,2017-07-18,No,Rawalpindi,Contract,9,12,0,221.368
548,22.0,Female,IT,Software Engineer,1,Bachelor,65116.0,5,8.0,No,53,Yes,37,1,No,2022-04-27,No,Peshawar,Full-Time,6,6,0,65.116
549,37.0,Female,Marketing,Marketing Specialist,16,Master,153860.0,4,7.0,Yes,42,Yes,70,10,No,2012-09-25,No,Karachi,Full-Time,10,13,0,153.86
550,25.0,Male,Sales,Sales Executive,3,PhD,72661.0,5,7.0,Yes,35,Yes,53,4,No,2021-12-14,No,Lahore,Full-Time,6,1,0,72.661
551,60.0,Male,IT,Data Analyst,20,Bachelor,173224.0,5,7.0,No,55,Yes,11,11,No,2021-01-01,No,Rawalpindi,Contract,7,11,0,173.224
552,53.0,Female,Finance,Accountant,28,PhD,171274.0,4,6.0,No,47,Yes,22,8,Yes,2013-02-14,No,Islamabad,Contract,5,11,0,171.274
553,46.0,Male,Sales,Sales Manager,5,PhD,95202.0,1,7.0,No,51,Yes,29,5,No,2023-03-08,No,Peshawar,Full-Time,7,6,0,95.202
554,27.0,Male,Sales,Sales Executive,2,Master,46639.0,4,4.0,Yes,49,No,6,2,Yes,2024-05-07,Yes,Peshawar,Full-Time,4,6,1,46.639
555,22.0,Female,Marketing,Marketing Specialist,0,Bachelor,67039.0,3,7.0,No,49,No,53,3,No,2020-08-07,No,Rawalpindi,Full-Time,5,3,0,67.039
556,26.0,Female,HR,Recruiter,2,Master,63789.0,5,7.0,Yes,36,No,42,1,No,2013-05-30,Yes,Faisalabad,Full-Time,6,1,1,63.789
557,37.0,Female,Finance,Accountant,6,PhD,126106.0,5,7.0,No,39,No,70,9,Yes,2026-05-09,No,Islamabad,Full-Time,4,5,0,126.106
558,27.0,Female,IT,Software Engineer,6,PhD,106706.0,3,4.0,Yes,48,No,67,7,No,2023-05-03,Yes,Faisalabad,Full-Time,8,14,1,106.706
559,29.0,Male,HR,HR Executive,8,PhD,101910.0,2,6.0,Yes,49,No,80,8,No,2016-10-20,No,Islamabad,Contract,8,13,0,101.91
560,52.0,Male,IT,Data Analyst,25,Master,217931.0,1,7.0,No,35,Yes,15,10,No,2018-01-08,No,Lahore,Contract,6,5,0,217.931
561,42.0,Male,HR,Recruiter,2,Master,40486.0,5,6.0,No,38,No,77,2,Yes,2017-02-25,No,Peshawar,Contract,7,4,0,40.486
562,30.0,Female,IT,DevOps Engineer,9,Master,136538.0,5,7.0,Yes,43,No,74,10,Yes,2019-03-09,No,Rawalpindi,Full-Time,10,9,0,136.538
563,24.0,Female,HR,HR Executive,0,PhD,119197.5,4,10.0,No,54,No,21,3,No,2016-09-17,No,Peshawar,Full-Time,9,9,0,119.1975
564,27.0,Female,Marketing,Marketing Specialist,2,Master,66550.0,4,6.0,Yes,46,Yes,74,1,No,2024-05-03,No,Peshawar,Contract,4,12,0,66.55
565,56.0,Male,Sales,Sales Executive,1,PhD,52466.0,5,9.0,No,55,No,73,1,Yes,2023-12-06,No,Rawalpindi,Contract,4,15,0,52.466
566,54.0,Female,Marketing,SEO Executive,9,Bachelor,132368.0,5,5.0,Yes,51,No,28,6,Yes,2013-03-06,No,Islamabad,Full-Time,6,7,0,132.368
567,45.0,Female,Finance,Accountant,12,PhD,239864.0,5,8.0,Yes,35,Yes,40,15,No,2026-01-03,No,Faisalabad,Contract,4,5,0,239.864
568,38.0,Male,Finance,Financial Analyst,16,Master,175704.0,3,10.0,No,54,Yes,36,10,No,2021-02-16,No,Rawalpindi,Contract,10,4,0,175.704
569,47.0,Male,Marketing,SEO Executive,6,PhD,122294.0,2,9.0,No,37,Yes,73,9,No,2024-01-10,No,Faisalabad,Full-Time,6,10,0,122.294
570,46.0,Male,HR,Recruiter,18,Bachelor,241042.0,3,10.0,No,54,Yes,33,11,No,2022-03-16,No,Rawalpindi,Full-Time,8,3,0,241.042
571,45.0,Male,Sales,Sales Manager,20,Master,200630.0,1,6.0,No,45,No,38,13,No,2018-02-16,No,Faisalabad,Contract,8,7,0,200.63
572,29.0,Male,HR,Recruiter,1,Master,45400.0,2,5.0,Yes,45,No,9,1,No,2022-08-08,No,Faisalabad,Contract,8,2,0,45.4
573,41.0,Male,HR,Recruiter,10,Master,121415.0,2,6.0,Yes,41,No,32,8,No,2026-01-28,No,Rawalpindi,Full-Time,4,13,0,121.415
574,37.0,Female,Marketing,Marketing Specialist,14,Master,231365.0,2,5.0,Yes,55,No,16,12,No,2015-08-24,No,Karachi,Full-Time,9,1,0,231.365
575,46.0,Male,HR,Recruiter,22,PhD,223595.0,5,7.0,No,39,Yes,39,8,Yes,2023-09-20,No,Faisalabad,Contract,9,11,0,223.595
576,47.0,Male,Marketing,SEO Executive,4,Master,83634.0,3,8.0,No,53,No,73,3,No,2019-09-01,No,Faisalabad,Contract,10,14,0,83.634
577,30.0,Female,Finance,Accountant,5,PhD,87738.0,5,8.0,No,46,No,27,5,Yes,2018-11-06,No,Islamabad,Contract,7,4,0,87.738
578,49.0,Female,IT,DevOps Engineer,0,Bachelor,41404.0,3,4.0,Yes,55,Yes,14,1,No,2018-02-16,No,Karachi,Full-Time,6,7,0,41.404
579,42.0,Male,IT,Data Analyst,6,Bachelor,131491.0,5,8.0,No,55,Yes,17,6,No,2022-07-24,No,Islamabad,Contract,5,9,0,131.491
580,46.0,Female,Marketing,SEO Executive,4,Master,83863.0,4,8.0,No,44,Yes,5,6,Yes,2015-08-15,No,Peshawar,Full-Time,9,4,0,83.863
581,35.0,Male,Finance,Financial Analyst,8,Bachelor,148303.0,2,8.0,Yes,37,Yes,23,7,No,2024-05-15,No,Lahore,Full-Time,10,0,0,148.303
582,25.0,Female,Finance,Accountant,0,Bachelor,53610.0,4,9.0,No,41,No,8,2,No,2024-01-21,No,Faisalabad,Full-Time,5,5,0,53.61
583,51.0,Male,Marketing,Marketing Specialist,25,Bachelor,210851.0,3,7.0,No,46,No,22,13,No,2012-11-22,No,Islamabad,Contract,9,12,0,210.851
584,42.0,Male,Marketing,Marketing Specialist,19,Bachelor,200123.0,1,4.0,Yes,36,No,20,11,No,2024-10-26,Yes,Faisalabad,Contract,7,15,1,200.123
585,34.0,Female,Sales,Sales Executive,12,PhD,223988.0,1,8.0,Yes,40,Yes,78,10,No,2015-04-03,No,Peshawar,Full-Time,6,6,0,223.988
586,28.0,Female,Sales,Sales Executive,5,PhD,90983.0,2,8.0,Yes,52,Yes,26,5,No,2018-07-26,No,Faisalabad,Full-Time,8,10,0,90.983
587,58.0,Male,HR,Accountant,20,PhD,204771.0,4,9.0,No,55,No,33,9,No,2020-10-01,No,Islamabad,Contract,9,5,0,204.771
588,58.0,Female,HR,HR Executive,16,Master,230112.0,2,9.0,No,54,Yes,28,9,No,2017-04-12,No,Faisalabad,Contract,7,5,0,230.112
589,25.0,Female,IT,Software Engineer,1,PhD,64895.0,4,7.0,Yes,38,No,46,3,Yes,2012-01-10,No,Faisalabad,Contract,9,4,0,64.895
590,23.0,Male,HR,HR Executive,0,Master,57956.0,2,8.0,No,36,No,64,1,No,2024-05-11,No,Rawalpindi,Full-Time,4,14,0,57.956
591,54.0,Female,HR,Recruiter,11,Bachelor,157979.0,2,10.0,No,43,Yes,54,8,No,2014-04-28,No,Peshawar,Contract,4,2,0,157.979
592,29.0,Female,Marketing,SEO Executive,1,Master,68573.0,5,8.0,Yes,37,Yes,78,3,No,2014-10-11,No,Lahore,Full-Time,10,5,0,68.573
593,41.0,Male,IT,Software Engineer,15,Master,157430.0,1,6.0,No,48,Yes,31,11,No,2023-07-25,No,Peshawar,Full-Time,8,15,0,157.43
594,31.0,Female,Marketing,Marketing Specialist,0,PhD,43786.0,2,6.0,No,49,No,22,1,No,2016-09-12,No,Lahore,Full-Time,4,1,0,43.786
595,29.0,Male,Marketing,Marketing Specialist,6,Master,111842.0,1,7.0,No,36,Yes,48,6,No,2024-10-19,No,Karachi,Full-Time,8,14,0,111.842
596,24.0,Female,HR,HR Executive,1,Master,46828.0,1,7.0,No,40,No,71,3,No,2022-02-10,No,Rawalpindi,Contract,9,3,0,46.828
597,28.0,Male,Finance,Accountant,4,Bachelor,90491.0,3,9.0,No,35,Yes,24,4,No,2015-09-27,No,Faisalabad,Contract,10,9,0,90.491
598,59.0,Male,HR,HR Executive,23,Master,158653.0,2,6.0,No,53,Yes,79,8,No,2011-09-30,No,Peshawar,Contract,9,15,0,158.653
599,51.0,Male,IT,Software Engineer,4,Master,81764.0,5,8.0,No,47,Yes,32,5,Yes,2025-10-25,No,Lahore,Contract,6,0,0,81.764
600,31.0,Female,HR,HR Executive,0,Master,60127.0,4,10.0,No,52,No,12,1,Yes,2012-11-17,No,Karachi,Contract,5,5,0,60.127
601,49.0,Female,Sales,Sales Executive,27,PhD,179910.0,2,4.0,Yes,44,No,45,10,No,2022-05-25,No,Karachi,Contract,10,8,0,179.91
602,40.0,Male,IT,Software Engineer,7,Bachelor,140379.0,4,10.0,No,53,No,59,8,Yes,2018-12-03,No,Karachi,Full-Time,7,9,0,140.379
603,59.0,Female,HR,Financial Analyst,23,Master,182256.0,4,3.0,Yes,38,No,64,12,Yes,2022-12-19,Yes,Rawalpindi,Full-Time,10,13,1,182.256
604,29.0,Male,HR,Marketing Specialist,0,Bachelor,58148.0,1,9.0,No,47,Yes,67,1,No,2021-12-14,No,Karachi,Contract,7,5,0,58.148
605,56.0,Male,Marketing,Marketing Specialist,33,Bachelor,208688.0,2,3.0,Yes,35,No,12,9,No,2021-04-13,Yes,Peshawar,Contract,8,14,1,208.688
606,48.0,Female,Marketing,Marketing Specialist,3,Bachelor,93351.0,3,9.0,No,36,No,72,4,No,2018-12-16,No,Karachi,Contract,4,8,0,93.351
607,47.0,Male,Finance,Accountant,3,PhD,70571.0,2,10.0,No,52,No,59,6,No,2023-06-28,No,Lahore,Full-Time,6,13,0,70.571
608,23.0,Male,Finance,Financial Analyst,0,PhD,46519.0,2,6.0,Yes,47,No,37,3,No,2012-12-27,No,Karachi,Contract,8,13,0,46.519
609,27.0,Female,Sales,Sales Executive,4,Bachelor,97220.0,4,6.0,Yes,36,No,56,4,Yes,2014-12-02,No,Faisalabad,Full-Time,4,13,0,97.22
610,59.0,Male,Finance,Financial Analyst,4,Bachelor,89284.0,4,7.0,Yes,43,Yes,38,6,Yes,2021-12-21,No,Karachi,Contract,4,7,0,89.284
611,58.0,Male,Marketing,SEO Executive,20,Bachelor,191506.0,1,7.0,Yes,54,No,68,10,No,2016-03-09,No,Peshawar,Full-Time,6,12,0,191.506
612,36.0,Male,Marketing,SEO Executive,6,Master,144902.0,4,6.0,No,54,Yes,57,6,Yes,2020-04-26,No,Faisalabad,Contract,7,12,0,144.902
613,40.0,Male,HR,Recruiter,15,Master,182537.0,2,10.0,No,45,Yes,31,11,No,2018-09-10,No,Faisalabad,Contract,10,9,0,182.537
614,50.0,Male,Marketing,Marketing Specialist,2,PhD,68948.0,2,10.0,No,41,Yes,70,2,No,2019-07-23,No,Islamabad,Full-Time,4,14,0,68.948
615,27.0,Female,HR,HR Executive,0,Bachelor,60670.0,3,4.0,Yes,52,Yes,52,3,No,2017-12-23,Yes,Peshawar,Full-Time,4,14,1,60.67
616,23.0,Female,IT,Data Analyst,2,PhD,57911.0,3,5.0,Yes,52,Yes,20,2,No,2022-10-13,No,Karachi,Full-Time,6,14,0,57.911
617,58.0,Female,Marketing,Marketing Specialist,32,Master,220660.0,1,8.0,No,35,Yes,58,10,No,2016-07-22,No,Rawalpindi,Full-Time,10,15,0,220.66
618,33.0,Male,Sales,Sales Executive,6,PhD,139038.0,1,8.0,Yes,55,Yes,70,9,No,2022-02-19,No,Karachi,Contract,10,15,0,139.038
619,32.0,Female,Marketing,SEO Executive,8,PhD,147592.0,5,4.0,Yes,50,No,10,9,Yes,2015-08-29,Yes,Karachi,Contract,9,11,1,147.592
620,49.0,Male,IT,DevOps Engineer,11,Master,222331.0,2,3.0,Yes,44,No,53,11,No,2015-05-14,Yes,Karachi,Contract,7,11,1,222.331
621,33.0,Female,Marketing,SEO Executive,10,Bachelor,146006.0,5,5.0,Yes,47,No,59,8,No,2013-05-28,No,Faisalabad,Contract,7,0,0,146.006
622,31.0,Male,Marketing,SEO Executive,7,Bachelor,106698.0,2,3.0,Yes,46,No,40,9,No,2014-06-26,No,Lahore,Contract,5,4,0,106.698
623,39.0,Female,Marketing,Marketing Specialist,17,PhD,230488.0,4,10.0,No,43,No,24,8,Yes,2013-05-22,No,Faisalabad,Full-Time,5,14,0,230.488
624,26.0,Male,Sales,Sales Executive,2,Bachelor,59218.0,2,4.0,Yes,54,Yes,57,3,No,2019-08-19,Yes,Lahore,Full-Time,6,3,1,59.218
625,22.0,Female,Sales,Sales Manager,0,Bachelor,50525.0,5,8.0,No,47,Yes,26,3,No,2023-01-11,No,Karachi,Contract,4,11,0,50.525
626,38.0,Male,Sales,Sales Executive,3,Master,98607.0,3,9.0,No,35,No,13,4,No,2014-05-16,No,Islamabad,Full-Time,6,15,0,98.607
627,40.0,Female,IT,DevOps Engineer,9,PhD,135828.0,1,6.0,No,47,Yes,17,10,No,2014-11-03,No,Faisalabad,Full-Time,10,8,0,135.828
628,48.0,Male,Sales,Sales Manager,25,Bachelor,201710.0,3,5.0,Yes,48,No,75,14,No,2018-11-09,No,Islamabad,Full-Time,8,14,0,201.71
629,58.0,Female,Marketing,SEO Executive,5,Master,80274.0,1,5.0,Yes,54,Yes,12,3,No,2022-06-19,No,Islamabad,Contract,4,15,0,80.274
630,24.0,Female,HR,Recruiter,0,Bachelor,53843.0,1,7.0,No,54,Yes,58,3,No,2026-03-30,No,Rawalpindi,Full-Time,5,10,0,53.843
631,28.0,Female,Sales,Sales Executive,5,Master,82418.0,1,7.0,No,35,Yes,43,6,No,2019-06-19,No,Faisalabad,Full-Time,4,8,0,82.418
632,46.0,Female,IT,Data Analyst,21,Master,206536.0,4,8.0,No,45,No,25,15,No,2015-11-03,No,Peshawar,Contract,4,0,0,206.536
633,53.0,Female,Sales,Sales Manager,21,PhD,190438.0,2,5.0,Yes,51,No,21,13,No,2013-02-06,No,Karachi,Contract,5,7,0,190.438
634,46.0,Male,Finance,Financial Analyst,20,Bachelor,241828.0,1,6.0,No,47,No,34,12,No,2014-07-04,No,Rawalpindi,Contract,4,1,0,241.828
635,33.0,Male,Sales,Sales Executive,2,Bachelor,64970.0,4,10.0,No,50,No,22,2,Yes,2015-01-03,No,Islamabad,Full-Time,7,10,0,64.97
636,28.0,Male,Sales,Sales Executive,2,Master,43024.0,5,6.0,No,43,Yes,5,2,No,2014-04-15,No,Peshawar,Full-Time,10,0,0,43.024
637,40.0,Female,Marketing,SEO Executive,8,Bachelor,137869.0,3,8.0,No,35,No,22,10,No,2011-10-22,No,Karachi,Full-Time,7,13,0,137.869
638,26.0,Male,HR,Recruiter,5,Bachelor,76681.0,2,10.0,No,50,Yes,60,5,No,2019-08-10,No,Lahore,Full-Time,9,11,0,76.681
639,51.0,Female,Sales,Sales Executive,26,PhD,184698.0,3,5.0,Yes,38,No,37,10,No,2015-09-16,No,Lahore,Contract,5,11,0,184.698
640,49.0,Female,IT,Software Engineer,9,PhD,142743.0,3,4.0,Yes,39,Yes,19,9,No,2026-03-18,Yes,Islamabad,Contract,9,4,1,142.743
641,56.0,Female,Sales,Sales Manager,5,Master,95039.0,2,4.0,Yes,44,No,26,4,No,2019-11-23,No,Rawalpindi,Contract,9,0,0,95.039
642,32.0,Male,Marketing,SEO Executive,7,Master,142929.0,1,8.0,No,37,Yes,10,10,No,2022-01-21,No,Peshawar,Full-Time,10,8,0,142.929
643,46.0,Male,HR,HR Executive,10,PhD,117482.0,2,10.0,No,42,Yes,9,10,No,2013-06-27,No,Faisalabad,Full-Time,6,3,0,117.482
644,47.0,Female,IT,DevOps Engineer,15,PhD,205703.0,2,9.0,No,43,No,38,13,No,2024-08-15,No,Islamabad,Full-Time,6,8,0,205.703
645,35.0,Female,IT,DevOps Engineer,11,Bachelor,209026.0,1,10.0,No,55,Yes,20,9,No,2018-12-16,No,Rawalpindi,Full-Time,9,4,0,209.026
646,56.0,Female,Sales,Sales Manager,27,PhD,240518.0,3,6.0,Yes,50,No,18,8,No,2024-09-07,No,Faisalabad,Full-Time,6,8,0,240.518
647,46.0,Male,HR,Recruiter,1,Bachelor,63280.0,2,4.0,Yes,39,Yes,80,2,No,2020-03-16,No,Peshawar,Contract,6,14,0,63.28
648,58.0,Male,HR,HR Executive,9,Bachelor,101971.0,2,4.0,Yes,41,Yes,78,9,No,2018-08-20,Yes,Peshawar,Contract,8,6,1,101.971
649,29.0,Male,IT,Software Engineer,2,Bachelor,40533.0,5,6.0,No,49,No,19,1,No,2018-03-15,No,Lahore,Full-Time,7,1,0,40.533
650,22.0,Male,Sales,Sales Executive,1,Bachelor,66111.0,3,10.0,No,42,No,36,1,No,2014-05-12,No,Karachi,Contract,4,2,0,66.111
651,52.0,Female,Marketing,Marketing Specialist,26,PhD,175557.0,3,7.0,No,53,Yes,9,13,No,2012-05-13,No,Peshawar,Full-Time,7,0,0,175.557
652,47.0,Male,IT,Data Analyst,0,Master,64320.0,4,9.0,No,37,Yes,10,3,No,2025-09-17,No,Islamabad,Contract,7,13,0,64.32
653,27.0,Male,Sales,Sales Manager,0,PhD,49800.0,1,6.0,No,42,Yes,62,1,No,2018-10-05,No,Rawalpindi,Contract,9,10,0,49.8
654,52.0,Male,Sales,Sales Manager,0,Master,54086.0,5,4.0,Yes,44,No,73,2,No,2023-12-05,No,Faisalabad,Full-Time,5,12,0,54.086
655,55.0,Male,Sales,Sales Executive,34,Master,211928.0,5,4.0,Yes,46,No,80,15,No,2017-08-09,Yes,Faisalabad,Full-Time,4,13,1,211.928
656,51.0,Female,IT,DevOps Engineer,0,PhD,44145.0,1,9.0,No,48,No,71,1,No,2012-09-14,No,Faisalabad,Full-Time,5,5,0,44.145
657,27.0,Male,IT,Data Analyst,6,PhD,104773.0,3,9.0,No,51,Yes,63,9,No,2021-01-13,No,Islamabad,Full-Time,6,15,0,104.773
658,30.0,Female,Finance,Accountant,4,Master,95692.0,1,4.0,Yes,55,No,16,3,No,2012-05-25,Yes,Faisalabad,Full-Time,8,12,1,95.692
659,32.0,Male,Finance,Accountant,9,Master,129443.0,3,8.0,No,46,Yes,18,6,No,2013-10-31,No,Islamabad,Full-Time,9,11,0,129.443
660,24.0,Female,Finance,Financial Analyst,3,PhD,97686.0,2,6.0,No,46,Yes,78,4,No,2020-01-14,No,Lahore,Full-Time,10,0,0,97.686
661,40.0,Male,IT,DevOps Engineer,22,Master,156925.0,2,10.0,No,39,No,27,15,No,2016-02-25,No,Rawalpindi,Contract,5,5,0,156.925
662,39.0,Male,Marketing,SEO Executive,1,Bachelor,45272.0,3,3.0,Yes,49,Yes,22,3,No,2026-07-03,Yes,Rawalpindi,Full-Time,9,13,1,45.272
663,22.0,Female,Marketing,SEO Executive,0,Bachelor,42997.0,5,5.0,Yes,35,No,18,1,Yes,2013-05-15,No,Islamabad,Full-Time,6,2,0,42.997
664,24.0,Female,Sales,Sales Executive,1,Master,46540.0,1,9.0,No,37,No,6,1,No,2023-01-23,No,Karachi,Full-Time,7,0,0,46.54
665,54.0,Female,Finance,Accountant,20,PhD,234654.0,5,7.0,No,49,Yes,57,10,No,2020-09-09,No,Islamabad,Full-Time,8,11,0,234.654
666,29.0,Female,Finance,Financial Analyst,1,PhD,55536.0,3,5.0,Yes,52,Yes,14,1,No,2023-06-16,No,Peshawar,Full-Time,10,1,0,55.536
667,31.0,Female,Finance,Accountant,8,PhD,114534.0,1,7.0,Yes,44,No,61,7,No,2014-12-24,No,Faisalabad,Contract,7,8,0,114.534
668,31.0,Female,HR,Recruiter,8,Bachelor,135761.0,1,8.0,No,48,Yes,80,9,No,2019-06-08,No,Rawalpindi,Contract,9,7,0,135.761
669,57.0,Female,Finance,Accountant,11,Master,232656.0,4,6.0,Yes,52,No,47,12,No,2018-05-09,No,Lahore,Contract,5,1,0,232.656
670,47.0,Female,Finance,Accountant,14,PhD,160493.0,4,5.0,Yes,41,Yes,9,13,Yes,2018-03-27,No,Islamabad,Contract,5,10,0,160.493
671,41.0,Male,IT,Data Analyst,19,Bachelor,160922.0,4,8.0,No,51,Yes,7,9,No,2024-06-30,No,Lahore,Full-Time,10,4,0,160.922
672,25.0,Male,Sales,Sales Manager,1,PhD,63497.0,3,6.0,No,45,Yes,27,3,No,2026-06-12,No,Karachi,Contract,5,0,0,63.497
673,50.0,Female,HR,HR Executive,25,PhD,151386.0,4,4.0,Yes,36,No,19,10,Yes,2016-03-05,Yes,Islamabad,Full-Time,10,10,1,151.386
674,50.0,Female,Marketing,SEO Executive,1,Master,67353.0,1,5.0,Yes,49,Yes,64,2,No,2020-11-28,No,Islamabad,Full-Time,10,1,0,67.353
675,23.0,Male,Marketing,SEO Executive,2,Bachelor,52867.0,5,3.0,Yes,44,Yes,79,2,No,2020-09-27,Yes,Karachi,Full-Time,5,3,1,52.867
676,35.0,Female,HR,HR Executive,0,PhD,42110.0,5,7.0,Yes,55,Yes,48,1,No,2022-09-11,No,Faisalabad,Contract,6,5,0,42.11
677,45.0,Female,Finance,Accountant,4,Bachelor,72315.0,1,7.0,Yes,50,Yes,55,3,No,2025-10-22,No,Islamabad,Contract,7,13,0,72.315
678,56.0,Female,IT,Software Engineer,28,Master,241154.0,4,5.0,Yes,43,Yes,29,11,No,2014-09-17,No,Islamabad,Full-Time,8,9,0,241.154
679,40.0,Female,HR,HR Executive,1,Master,50950.0,1,7.0,No,40,Yes,14,2,No,2014-10-05,No,Rawalpindi,Full-Time,5,15,0,50.95
680,38.0,Male,Sales,Sales Manager,12,Bachelor,210211.0,2,5.0,Yes,36,Yes,33,12,No,2021-07-02,No,Islamabad,Full-Time,8,7,0,210.211
681,26.0,Male,Finance,Accountant,5,Bachelor,91074.0,1,4.0,Yes,42,No,70,6,No,2013-12-13,Yes,Faisalabad,Full-Time,6,8,1,91.074
682,27.0,Female,HR,HR Executive,3,Master,90193.0,3,8.0,No,45,No,77,3,No,2014-03-15,No,Lahore,Full-Time,9,14,0,90.193
683,27.0,Male,Marketing,Marketing Specialist,4,PhD,80213.0,4,8.0,Yes,42,No,27,4,Yes,2012-09-20,No,Faisalabad,Contract,4,0,0,80.213
684,44.0,Male,Sales,Sales Manager,2,Master,69161.0,5,7.0,No,35,Yes,16,1,Yes,2011-08-20,No,Rawalpindi,Contract,5,11,0,69.161
685,33.0,Male,Marketing,Marketing Specialist,6,PhD,142404.0,2,7.0,Yes,46,No,5,10,No,2018-05-09,No,Lahore,Full-Time,4,11,0,142.404
686,28.0,Male,IT,Data Analyst,6,Bachelor,119197.5,5,6.0,No,53,No,65,10,No,2020-07-02,No,Faisalabad,Contract,4,5,0,119.1975
687,25.0,Female,Marketing,Marketing Specialist,1,Master,42200.0,4,8.0,No,39,Yes,70,3,No,2015-12-18,No,Faisalabad,Full-Time,8,8,0,42.2
688,28.0,Male,IT,DevOps Engineer,2,PhD,40039.0,2,7.0,No,41,Yes,34,1,No,2015-01-25,No,Rawalpindi,Full-Time,8,4,0,40.039
689,27.0,Female,IT,Data Analyst,2,Master,63958.0,5,7.0,Yes,38,No,51,1,Yes,2022-03-14,No,Islamabad,Full-Time,9,6,0,63.958
690,30.0,Male,HR,HR Executive,3,Bachelor,77176.0,2,7.0,No,49,No,21,4,No,2022-02-20,No,Islamabad,Full-Time,9,3,0,77.176
691,24.0,Male,Finance,Accountant,0,Master,53341.0,4,6.0,Yes,35,No,34,2,No,2018-05-28,No,Islamabad,Full-Time,5,14,0,53.341
692,59.0,Male,Finance,Financial Analyst,34,Bachelor,239625.0,2,9.0,No,37,Yes,65,8,No,2021-11-27,No,Lahore,Full-Time,8,9,0,239.625
693,32.0,Male,Marketing,Marketing Specialist,1,Bachelor,119197.5,5,4.0,Yes,43,No,55,3,Yes,2025-06-15,Yes,Islamabad,Full-Time,10,5,1,119.1975
694,53.0,Male,IT,Data Analyst,32,Bachelor,223030.0,4,9.0,No,47,Yes,54,13,Yes,2023-05-31,No,Islamabad,Contract,10,7,0,223.03
695,54.0,Female,IT,DevOps Engineer,23,Master,226180.0,3,4.0,Yes,55,No,60,12,No,2020-12-20,No,Karachi,Contract,6,12,0,226.18
696,36.0,Female,Finance,Accountant,11,Bachelor,171925.0,2,6.0,No,40,Yes,60,15,No,2021-07-06,No,Islamabad,Contract,5,3,0,171.925
697,38.0,Male,Finance,Accountant,13,PhD,235792.0,3,7.0,Yes,39,Yes,73,13,No,2025-08-07,No,Lahore,Contract,9,15,0,235.792
698,48.0,Male,Marketing,Marketing Specialist,20,Bachelor,243220.0,5,7.0,No,47,Yes,30,9,Yes,2017-12-21,No,Peshawar,Contract,8,10,0,243.22
699,33.0,Female,Finance,Financial Analyst,10,Bachelor,114739.0,3,8.0,Yes,36,Yes,15,7,No,2019-10-06,No,Islamabad,Full-Time,5,11,0,114.739
700,47.0,Male,Marketing,SEO Executive,11,PhD,211198.0,5,10.0,No,43,No,63,14,No,2021-04-23,No,Islamabad,Contract,9,12,0,211.198
701,45.0,Male,Finance,Accountant,13,Master,185501.0,4,8.0,No,54,Yes,60,14,Yes,2025-03-22,No,Faisalabad,Contract,9,6,0,185.501
702,43.0,Female,IT,Software Engineer,11,Bachelor,225063.0,5,7.0,Yes,51,No,28,13,Yes,2023-12-30,No,Faisalabad,Full-Time,6,12,0,225.063
703,58.0,Female,Finance,Financial Analyst,25,Master,164790.0,1,5.0,Yes,43,Yes,52,11,No,2012-08-31,No,Rawalpindi,Full-Time,7,3,0,164.79
704,29.0,Female,HR,Recruiter,0,PhD,48120.0,4,6.0,No,38,No,44,1,No,2014-01-31,No,Islamabad,Full-Time,10,6,0,48.12
705,36.0,Female,Marketing,SEO Executive,7,Bachelor,101965.0,1,6.0,No,51,Yes,23,10,No,2016-03-17,No,Peshawar,Full-Time,7,3,0,101.965
706,27.0,Female,Finance,Financial Analyst,2,Bachelor,66727.0,3,9.0,No,40,No,38,3,No,2022-10-30,No,Lahore,Contract,9,8,0,66.727
707,53.0,Male,IT,Software Engineer,10,PhD,145318.0,4,6.0,Yes,45,Yes,61,10,Yes,2020-02-18,No,Peshawar,Full-Time,10,14,0,145.318
708,47.0,Female,Marketing,SEO Executive,13,Bachelor,150446.0,3,7.0,Yes,55,No,24,9,No,2015-12-04,No,Lahore,Contract,4,14,0,150.446
709,45.0,Female,IT,Software Engineer,20,PhD,154766.0,2,5.0,Yes,40,Yes,44,8,No,2013-06-17,No,Peshawar,Full-Time,7,5,0,154.766
710,29.0,Female,Sales,Sales Executive,0,PhD,58797.0,1,6.0,No,41,Yes,68,3,No,2021-12-04,No,Islamabad,Full-Time,10,5,0,58.797
711,34.0,Female,HR,HR Executive,9,Master,133954.0,2,4.0,Yes,35,No,36,9,No,2022-02-02,No,Islamabad,Full-Time,9,11,0,133.954
712,35.0,Male,Finance,Financial Analyst,2,Bachelor,47433.0,5,6.0,Yes,51,Yes,41,3,Yes,2025-09-25,No,Lahore,Contract,5,11,0,47.433
713,30.0,Male,Finance,Accountant,6,Master,102277.0,4,9.0,No,36,Yes,70,9,No,2019-02-07,No,Karachi,Contract,4,5,0,102.277
714,32.0,Male,IT,DevOps Engineer,6,Bachelor,132203.0,2,6.0,No,38,Yes,76,6,No,2019-01-01,No,Karachi,Full-Time,7,5,0,132.203
715,38.0,Female,Sales,Sales Manager,12,Master,208014.0,2,8.0,Yes,41,Yes,23,12,No,2012-10-19,No,Lahore,Contract,5,5,0,208.014
716,28.0,Female,Marketing,Marketing Specialist,4,Bachelor,93506.0,2,10.0,No,46,Yes,53,4,No,2012-03-11,No,Islamabad,Full-Time,9,5,0,93.506
717,45.0,Male,Finance,Accountant,12,Bachelor,182065.0,1,6.0,No,36,No,67,9,No,2018-01-28,No,Peshawar,Contract,8,8,0,182.065
718,53.0,Female,HR,HR Executive,14,PhD,235616.0,2,8.0,Yes,37,No,27,13,No,2016-06-05,No,Islamabad,Full-Time,4,12,0,235.616
719,40.0,Female,IT,DevOps Engineer,7,PhD,143047.0,4,8.0,No,45,No,10,8,No,2015-05-08,No,Peshawar,Contract,4,11,0,143.047
720,33.0,Male,Marketing,Marketing Specialist,5,Bachelor,72359.0,5,10.0,No,45,No,39,3,Yes,2012-12-18,No,Rawalpindi,Contract,10,0,0,72.359
721,59.0,Male,Marketing,SEO Executive,37,Master,196891.0,1,6.0,Yes,35,Yes,37,10,No,2026-01-09,No,Rawalpindi,Contract,7,5,0,196.891
722,26.0,Female,HR,HR Executive,0,Bachelor,44904.0,1,7.0,Yes,53,No,56,2,No,2024-02-19,No,Peshawar,Full-Time,5,14,0,44.904
723,47.0,Male,Marketing,SEO Executive,18,PhD,159724.0,4,6.0,Yes,50,Yes,28,10,No,2020-03-22,No,Rawalpindi,Full-Time,7,4,0,159.724
724,43.0,Female,IT,Data Analyst,20,PhD,181094.0,5,5.0,Yes,44,Yes,16,11,No,2025-11-09,No,Rawalpindi,Contract,9,12,0,181.094
725,54.0,Female,HR,HR Executive,11,Bachelor,155987.0,1,9.0,No,37,Yes,49,10,No,2026-08-03,No,Karachi,Full-Time,8,15,0,155.987
726,58.0,Female,Finance,Financial Analyst,18,Master,150156.0,4,9.0,No,49,No,44,10,No,2021-09-05,No,Karachi,Full-Time,8,13,0,150.156
727,59.0,Female,Finance,Financial Analyst,19,Bachelor,200548.0,4,9.0,No,36,No,9,13,Yes,2015-08-21,No,Rawalpindi,Full-Time,9,0,0,200.548
728,36.0,Female,Finance,Financial Analyst,6,Bachelor,117851.0,4,10.0,No,40,No,15,10,No,2012-03-13,No,Faisalabad,Contract,8,3,0,117.851
729,36.0,Female,HR,Recruiter,6,Bachelor,138899.0,1,9.0,No,46,Yes,25,9,No,2022-12-09,No,Peshawar,Contract,5,5,0,138.899
730,49.0,Female,Sales,Sales Executive,7,Bachelor,119197.5,5,9.0,No,53,No,49,10,No,2018-08-26,No,Islamabad,Contract,10,9,0,119.1975
731,43.0,Female,HR,Recruiter,9,PhD,146467.0,1,7.0,Yes,44,No,77,8,No,2021-05-14,No,Lahore,Contract,10,7,0,146.467
732,39.0,Female,HR,Recruiter,9,Bachelor,126864.0,1,7.0,Yes,52,Yes,33,8,No,2025-05-03,No,Faisalabad,Contract,8,1,0,126.864
733,30.0,Female,Finance,Financial Analyst,3,PhD,73268.0,2,6.0,No,35,Yes,12,4,No,2014-04-26,No,Peshawar,Contract,4,5,0,73.268
734,52.0,Female,Sales,Sales Executive,19,PhD,187626.0,3,3.0,Yes,50,Yes,9,14,No,2020-05-17,Yes,Islamabad,Full-Time,6,7,1,187.626
735,58.0,Female,Finance,Financial Analyst,19,Master,244835.0,5,3.0,Yes,35,No,18,11,Yes,2021-02-11,No,Karachi,Full-Time,4,4,0,244.835
736,47.0,Female,Sales,Sales Manager,16,PhD,174944.0,5,6.0,No,55,Yes,76,13,Yes,2018-12-21,No,Faisalabad,Contract,6,13,0,174.944
737,45.0,Female,IT,Data Analyst,6,Master,125988.0,2,5.0,Yes,37,No,11,9,No,2012-12-17,No,Peshawar,Contract,4,6,0,125.988
738,40.0,Male,HR,HR Executive,21,PhD,182592.0,3,8.0,Yes,44,No,57,11,No,2016-10-24,No,Lahore,Full-Time,7,6,0,182.592
739,41.0,Male,IT,Software Engineer,14,PhD,119197.5,5,6.0,Yes,35,No,23,14,Yes,2016-08-05,No,Faisalabad,Contract,10,8,0,119.1975
740,53.0,Female,HR,HR Executive,18,Bachelor,174683.0,3,3.0,Yes,45,Yes,34,8,No,2021-08-24,Yes,Rawalpindi,Contract,5,11,1,174.683
741,40.0,Female,HR,Recruiter,10,Bachelor,147830.0,2,3.0,Yes,39,Yes,6,7,No,2024-06-17,Yes,Rawalpindi,Contract,5,4,1,147.83
742,58.0,Male,Finance,Financial Analyst,13,Bachelor,152879.0,2,9.0,No,48,No,13,11,No,2016-07-16,No,Karachi,Full-Time,6,3,0,152.879
743,22.0,Female,Sales,Sales Manager,1,Bachelor,64605.0,2,3.0,Yes,36,No,52,2,No,2021-12-31,Yes,Rawalpindi,Contract,9,6,1,64.605
744,59.0,Female,HR,HR Executive,31,Bachelor,178414.0,2,6.0,No,39,No,13,12,No,2015-12-02,No,Lahore,Full-Time,4,0,0,178.414
745,32.0,Male,Sales,Sales Executive,4,Bachelor,84396.0,3,8.0,No,52,Yes,65,6,No,2025-10-09,No,Islamabad,Full-Time,9,15,0,84.396
746,28.0,Male,Finance,Financial Analyst,4,Bachelor,90965.0,5,7.0,Yes,49,No,23,4,Yes,2023-10-19,No,Rawalpindi,Contract,10,10,0,90.965
747,42.0,Male,HR,HR Executive,18,PhD,201668.0,3,6.0,Yes,39,No,36,12,No,2019-11-05,No,Islamabad,Contract,8,6,0,201.668
748,33.0,Male,Marketing,Marketing Specialist,2,Bachelor,43906.0,4,8.0,Yes,36,No,75,3,Yes,2018-06-01,No,Karachi,Full-Time,8,13,0,43.906
749,25.0,Female,IT,Data Analyst,2,PhD,59603.0,3,6.0,No,53,No,27,1,No,2016-04-24,No,Karachi,Full-Time,4,10,0,59.603
750,33.0,Male,Sales,Sales Executive,2,Master,48184.0,5,4.0,Yes,40,Yes,51,1,Yes,2016-06-11,Yes,Rawalpindi,Contract,7,9,1,48.184
751,46.0,Female,Sales,Sales Executive,21,Master,175212.0,1,7.0,Yes,52,Yes,42,11,No,2026-02-23,No,Faisalabad,Contract,9,9,0,175.212
752,41.0,Female,Sales,Sales Executive,16,PhD,151539.0,4,3.0,Yes,40,No,53,12,No,2017-08-28,Yes,Faisalabad,Contract,4,11,1,151.539
753,38.0,Male,Sales,Sales Manager,12,Master,170966.0,4,5.0,Yes,43,No,68,13,Yes,2019-04-25,No,Peshawar,Full-Time,5,15,0,170.966
754,58.0,Male,HR,Recruiter,1,Master,51445.0,1,4.0,Yes,54,Yes,52,3,No,2026-06-01,No,Karachi,Contract,5,5,0,51.445
755,26.0,Female,Finance,Accountant,3,Bachelor,89379.0,3,9.0,No,53,Yes,60,5,No,2021-06-17,No,Karachi,Full-Time,10,7,0,89.379
756,33.0,Female,HR,Recruiter,10,Bachelor,124705.0,3,4.0,Yes,43,No,17,6,No,2019-09-25,No,Karachi,Contract,9,6,0,124.705
757,56.0,Male,IT,Software Engineer,2,Master,63080.0,1,4.0,Yes,55,Yes,24,1,No,2017-10-17,Yes,Faisalabad,Full-Time,10,3,1,63.08
758,54.0,Male,Finance,Financial Analyst,23,PhD,221229.0,5,10.0,No,47,Yes,18,14,No,2014-05-29,No,Lahore,Contract,7,3,0,221.229
759,46.0,Female,Finance,Accountant,9,Bachelor,102790.0,2,7.0,No,51,No,72,9,No,2017-01-08,No,Peshawar,Full-Time,8,15,0,102.79
760,46.0,Female,Finance,Financial Analyst,9,Master,148847.0,5,7.0,Yes,39,No,28,6,Yes,2022-12-10,No,Peshawar,Contract,7,3,0,148.847
761,33.0,Male,Sales,Sales Executive,3,Bachelor,92615.0,1,9.0,No,40,Yes,19,3,No,2020-12-22,No,Karachi,Contract,6,9,0,92.615
762,40.0,Female,Marketing,Marketing Specialist,6,PhD,149830.0,5,6.0,No,54,Yes,25,9,Yes,2022-12-29,No,Rawalpindi,Full-Time,8,6,0,149.83
763,49.0,Female,IT,Software Engineer,13,Bachelor,242567.0,1,4.0,Yes,46,Yes,74,8,No,2014-08-25,No,Peshawar,Full-Time,4,10,0,242.567
764,28.0,Male,Sales,Sales Executive,5,PhD,96529.0,3,6.0,Yes,51,Yes,50,4,No,2019-11-01,No,Karachi,Contract,5,5,0,96.529
765,58.0,Male,Marketing,Marketing Specialist,3,Master,75374.0,4,8.0,Yes,42,Yes,69,6,Yes,2025-07-05,No,Rawalpindi,Contract,5,12,0,75.374
766,48.0,Male,HR,Recruiter,16,Master,232720.0,2,3.0,Yes,49,Yes,60,14,No,2018-03-02,Yes,Peshawar,Full-Time,7,9,1,232.72
767,31.0,Male,IT,Software Engineer,3,Bachelor,73248.0,3,6.0,Yes,49,No,46,4,No,2022-01-25,No,Peshawar,Full-Time,5,0,0,73.248
768,46.0,Male,Sales,Sales Manager,20,Bachelor,226284.0,1,7.0,Yes,52,No,36,10,No,2013-06-01,No,Rawalpindi,Contract,9,2,0,226.284
769,60.0,Female,HR,Recruiter,26,Bachelor,196182.0,5,4.0,Yes,52,No,49,14,Yes,2026-03-11,No,Rawalpindi,Full-Time,10,15,0,196.182
770,46.0,Female,HR,Recruiter,22,Master,172389.0,5,5.0,Yes,38,No,62,13,Yes,2020-09-23,No,Faisalabad,Contract,10,6,0,172.389
771,36.0,Female,Finance,Financial Analyst,13,PhD,208240.0,2,4.0,Yes,54,No,39,12,No,2015-03-09,No,Peshawar,Full-Time,8,15,0,208.24
772,59.0,Female,Sales,Sales Manager,4,Master,85873.0,5,10.0,No,52,No,68,3,No,2013-12-20,No,Faisalabad,Contract,4,8,0,85.873
773,47.0,Female,Marketing,SEO Executive,2,PhD,43687.0,4,10.0,No,44,No,31,2,Yes,2019-11-10,No,Lahore,Contract,5,12,0,43.687
774,59.0,Male,Sales,Sales Manager,16,Master,229289.0,5,3.0,Yes,47,No,26,10,Yes,2019-11-17,Yes,Islamabad,Full-Time,10,3,1,229.289
775,24.0,Female,HR,Recruiter,3,Master,70592.0,3,10.0,No,43,Yes,33,4,No,2012-12-28,No,Faisalabad,Full-Time,8,0,0,70.592
776,24.0,Female,Marketing,Marketing Specialist,3,Master,90278.0,3,7.0,No,38,No,35,6,No,2026-06-24,No,Peshawar,Full-Time,10,0,0,90.278
777,22.0,Male,Sales,Sales Manager,0,Bachelor,63599.0,4,9.0,No,53,Yes,7,2,No,2025-04-15,No,Karachi,Contract,4,11,0,63.599
778,38.0,Male,IT,DevOps Engineer,14,PhD,206622.0,5,7.0,No,51,Yes,20,15,No,2018-07-08,No,Peshawar,Contract,4,15,0,206.622
779,29.0,Male,IT,Software Engineer,6,Master,103119.0,3,9.0,No,44,Yes,10,7,No,2013-05-10,No,Peshawar,Full-Time,6,12,0,103.119
780,49.0,Female,Finance,Financial Analyst,26,Master,155061.0,2,6.0,Yes,39,No,49,14,No,2024-01-29,No,Lahore,Contract,10,13,0,155.061
781,49.0,Male,HR,Recruiter,5,Bachelor,80871.0,2,9.0,No,55,No,8,4,No,2019-01-26,No,Karachi,Full-Time,9,8,0,80.871
782,46.0,Female,Finance,Financial Analyst,17,Master,198806.0,5,5.0,Yes,45,Yes,34,11,Yes,2022-05-06,No,Peshawar,Contract,7,7,0,198.806
783,30.0,Female,Sales,Sales Executive,5,PhD,73330.0,5,3.0,Yes,35,No,21,4,Yes,2019-03-25,No,Islamabad,Full-Time,4,5,0,73.33
784,31.0,Female,Sales,Sales Executive,7,Bachelor,135131.0,2,7.0,No,46,No,75,10,No,2015-09-12,No,Rawalpindi,Contract,8,10,0,135.131
785,32.0,Female,HR,Recruiter,2,PhD,53306.0,5,6.0,No,50,Yes,62,1,No,2024-02-12,No,Islamabad,Full-Time,6,2,0,53.306
786,25.0,Female,IT,DevOps Engineer,2,PhD,54687.0,3,4.0,Yes,50,No,32,2,No,2026-04-19,Yes,Karachi,Contract,6,11,1,54.687
787,29.0,Female,Sales,Sales Manager,1,Master,63013.0,4,7.0,No,43,Yes,9,3,No,2015-04-02,No,Faisalabad,Contract,5,10,0,63.013
788,36.0,Male,Marketing,Marketing Specialist,3,PhD,72724.0,2,7.0,Yes,55,No,9,3,No,2019-11-12,No,Lahore,Contract,5,15,0,72.724
789,57.0,Male,Marketing,Marketing Specialist,22,Bachelor,175729.0,3,8.0,No,52,Yes,45,8,No,2017-05-07,No,Rawalpindi,Contract,10,2,0,175.729
790,50.0,Female,HR,HR Executive,13,Master,192917.0,4,5.0,Yes,51,Yes,70,11,No,2025-06-03,No,Peshawar,Full-Time,10,3,0,192.917
791,40.0,Female,Sales,Sales Executive,12,Master,208024.0,2,6.0,Yes,47,No,33,14,No,2019-03-21,No,Karachi,Contract,8,6,0,208.024
792,46.0,Female,HR,Recruiter,8,Master,145186.0,1,10.0,No,52,No,34,6,No,2024-10-13,No,Karachi,Full-Time,4,0,0,145.186
793,32.0,Male,HR,Recruiter,11,Bachelor,236975.0,3,10.0,No,55,No,40,12,No,2024-07-22,No,Faisalabad,Contract,5,9,0,236.975
794,59.0,Female,Marketing,SEO Executive,28,Bachelor,214261.0,5,4.0,Yes,51,Yes,80,13,Yes,2015-09-27,Yes,Faisalabad,Contract,6,1,1,214.261
795,56.0,Male,Sales,Sales Manager,8,Master,141897.0,4,5.0,Yes,49,No,79,10,No,2023-06-12,No,Faisalabad,Full-Time,4,9,0,141.897
796,35.0,Female,HR,Data Analyst,7,Bachelor,134299.0,1,6.0,Yes,41,Yes,72,6,No,2017-10-26,No,Faisalabad,Contract,5,10,0,134.299
797,27.0,Male,Marketing,Marketing Specialist,4,Master,79014.0,5,7.0,Yes,35,Yes,61,5,Yes,2025-08-10,No,Faisalabad,Full-Time,4,14,0,79.014
798,31.0,Female,Finance,Financial Analyst,6,PhD,124488.0,3,4.0,Yes,51,No,6,6,No,2019-03-18,Yes,Lahore,Full-Time,9,10,1,124.488
799,29.0,Male,Sales,Sales Executive,3,PhD,78146.0,5,4.0,Yes,44,No,49,4,No,2023-11-26,Yes,Karachi,Full-Time,7,3,1,78.146
800,55.0,Female,Marketing,Marketing Specialist,34,Bachelor,155598.0,3,9.0,No,39,Yes,64,12,No,2015-11-02,No,Faisalabad,Full-Time,4,6,0,155.598
801,55.0,Female,IT,Data Analyst,13,Master,207654.0,2,7.0,No,46,Yes,31,9,No,2016-01-27,No,Rawalpindi,Full-Time,9,11,0,207.654
802,22.0,Female,Marketing,Marketing Specialist,1,Master,60737.0,4,4.0,Yes,42,No,54,2,No,2020-05-25,No,Karachi,Contract,9,12,0,60.737
803,44.0,Male,HR,Recruiter,3,Master,82874.0,2,6.0,Yes,51,No,67,3,No,2026-07-30,No,Islamabad,Full-Time,10,5,0,82.874
804,56.0,Female,IT,Software Engineer,24,Master,182685.0,2,7.0,No,37,No,37,12,No,2018-12-09,No,Karachi,Contract,8,2,0,182.685
805,28.0,Female,IT,Software Engineer,5,PhD,87544.0,4,4.0,Yes,43,No,20,5,Yes,2013-10-28,Yes,Lahore,Contract,10,1,1,87.544
806,22.0,Female,Sales,Sales Executive,0,Master,53835.0,5,6.0,No,38,No,39,1,Yes,2019-09-03,No,Rawalpindi,Full-Time,10,14,0,53.835
807,35.0,Male,Marketing,SEO Executive,9,Master,127419.0,4,7.0,Yes,54,Yes,27,9,No,2016-10-08,No,Faisalabad,Full-Time,6,8,0,127.419
808,44.0,Male,Finance,Financial Analyst,22,Bachelor,167797.0,1,3.0,Yes,43,Yes,59,15,No,2019-11-15,Yes,Islamabad,Contract,7,3,1,167.797
809,34.0,Female,Finance,Accountant,3,PhD,86621.0,2,7.0,No,50,No,70,6,No,2019-09-30,No,Faisalabad,Full-Time,8,7,0,86.621
810,40.0,Female,HR,Recruiter,14,Bachelor,180480.0,5,3.0,Yes,54,No,29,8,Yes,2018-06-04,No,Islamabad,Full-Time,4,13,0,180.48
811,30.0,Female,HR,Recruiter,4,Bachelor,72222.0,2,4.0,Yes,54,No,62,4,No,2016-06-03,Yes,Karachi,Contract,4,14,1,72.222
812,40.0,Male,Finance,Financial Analyst,0,PhD,62592.0,3,4.0,Yes,53,Yes,39,3,No,2014-06-04,No,Peshawar,Contract,4,11,0,62.592
813,52.0,Female,IT,Software Engineer,6,PhD,149194.0,5,10.0,No,35,Yes,54,8,No,2022-01-21,No,Lahore,Full-Time,7,8,0,149.194
814,33.0,Female,HR,HR Executive,1,Master,46079.0,1,3.0,Yes,55,Yes,58,2,No,2020-03-03,No,Islamabad,Full-Time,6,3,0,46.079
815,24.0,Male,Marketing,Marketing Specialist,2,Master,43251.0,4,9.0,No,36,Yes,24,3,Yes,2015-02-05,No,Faisalabad,Contract,5,12,0,43.251
816,24.0,Male,IT,Software Engineer,2,Bachelor,63640.0,1,3.0,Yes,46,No,74,1,No,2023-03-25,Yes,Rawalpindi,Contract,8,0,1,63.64
817,60.0,Female,Sales,Sales Manager,1,Bachelor,47975.0,3,7.0,Yes,53,Yes,64,1,No,2012-04-01,No,Karachi,Contract,10,6,0,47.975
818,34.0,Male,Sales,Sales Executive,10,Master,106129.0,2,6.0,Yes,47,No,14,6,No,2022-10-07,No,Lahore,Full-Time,8,12,0,106.129
819,29.0,Male,HR,HR Executive,4,Master,94362.0,1,6.0,Yes,38,Yes,65,6,No,2022-03-04,No,Peshawar,Contract,7,0,0,94.362
820,37.0,Female,Finance,Financial Analyst,1,Bachelor,49605.0,2,5.0,Yes,39,No,6,1,No,2023-10-07,No,Lahore,Contract,6,4,0,49.605
821,59.0,Female,HR,HR Executive,5,Bachelor,89114.0,3,7.0,No,49,Yes,53,5,No,2017-05-21,No,Peshawar,Full-Time,9,0,0,89.114
822,44.0,Female,HR,Recruiter,3,Bachelor,83401.0,4,8.0,Yes,44,Yes,39,3,No,2021-07-20,No,Lahore,Contract,8,11,0,83.401
823,29.0,Female,Marketing,SEO Executive,0,Bachelor,58840.0,1,8.0,Yes,52,Yes,60,3,No,2023-11-27,No,Karachi,Full-Time,6,12,0,58.84
824,38.0,Female,Finance,Financial Analyst,17,Master,166633.0,4,5.0,Yes,36,No,44,11,Yes,2026-04-22,No,Faisalabad,Contract,7,14,0,166.633
825,50.0,Male,Marketing,Marketing Specialist,18,Bachelor,214316.0,5,3.0,Yes,53,Yes,60,12,Yes,2019-01-09,Yes,Faisalabad,Full-Time,10,9,1,214.316
826,47.0,Male,Marketing,Marketing Specialist,26,Bachelor,186516.0,5,6.0,No,43,Yes,69,12,Yes,2012-02-24,No,Islamabad,Full-Time,7,5,0,186.516
827,42.0,Female,Marketing,SEO Executive,13,Bachelor,172042.0,2,3.0,Yes,50,Yes,50,9,No,2019-02-17,Yes,Lahore,Full-Time,5,10,1,172.042
828,25.0,Male,HR,HR Executive,0,PhD,48148.0,4,3.0,Yes,42,Yes,5,2,No,2020-06-12,Yes,Faisalabad,Contract,7,2,1,48.148
829,23.0,Male,Sales,Sales Executive,1,PhD,66882.0,2,8.0,Yes,50,No,79,1,No,2024-08-22,No,Peshawar,Full-Time,9,14,0,66.882
830,46.0,Male,Marketing,Marketing Specialist,17,PhD,221214.0,5,6.0,No,50,No,36,9,Yes,2024-09-15,No,Islamabad,Contract,7,1,0,221.214
831,36.0,Male,Marketing,SEO Executive,13,Bachelor,208414.0,1,8.0,No,37,Yes,76,9,No,2018-03-14,No,Karachi,Full-Time,8,11,0,208.414
832,58.0,Female,Finance,Accountant,9,Bachelor,143563.0,1,9.0,No,41,Yes,40,6,No,2019-06-26,No,Lahore,Contract,6,13,0,143.563
833,42.0,Female,IT,Data Analyst,18,PhD,187143.0,4,7.0,Yes,49,Yes,17,12,Yes,2018-06-13,No,Faisalabad,Contract,7,1,0,187.143
834,30.0,Male,Finance,Accountant,8,Bachelor,133642.0,5,7.0,Yes,44,Yes,55,9,No,2022-06-07,No,Lahore,Full-Time,10,4,0,133.642
835,38.0,Female,IT,Data Analyst,4,Master,90878.0,4,3.0,Yes,40,No,63,4,No,2017-09-29,Yes,Lahore,Contract,6,0,1,90.878
836,57.0,Male,HR,HR Executive,35,PhD,221952.0,4,5.0,Yes,55,No,49,9,No,2021-06-01,No,Islamabad,Full-Time,4,0,0,221.952
837,25.0,Female,IT,Software Engineer,4,Bachelor,78667.0,4,7.0,Yes,36,Yes,76,6,Yes,2013-11-28,No,Lahore,Full-Time,4,7,0,78.667
838,23.0,Male,Sales,Sales Executive,2,PhD,69624.0,5,7.0,No,55,Yes,49,1,Yes,2018-08-21,No,Lahore,Full-Time,9,2,0,69.624
839,22.0,Female,Finance,Financial Analyst,1,Master,66702.0,3,6.0,Yes,47,No,27,3,No,2026-02-18,No,Islamabad,Full-Time,6,4,0,66.702
840,41.0,Female,Sales,Sales Executive,0,Bachelor,50908.0,1,5.0,Yes,50,No,67,1,No,2016-09-02,No,Faisalabad,Full-Time,6,4,0,50.908
841,57.0,Female,HR,Recruiter,5,Master,75347.0,1,6.0,No,39,Yes,55,5,No,2021-12-26,No,Rawalpindi,Full-Time,9,14,0,75.347
842,48.0,Female,Marketing,SEO Executive,11,PhD,167042.0,1,10.0,No,49,No,70,12,No,2021-05-05,No,Rawalpindi,Full-Time,8,8,0,167.042
843,51.0,Male,Finance,Financial Analyst,21,Bachelor,233769.0,3,10.0,No,36,Yes,70,11,No,2024-05-15,No,Faisalabad,Full-Time,4,9,0,233.769
844,41.0,Male,Marketing,SEO Executive,4,Bachelor,96597.0,3,6.0,No,44,No,75,4,No,2024-05-18,No,Islamabad,Contract,4,4,0,96.597
845,43.0,Female,HR,HR Executive,8,PhD,110723.0,3,8.0,Yes,40,No,40,8,No,2024-06-26,No,Peshawar,Contract,8,9,0,110.723
846,28.0,Female,IT,Software Engineer,3,PhD,87406.0,4,8.0,No,35,Yes,44,4,No,2017-04-18,No,Faisalabad,Full-Time,5,7,0,87.406
847,26.0,Female,Marketing,Marketing Specialist,4,Master,83276.0,3,7.0,No,35,Yes,17,6,No,2016-05-05,No,Faisalabad,Full-Time,10,1,0,83.276
848,45.0,Female,IT,Software Engineer,6,PhD,105391.0,2,7.0,Yes,35,No,11,7,No,2022-05-17,No,Peshawar,Contract,10,9,0,105.391
849,22.0,Male,Marketing,SEO Executive,1,Bachelor,41732.0,2,3.0,Yes,36,Yes,62,1,No,2022-12-26,Yes,Karachi,Contract,5,1,1,41.732
850,22.0,Male,Finance,Accountant,1,Master,43504.0,4,9.0,No,38,No,10,3,Yes,2024-09-05,No,Karachi,Full-Time,9,3,0,43.504
851,54.0,Female,Finance,Accountant,6,PhD,141689.0,5,6.0,Yes,46,Yes,14,9,No,2012-02-18,No,Peshawar,Contract,6,6,0,141.689
852,55.0,Male,HR,Recruiter,7,Bachelor,136576.0,4,7.0,No,35,Yes,64,10,No,2012-08-14,No,Rawalpindi,Full-Time,8,1,0,136.576
853,28.0,Female,IT,Data Analyst,0,PhD,65532.0,4,5.0,Yes,39,Yes,80,3,No,2021-01-23,No,Peshawar,Full-Time,10,12,0,65.532
854,56.0,Male,Sales,Sales Executive,31,Master,208642.0,5,8.0,Yes,38,Yes,41,14,No,2025-05-29,No,Lahore,Full-Time,10,0,0,208.642
855,54.0,Male,Finance,Financial Analyst,0,Bachelor,61926.0,2,3.0,Yes,39,No,28,2,No,2026-07-22,Yes,Peshawar,Contract,10,5,1,61.926
856,46.0,Female,Marketing,Marketing Specialist,17,Master,119197.5,1,7.0,No,49,Yes,60,15,No,2022-10-18,No,Rawalpindi,Contract,7,3,0,119.1975
857,31.0,Male,Marketing,SEO Executive,5,Bachelor,97483.0,3,6.0,No,39,Yes,5,6,No,2018-02-07,No,Peshawar,Full-Time,10,15,0,97.483
858,45.0,Male,HR,HR Executive,20,PhD,119197.5,1,7.0,Yes,52,Yes,41,11,No,2013-01-26,No,Islamabad,Full-Time,8,9,0,119.1975
859,23.0,Male,IT,Software Engineer,1,Bachelor,59683.0,1,3.0,Yes,42,Yes,17,1,No,2021-02-06,Yes,Peshawar,Contract,6,11,1,59.683
860,40.0,Female,Sales,Sales Manager,18,Master,180289.0,2,3.0,Yes,52,Yes,5,13,No,2024-09-06,Yes,Peshawar,Full-Time,6,10,1,180.289
861,48.0,Female,HR,Financial Analyst,24,Bachelor,166027.0,4,10.0,No,52,No,19,13,Yes,2018-04-01,No,Rawalpindi,Contract,5,4,0,166.027
862,43.0,Male,Sales,Sales Manager,4,Bachelor,95070.0,5,6.0,No,45,No,24,6,No,2022-01-02,No,Faisalabad,Contract,4,12,0,95.07
863,46.0,Male,HR,HR Executive,4,Master,94850.0,3,6.0,No,49,Yes,9,5,No,2025-02-22,No,Islamabad,Contract,7,11,0,94.85
864,23.0,Female,Sales,Sales Executive,0,Bachelor,44014.0,4,7.0,No,43,Yes,66,2,Yes,2012-04-13,No,Faisalabad,Contract,10,1,0,44.014
865,41.0,Male,Sales,Sales Manager,16,Bachelor,188863.0,3,7.0,No,45,Yes,54,9,No,2023-07-16,No,Lahore,Contract,8,1,0,188.863
866,43.0,Female,Marketing,Marketing Specialist,12,PhD,169333.0,2,9.0,No,51,Yes,62,15,No,2015-12-30,No,Faisalabad,Contract,8,13,0,169.333
867,22.0,Female,Finance,Accountant,1,PhD,55670.0,2,8.0,No,41,No,58,1,No,2017-03-20,No,Lahore,Full-Time,6,4,0,55.67
868,35.0,Female,Marketing,Marketing Specialist,11,PhD,203272.0,3,8.0,No,51,Yes,27,8,No,2013-10-11,No,Rawalpindi,Full-Time,8,1,0,203.272
869,38.0,Male,Finance,Accountant,11,Bachelor,212162.0,5,6.0,No,37,No,59,11,No,2019-07-25,No,Peshawar,Full-Time,7,8,0,212.162
870,48.0,Female,HR,Recruiter,1,PhD,56377.0,3,4.0,Yes,43,No,14,3,No,2020-01-31,No,Rawalpindi,Contract,6,0,0,56.377
871,33.0,Female,Finance,Accountant,3,Master,119197.5,2,3.0,Yes,40,Yes,66,4,No,2023-06-26,Yes,Peshawar,Full-Time,4,3,1,119.1975
872,53.0,Female,Sales,Sales Manager,7,Master,110772.0,3,10.0,No,54,Yes,41,6,No,2014-02-22,No,Karachi,Contract,5,8,0,110.772
873,24.0,Female,Sales,Sales Executive,1,Bachelor,46793.0,2,3.0,Yes,35,No,77,3,No,2012-10-11,Yes,Rawalpindi,Full-Time,5,0,1,46.793
874,39.0,Female,HR,Recruiter,2,Bachelor,68454.0,4,6.0,Yes,35,Yes,56,1,Yes,2024-08-28,No,Rawalpindi,Full-Time,7,6,0,68.454
875,24.0,Female,Finance,Accountant,1,Bachelor,67365.0,2,7.0,No,43,Yes,19,2,No,2020-11-21,No,Lahore,Contract,6,14,0,67.365
876,50.0,Female,Marketing,SEO Executive,7,PhD,136885.0,4,10.0,No,45,Yes,25,6,No,2015-03-17,No,Karachi,Full-Time,10,11,0,136.885
877,60.0,Male,IT,DevOps Engineer,38,Bachelor,241844.0,4,6.0,Yes,52,Yes,78,10,Yes,2025-04-15,No,Lahore,Contract,5,3,0,241.844
878,41.0,Female,Finance,Accountant,1,Bachelor,54829.0,3,8.0,No,40,Yes,75,2,No,2013-09-28,No,Rawalpindi,Contract,10,9,0,54.829
879,38.0,Female,HR,Recruiter,0,Master,56569.0,4,6.0,No,35,No,51,3,Yes,2018-07-06,No,Peshawar,Full-Time,6,13,0,56.569
880,22.0,Male,IT,DevOps Engineer,0,PhD,46100.0,3,7.0,Yes,44,Yes,40,1,No,2015-05-28,No,Karachi,Full-Time,10,8,0,46.1
881,59.0,Male,Marketing,Marketing Specialist,11,Bachelor,182409.0,2,4.0,Yes,40,No,13,11,No,2015-06-04,Yes,Islamabad,Full-Time,4,1,1,182.409
882,25.0,Male,Finance,Financial Analyst,4,PhD,79295.0,1,7.0,No,47,Yes,29,5,No,2011-09-26,No,Lahore,Contract,5,7,0,79.295
883,37.0,Female,HR,Recruiter,5,PhD,70237.0,3,5.0,Yes,52,Yes,21,3,No,2023-08-31,No,Rawalpindi,Full-Time,8,8,0,70.237
884,40.0,Male,IT,Software Engineer,28,Master,191032.0,1,3.0,Yes,39,No,56,10,No,2025-02-10,Yes,Faisalabad,Contract,4,6,1,191.032
885,59.0,Female,Sales,Sales Manager,17,Bachelor,200322.0,5,7.0,Yes,43,Yes,62,10,Yes,2021-10-04,No,Karachi,Full-Time,10,10,0,200.322
886,33.0,Female,Marketing,Marketing Specialist,7,Bachelor,106545.0,3,5.0,Yes,47,No,40,9,No,2013-12-18,No,Peshawar,Full-Time,5,15,0,106.545
887,38.0,Female,HR,Recruiter,3,Bachelor,99175.0,1,8.0,Yes,42,Yes,78,6,No,2018-03-22,No,Peshawar,Full-Time,7,5,0,99.175
888,42.0,Male,Marketing,SEO Executive,8,Bachelor,146212.0,1,6.0,No,42,No,6,6,No,2016-10-11,No,Lahore,Full-Time,6,10,0,146.212
889,30.0,Male,Finance,Accountant,9,PhD,115582.0,5,9.0,No,49,No,22,6,Yes,2020-05-29,No,Karachi,Contract,10,8,0,115.582
890,30.0,Male,Finance,Financial Analyst,1,PhD,63206.0,3,7.0,Yes,52,Yes,5,2,No,2021-03-06,No,Faisalabad,Full-Time,9,9,0,63.206
891,24.0,Female,Sales,Sales Manager,3,PhD,76847.0,2,10.0,No,53,No,17,4,No,2017-12-16,No,Rawalpindi,Full-Time,8,11,0,76.847
892,43.0,Female,IT,Software Engineer,22,PhD,206792.0,1,8.0,No,45,Yes,74,12,No,2015-05-07,No,Peshawar,Contract,8,5,0,206.792
893,30.0,Female,Sales,Sales Manager,2,Bachelor,53038.0,2,8.0,Yes,53,No,44,2,No,2024-04-10,No,Peshawar,Contract,9,6,0,53.038
894,27.0,Female,Finance,Financial Analyst,1,PhD,46015.0,1,5.0,Yes,38,No,56,2,No,2014-08-01,No,Lahore,Full-Time,10,5,0,46.015
895,57.0,Female,Sales,Sales Executive,12,PhD,234688.0,1,5.0,Yes,40,Yes,40,8,No,2017-05-13,No,Islamabad,Full-Time,10,2,0,234.688
896,60.0,Male,Marketing,Marketing Specialist,0,PhD,52924.0,4,8.0,No,39,No,5,1,Yes,2018-11-04,No,Peshawar,Contract,4,8,0,52.924
897,49.0,Male,Marketing,SEO Executive,5,Bachelor,91201.0,1,4.0,Yes,42,Yes,15,3,No,2015-02-25,Yes,Rawalpindi,Contract,9,7,1,91.201
898,30.0,Male,HR,HR Executive,4,Master,89394.0,4,6.0,Yes,35,No,7,4,No,2020-03-04,No,Karachi,Full-Time,10,4,0,89.394
899,47.0,Female,IT,Data Analyst,12,Bachelor,157194.0,4,6.0,No,39,No,32,15,Yes,2020-03-20,No,Peshawar,Contract,10,11,0,157.194
900,40.0,Female,Marketing,SEO Executive,5,Bachelor,72953.0,4,6.0,Yes,39,Yes,31,6,Yes,2026-06-26,No,Islamabad,Contract,9,6,0,72.953
901,38.0,Female,IT,DevOps Engineer,2,Master,46555.0,1,9.0,No,46,No,19,3,No,2016-01-09,No,Islamabad,Full-Time,7,6,0,46.555
902,52.0,Female,HR,Recruiter,23,Master,205311.0,3,3.0,Yes,44,Yes,40,11,No,2026-04-07,Yes,Rawalpindi,Full-Time,8,13,1,205.311
903,28.0,Female,Finance,Financial Analyst,0,Bachelor,45650.0,2,8.0,No,40,Yes,61,2,No,2021-06-20,No,Rawalpindi,Full-Time,4,9,0,45.65
904,53.0,Male,Finance,Accountant,14,Master,193940.0,5,7.0,No,47,No,77,11,No,2015-09-17,No,Islamabad,Contract,10,0,0,193.94
905,36.0,Female,Finance,Financial Analyst,4,Master,79203.0,2,6.0,No,51,No,13,6,No,2020-01-31,No,Faisalabad,Full-Time,5,0,0,79.203
906,36.0,Female,Marketing,SEO Executive,10,Master,111428.0,4,3.0,Yes,43,No,80,6,Yes,2021-11-18,Yes,Peshawar,Contract,9,0,1,111.428
907,38.0,Female,Marketing,Marketing Specialist,1,Master,64151.0,3,6.0,No,49,No,32,1,No,2022-10-07,No,Rawalpindi,Contract,5,14,0,64.151
908,27.0,Female,Sales,Sales Manager,6,PhD,116803.0,4,5.0,Yes,47,No,75,9,No,2012-04-30,No,Islamabad,Contract,5,2,0,116.803
909,45.0,Male,IT,DevOps Engineer,1,Bachelor,62799.0,5,8.0,Yes,38,No,47,1,No,2020-09-09,No,Rawalpindi,Contract,10,1,0,62.799
910,23.0,Female,Marketing,SEO Executive,0,Master,41090.0,1,7.0,No,42,No,59,2,No,2019-01-17,No,Rawalpindi,Contract,5,7,0,41.09
911,52.0,Female,IT,Data Analyst,13,Bachelor,241860.0,5,7.0,Yes,40,No,57,9,No,2025-02-26,No,Rawalpindi,Contract,5,15,0,241.86
912,23.0,Female,IT,DevOps Engineer,2,PhD,50783.0,5,7.0,Yes,45,No,65,1,No,2015-11-21,No,Faisalabad,Contract,10,6,0,50.783
913,32.0,Female,HR,Recruiter,6,Bachelor,141791.0,1,9.0,No,55,Yes,22,8,No,2023-07-30,No,Peshawar,Contract,10,3,0,141.791
914,57.0,Female,IT,Data Analyst,4,PhD,70974.0,4,7.0,Yes,40,Yes,56,6,Yes,2020-09-13,No,Rawalpindi,Contract,5,5,0,70.974
915,59.0,Male,Sales,Sales Executive,32,PhD,214295.0,5,6.0,No,48,Yes,34,9,No,2016-11-17,No,Karachi,Full-Time,5,14,0,214.295
916,49.0,Female,IT,DevOps Engineer,19,Master,226980.0,2,5.0,Yes,41,Yes,35,12,No,2021-02-22,No,Lahore,Contract,4,10,0,226.98
917,29.0,Female,Marketing,Marketing Specialist,5,PhD,84733.0,4,4.0,Yes,40,No,73,3,Yes,2020-11-27,Yes,Faisalabad,Contract,8,14,1,84.733
918,39.0,Male,Finance,Accountant,17,PhD,236335.0,1,6.0,Yes,39,No,73,11,No,2021-10-05,No,Peshawar,Contract,9,3,0,236.335
919,46.0,Female,Sales,Sales Executive,20,Master,238840.0,3,7.0,Yes,51,Yes,53,9,No,2022-05-29,No,Peshawar,Full-Time,9,8,0,238.84
920,43.0,Male,HR,HR Executive,6,Master,131192.0,5,7.0,No,48,Yes,62,6,Yes,2021-06-25,No,Karachi,Full-Time,5,1,0,131.192
921,55.0,Male,Marketing,Marketing Specialist,29,Bachelor,219296.0,5,3.0,Yes,52,No,43,10,Yes,2024-03-03,Yes,Rawalpindi,Full-Time,7,10,1,219.296
922,58.0,Male,HR,Recruiter,29,PhD,159864.0,5,6.0,Yes,48,No,19,14,No,2021-01-07,No,Islamabad,Full-Time,4,5,0,159.864
923,22.0,Male,Sales,Sales Executive,0,Bachelor,54951.0,2,8.0,No,41,No,39,1,No,2025-02-22,No,Lahore,Full-Time,7,6,0,54.951
924,33.0,Female,Marketing,SEO Executive,5,PhD,99490.0,1,8.0,No,35,Yes,43,3,No,2021-04-16,No,Peshawar,Contract,5,5,0,99.49
925,60.0,Male,HR,Recruiter,37,Bachelor,119197.5,2,7.0,No,40,No,56,13,No,2016-03-24,No,Lahore,Full-Time,4,1,0,119.1975
926,50.0,Male,Marketing,SEO Executive,4,Master,80428.0,3,10.0,No,46,Yes,59,4,No,2018-03-17,No,Lahore,Contract,4,8,0,80.428
927,56.0,Female,IT,DevOps Engineer,23,Master,181859.0,3,6.0,Yes,51,Yes,50,14,No,2020-04-15,No,Peshawar,Full-Time,10,14,0,181.859
928,39.0,Female,HR,Recruiter,13,Bachelor,180254.0,1,7.0,No,47,No,41,14,No,2022-07-31,No,Lahore,Full-Time,7,2,0,180.254
929,58.0,Female,Finance,Financial Analyst,11,Bachelor,183629.0,5,3.0,Yes,47,Yes,57,10,No,2012-12-11,Yes,Peshawar,Full-Time,8,4,1,183.629
930,51.0,Female,Sales,Sales Executive,5,Bachelor,89997.0,5,6.0,Yes,54,Yes,46,4,No,2016-01-08,No,Islamabad,Contract,9,15,0,89.997
931,33.0,Female,Sales,Sales Manager,12,Master,165914.0,3,5.0,Yes,40,No,36,11,No,2022-10-22,No,Karachi,Contract,8,3,0,165.914
932,60.0,Male,HR,HR Executive,9,Bachelor,101922.0,1,7.0,Yes,44,No,56,6,No,2014-03-25,No,Rawalpindi,Full-Time,6,4,0,101.922
933,36.0,Male,IT,Data Analyst,9,PhD,114268.0,1,7.0,No,41,No,24,8,No,2013-07-30,No,Faisalabad,Full-Time,4,15,0,114.268
934,56.0,Female,IT,DevOps Engineer,20,PhD,170941.0,3,4.0,Yes,45,Yes,71,10,No,2019-09-08,Yes,Rawalpindi,Contract,4,5,1,170.941
935,58.0,Female,HR,HR Executive,27,Master,231577.0,5,7.0,Yes,47,Yes,52,12,Yes,2026-03-02,No,Faisalabad,Full-Time,8,12,0,231.577
936,52.0,Female,IT,Software Engineer,15,PhD,230699.0,4,8.0,No,51,No,66,14,Yes,2019-07-23,No,Karachi,Contract,4,4,0,230.699
937,41.0,Female,Finance,Accountant,8,Bachelor,120839.0,1,6.0,No,41,No,56,7,No,2025-04-18,No,Peshawar,Full-Time,9,3,0,120.839
938,53.0,Female,IT,Data Analyst,12,PhD,215054.0,1,8.0,Yes,48,Yes,10,13,No,2024-01-20,No,Lahore,Full-Time,5,4,0,215.054
939,40.0,Male,HR,Accountant,33,Master,210243.0,2,8.0,No,40,No,40,8,No,2015-06-13,No,Lahore,Full-Time,6,14,0,210.243
940,39.0,Female,Marketing,Marketing Specialist,13,Bachelor,166865.0,3,10.0,No,35,No,46,11,No,2023-12-19,No,Rawalpindi,Contract,4,2,0,166.865
941,24.0,Female,IT,Data Analyst,0,Master,61542.0,5,4.0,Yes,46,No,50,1,No,2018-10-28,Yes,Peshawar,Full-Time,8,12,1,61.542
942,57.0,Female,Marketing,Marketing Specialist,32,Bachelor,221382.0,1,7.0,No,49,No,55,9,No,2023-09-10,No,Islamabad,Contract,6,11,0,221.382
943,47.0,Male,Marketing,Marketing Specialist,20,Master,156629.0,1,3.0,Yes,42,No,45,12,No,2022-10-17,No,Rawalpindi,Full-Time,8,9,0,156.629
944,37.0,Male,Finance,Accountant,5,Bachelor,92314.0,5,7.0,Yes,47,Yes,35,4,No,2016-09-03,No,Karachi,Full-Time,7,11,0,92.314
945,50.0,Male,Finance,Accountant,4,Master,89925.0,1,8.0,No,44,Yes,31,5,No,2013-04-28,No,Islamabad,Full-Time,7,7,0,89.925
946,34.0,Male,Sales,Sales Executive,3,PhD,78639.0,5,6.0,No,36,No,10,3,Yes,2026-01-14,No,Rawalpindi,Contract,8,15,0,78.639
947,29.0,Male,IT,DevOps Engineer,8,PhD,114572.0,1,8.0,No,39,No,17,6,No,2013-09-15,No,Karachi,Contract,5,3,0,114.572
948,57.0,Female,Marketing,SEO Executive,35,Bachelor,202342.0,2,6.0,Yes,38,No,9,11,No,2026-02-03,No,Islamabad,Full-Time,9,9,0,202.342
949,23.0,Female,HR,HR Executive,0,PhD,55599.0,3,7.0,No,43,No,12,2,No,2024-06-30,No,Rawalpindi,Full-Time,6,4,0,55.599
950,26.0,Female,IT,Data Analyst,3,PhD,93894.0,5,9.0,No,48,No,57,4,Yes,2022-06-16,No,Karachi,Contract,6,4,0,93.894
951,58.0,Female,HR,Recruiter,0,Master,44517.0,4,9.0,No,52,Yes,21,3,No,2026-04-18,No,Lahore,Full-Time,4,11,0,44.517
952,46.0,Female,IT,Software Engineer,1,Master,47749.0,4,7.0,No,42,Yes,52,1,Yes,2026-02-07,No,Karachi,Contract,7,1,0,47.749
953,22.0,Male,Sales,Sales Manager,0,Bachelor,59410.0,2,3.0,Yes,42,Yes,51,1,No,2023-08-31,No,Faisalabad,Full-Time,4,4,0,59.41
954,32.0,Male,Finance,Financial Analyst,7,Master,145620.0,3,7.0,Yes,38,No,10,10,No,2017-01-30,No,Faisalabad,Contract,5,1,0,145.62
955,24.0,Male,Marketing,SEO Executive,3,Master,91678.0,3,8.0,Yes,43,Yes,45,5,No,2023-06-16,No,Rawalpindi,Contract,10,9,0,91.678
956,40.0,Female,Marketing,SEO Executive,7,PhD,136532.0,5,8.0,No,52,No,49,6,No,2011-10-21,No,Karachi,Full-Time,4,6,0,136.532
957,47.0,Male,Finance,Financial Analyst,5,PhD,74895.0,4,3.0,Yes,50,No,57,3,Yes,2019-08-23,Yes,Karachi,Contract,8,12,1,74.895
958,30.0,Female,IT,Data Analyst,8,Master,100687.0,4,4.0,Yes,55,No,56,8,Yes,2018-06-01,Yes,Karachi,Contract,10,0,1,100.687
959,54.0,Female,IT,Data Analyst,1,Bachelor,62311.0,1,5.0,Yes,42,No,68,1,No,2021-09-08,No,Islamabad,Full-Time,7,3,0,62.311
960,44.0,Female,Sales,Sales Executive,18,Bachelor,173493.0,3,7.0,Yes,41,No,44,12,No,2021-09-05,No,Islamabad,Full-Time,4,14,0,173.493
961,46.0,Female,Finance,Accountant,23,PhD,162723.0,4,10.0,No,36,No,20,13,No,2020-05-12,No,Islamabad,Full-Time,8,2,0,162.723
962,47.0,Male,Sales,Sales Manager,13,Master,222578.0,2,9.0,No,54,No,76,11,No,2023-12-07,No,Rawalpindi,Full-Time,6,14,0,222.578
963,45.0,Female,Marketing,Marketing Specialist,1,Bachelor,67773.0,1,4.0,Yes,43,Yes,17,2,No,2025-09-12,Yes,Lahore,Contract,8,5,1,67.773
964,49.0,Female,Marketing,SEO Executive,7,Bachelor,145233.0,4,3.0,Yes,39,No,42,10,Yes,2013-03-21,No,Lahore,Full-Time,5,8,0,145.233
965,37.0,Male,HR,Recruiter,12,Master,183854.0,4,8.0,Yes,42,Yes,73,10,Yes,2015-02-07,No,Rawalpindi,Full-Time,7,10,0,183.854
966,37.0,Male,IT,Software Engineer,0,PhD,62568.0,1,5.0,Yes,54,Yes,27,1,No,2011-12-21,No,Karachi,Contract,7,8,0,62.568
967,41.0,Female,HR,HR Executive,2,PhD,69145.0,1,8.0,No,50,No,15,3,No,2024-11-09,No,Faisalabad,Full-Time,10,10,0,69.145
968,46.0,Male,Finance,Accountant,14,Master,176442.0,1,7.0,No,35,No,36,11,No,2020-01-06,No,Rawalpindi,Full-Time,4,6,0,176.442
969,31.0,Male,HR,Recruiter,7,Master,114309.0,1,8.0,Yes,51,No,56,7,No,2025-04-28,No,Rawalpindi,Contract,7,9,0,114.309
970,50.0,Male,Sales,Sales Executive,6,PhD,115600.0,1,7.0,No,54,Yes,69,9,No,2014-11-30,No,Islamabad,Full-Time,6,9,0,115.6
971,24.0,Female,Finance,Accountant,2,PhD,69419.0,3,9.0,No,55,No,51,2,No,2012-07-17,No,Karachi,Full-Time,4,5,0,69.419
972,30.0,Female,Sales,Sales Manager,9,Bachelor,100903.0,2,7.0,Yes,47,No,56,6,No,2023-12-14,No,Rawalpindi,Full-Time,9,8,0,100.903
973,58.0,Female,IT,Data Analyst,17,Master,234631.0,1,10.0,No,41,No,14,11,No,2025-03-27,No,Faisalabad,Contract,8,8,0,234.631
974,40.0,Female,Marketing,SEO Executive,2,Bachelor,44683.0,4,6.0,Yes,41,Yes,33,2,Yes,2016-02-16,No,Islamabad,Full-Time,6,8,0,44.683
975,32.0,Male,HR,HR Executive,10,Bachelor,136856.0,2,6.0,Yes,35,Yes,28,8,No,2017-09-20,No,Islamabad,Contract,6,14,0,136.856
976,34.0,Female,HR,HR Executive,7,Master,122348.0,4,7.0,No,51,Yes,70,9,Yes,2013-09-09,No,Lahore,Full-Time,9,4,0,122.348
977,25.0,Female,Sales,Sales Manager,4,Master,87110.0,4,6.0,Yes,37,No,78,3,No,2025-10-15,No,Karachi,Contract,9,11,0,87.11
978,47.0,Male,Sales,Sales Manager,24,PhD,240006.0,5,6.0,No,53,Yes,74,15,No,2016-02-28,No,Islamabad,Contract,6,7,0,240.006
979,47.0,Male,HR,HR Executive,1,PhD,53670.0,4,5.0,Yes,39,Yes,58,1,No,2018-12-26,No,Karachi,Full-Time,7,10,0,53.67
980,39.0,Female,Sales,Sales Manager,15,PhD,192267.0,3,6.0,Yes,46,Yes,37,13,No,2013-01-19,No,Faisalabad,Contract,7,15,0,192.267
981,22.0,Male,Finance,Accountant,1,PhD,57072.0,5,9.0,No,39,Yes,50,2,No,2024-11-26,No,Rawalpindi,Contract,10,2,0,57.072
982,42.0,Male,Finance,Financial Analyst,4,Bachelor,78520.0,5,7.0,No,54,No,5,3,Yes,2013-08-18,No,Islamabad,Contract,8,4,0,78.52
983,56.0,Female,Marketing,SEO Executive,1,PhD,66888.0,1,7.0,No,37,Yes,36,2,No,2018-05-26,No,Lahore,Contract,9,13,0,66.888
984,41.0,Female,HR,DevOps Engineer,4,Bachelor,119197.5,1,8.0,Yes,45,Yes,8,4,No,2021-08-26,No,Faisalabad,Contract,10,8,0,119.1975
985,39.0,Male,IT,Software Engineer,18,Master,229613.0,5,7.0,No,53,Yes,39,15,No,2022-09-28,No,Peshawar,Full-Time,7,10,0,229.613
986,45.0,Female,IT,Software Engineer,19,Master,189167.0,1,10.0,No,41,No,67,13,No,2025-10-13,No,Faisalabad,Full-Time,7,9,0,189.167
987,42.0,Female,IT,DevOps Engineer,20,PhD,238713.0,3,4.0,Yes,55,Yes,60,8,No,2017-11-18,No,Lahore,Contract,8,0,0,238.713
988,39.0,Male,Marketing,SEO Executive,1,Bachelor,69863.0,5,7.0,No,39,No,7,3,No,2022-09-23,No,Karachi,Contract,10,14,0,69.863
989,36.0,Male,HR,HR Executive,14,PhD,187447.0,4,10.0,No,54,Yes,44,14,No,2013-11-29,No,Rawalpindi,Contract,6,2,0,187.447
990,34.0,Male,Finance,Accountant,8,PhD,139739.0,5,7.0,No,47,Yes,78,8,Yes,2017-10-26,No,Peshawar,Full-Time,10,13,0,139.739
991,49.0,Male,HR,HR Executive,23,PhD,243904.0,2,6.0,No,48,No,71,12,No,2013-01-29,No,Islamabad,Contract,7,6,0,243.904
992,22.0,Female,Sales,Sales Executive,1,Bachelor,61535.0,1,5.0,Yes,37,No,74,3,No,2018-12-08,No,Faisalabad,Full-Time,6,4,0,61.535
993,45.0,Female,HR,Recruiter,18,Master,205103.0,2,6.0,Yes,49,Yes,65,10,No,2017-09-19,No,Karachi,Full-Time,5,3,0,205.103
994,31.0,Male,Marketing,Marketing Specialist,3,Master,71176.0,3,9.0,No,43,Yes,75,6,No,2025-11-13,No,Peshawar,Full-Time,10,8,0,71.176
995,38.0,Male,Sales,Sales Manager,14,Master,191140.0,5,7.0,Yes,37,No,31,11,Yes,2012-02-01,No,Rawalpindi,Contract,8,14,0,191.14
996,42.0,Female,Finance,Accountant,19,Bachelor,198443.0,2,6.0,Yes,52,No,75,14,No,2017-02-25,No,Faisalabad,Contract,7,14,0,198.443
997,31.0,Male,HR,HR Executive,10,Master,109891.0,5,8.0,Yes,38,Yes,8,7,Yes,2018-03-31,No,Rawalpindi,Full-Time,7,10,0,109.891
998,31.0,Female,Marketing,Marketing Specialist,10,Bachelor,101740.0,1,7.0,Yes,47,Yes,11,9,No,2025-11-08,No,Faisalabad,Full-Time,7,14,0,101.74
999,52.0,Male,HR,HR Executive,9,Master,114673.0,5,8.0,No,48,No,10,8,Yes,2024-06-05,No,Faisalabad,Full-Time,9,7,0,114.673
1000,42.0,Female,Sales,Sales Manager,16,PhD,175035.0,3,8.0,Yes,49,No,61,13,No,2013-01-31,No,Rawalpindi,Full-Time,9,7,0,175.035
