Age,Gender,Experience,Salary,Performance_Score,Job_Satisfaction,Overtime,Work_Hours,Remote_Work,Training_Hours,Projects,Promotion_Last_5Yrs,Manager_Rating,Sick_Leaves,Years_At_Company,Previous_Experience,Salary_Per_Experience,Workload_Score,Department_HR,Department_IT,Department_Marketing,Department_Sales,Job_Role_Data Analyst,Job_Role_DevOps Engineer,Job_Role_Financial Analyst,Job_Role_HR Executive,Job_Role_Marketing Specialist,Job_Role_Recruiter,Job_Role_SEO Executive,Job_Role_Sales Executive,Job_Role_Sales Manager,Job_Role_Software Engineer,Education_Master,Education_PhD,City_Islamabad,City_Karachi,City_Lahore,City_Peshawar,City_Rawalpindi,Employment_Type_Full-Time,Salary_Band_Medium,Salary_Band_High,Salary_Band_Very High,Experience_Band_Junior,Experience_Band_Mid Level,Experience_Band_Senior,Satisfaction_Category_Medium,Satisfaction_Category_High,Performance_Category_Average,Performance_Category_High
40.0,0,3,94113.0,5,6.0,1,46,0,70,5,No,5,6,14.6,0.0,31371.0,9.6,0,0,0,1,0,0,0,0,0,0,0,0,1,0,1,0,0,0,0,0,1,0,1,0,0,1,0,0,1,0,0,1
39.0,1,2,54224.0,4,9.0,0,36,0,33,3,Yes,4,4,10.9,0.0,27112.0,6.6,0,0,0,1,0,0,0,0,0,0,0,0,1,0,1,0,1,0,0,0,0,1,0,0,0,0,0,0,0,1,0,1
49.0,0,25,166749.0,2,6.0,0,48,1,75,12,No,8,2,11.7,13.3,6669.96,16.8,0,0,0,0,0,0,1,0,0,0,0,0,0,0,1,0,1,0,0,0,0,1,0,1,0,0,0,1,1,0,0,0
54.0,1,26,196590.0,5,4.0,1,51,1,64,12,No,4,5,4.0,22.0,7561.15,17.1,0,0,1,0,0,0,0,0,1,0,0,0,0,0,0,0,0,0,0,0,1,0,0,0,1,0,0,1,0,0,0,1
41.0,1,18,231764.0,3,8.0,1,40,1,15,12,No,10,8,4.9,13.1,12875.78,16.0,0,1,0,0,1,0,0,0,0,0,0,0,0,0,0,1,0,0,0,0,1,0,0,0,1,0,0,1,0,1,1,0
40.0,0,0,45627.0,4,8.0,0,47,0,51,3,Yes,7,12,1.6,0.0,45627.0,7.7,0,1,0,0,1,0,0,0,0,0,0,0,0,0,1,0,0,1,0,0,0,1,0,0,0,0,0,0,0,1,0,1
22.0,0,0,68148.0,2,3.0,1,55,1,60,1,No,7,6,13.7,0.0,68148.0,6.5,1,0,0,0,0,0,0,1,0,0,0,0,0,0,0,0,0,0,0,1,0,1,0,0,0,0,0,0,0,0,0,0
52.0,1,1,64208.0,4,4.0,1,50,0,79,3,No,7,7,8.7,0.0,64208.0,8.0,0,0,0,1,0,0,0,0,0,0,0,1,0,0,0,0,0,0,1,0,0,1,0,0,0,0,0,0,0,0,0,1
43.0,0,3,119197.5,5,9.0,0,52,1,67,6,No,8,12,14.6,0.0,39732.5,11.2,1,0,0,0,0,0,0,0,0,0,0,1,0,0,0,1,0,0,0,1,0,0,1,0,0,1,0,0,0,1,0,1
55.0,0,27,119197.5,4,7.0,0,50,0,60,14,No,4,0,11.7,15.3,4414.72,19.0,1,0,0,0,0,0,0,1,0,0,0,0,0,0,0,1,1,0,0,0,0,1,1,0,0,0,0,1,1,0,0,1
44.0,1,7,139459.0,2,10.0,0,47,0,65,9,No,6,5,7.4,0.0,19922.71,13.7,1,0,0,0,0,0,0,0,0,1,0,0,0,0,0,1,0,0,1,0,0,0,0,1,0,0,1,0,0,1,0,0
27.0,1,1,59849.0,1,10.0,0,48,0,35,2,No,10,6,14.6,0.0,59849.0,6.8,1,0,0,0,0,0,0,0,0,1,0,0,0,0,0,0,0,1,0,0,0,1,0,0,0,0,0,0,0,1,0,0
40.0,1,11,215991.0,1,6.0,1,48,1,20,8,No,6,7,12.0,0.0,19635.55,12.8,0,1,0,0,0,0,0,0,0,0,0,0,0,1,0,1,0,0,1,0,0,1,0,0,1,0,0,1,1,0,0,0
44.0,0,17,242589.0,4,7.0,1,49,1,18,8,Yes,10,1,5.3,11.7,14269.94,12.9,0,0,0,0,0,0,1,0,0,0,0,0,0,0,1,0,0,0,1,0,0,1,0,0,1,0,0,1,1,0,0,1
35.0,1,2,64968.0,4,3.0,1,38,0,47,3,Yes,9,4,6.8,0.0,32484.0,6.8,1,0,0,0,0,0,0,1,0,0,0,0,0,0,0,1,1,0,0,0,0,0,0,0,0,0,0,0,0,0,0,1
37.0,1,10,105585.0,3,7.0,0,48,1,24,8,No,9,13,11.7,0.0,10558.5,12.8,0,0,0,1,0,0,0,0,0,0,0,1,0,0,1,0,0,0,0,0,0,1,1,0,0,0,1,0,1,0,1,0
48.0,1,14,153901.0,2,6.0,1,35,1,48,15,No,10,10,6.2,7.8,10992.93,18.5,1,0,0,0,0,0,0,0,0,1,0,0,0,0,0,1,0,1,0,0,0,0,0,1,0,0,0,1,1,0,0,0
25.0,1,0,69573.0,1,8.0,0,51,0,56,3,No,9,9,2.9,0.0,69573.0,8.1,1,0,0,0,0,0,0,0,0,1,0,0,0,0,0,1,0,0,0,1,0,1,0,0,0,0,0,0,0,1,0,0
39.0,0,12,221358.0,3,6.0,0,55,1,43,15,No,10,2,14.9,0.0,18446.5,20.5,0,0,0,0,0,0,0,0,0,0,0,0,0,0,1,0,0,0,0,1,0,1,0,0,1,0,0,1,1,0,1,0
46.0,0,16,162166.0,5,4.0,1,55,1,8,12,No,6,8,2.9,13.1,10135.38,17.5,0,0,1,0,0,0,0,0,0,0,1,0,0,0,0,1,1,0,0,0,0,1,0,1,0,0,0,1,0,0,0,1
25.0,1,2,44057.0,1,8.0,1,44,0,48,1,No,7,7,4.5,0.0,22028.5,5.4,0,0,0,1,0,0,0,0,0,0,0,1,0,0,0,1,0,0,0,0,0,0,0,0,0,0,0,0,0,1,0,0
44.0,1,9,146815.0,5,5.0,1,42,0,71,9,No,9,6,9.9,0.0,16312.78,13.2,0,0,1,0,0,0,0,0,1,0,0,0,0,0,0,1,0,0,0,1,0,1,0,1,0,0,1,0,1,0,0,1
49.0,1,2,69114.0,4,7.0,1,49,0,72,1,No,5,12,12.7,0.0,34557.0,5.9,0,1,0,0,0,0,0,0,0,0,0,0,0,1,0,0,0,1,0,0,0,0,0,0,0,0,0,0,1,0,0,1
49.0,1,22,171344.0,5,7.0,0,50,1,70,10,No,5,3,0.6,21.4,7788.36,15.0,0,0,0,0,0,0,1,0,0,0,0,0,0,0,1,0,0,0,0,1,0,0,0,1,0,0,0,1,1,0,0,1
32.0,1,1,43960.0,5,5.0,1,36,1,52,2,No,6,9,10.0,0.0,43960.0,5.6,0,0,0,1,0,0,0,0,0,0,0,1,0,0,0,1,0,0,0,0,1,1,0,0,0,0,0,0,1,0,0,1
23.0,0,0,69302.0,3,6.0,0,40,1,20,2,No,5,11,13.6,0.0,69302.0,6.0,0,0,0,0,0,0,1,0,0,0,0,0,0,0,0,1,0,0,0,0,1,1,0,0,0,0,0,0,1,0,1,0
52.0,1,28,244376.0,2,8.0,0,55,0,62,10,No,8,4,13.6,14.4,8727.71,15.5,1,0,0,0,1,0,0,0,0,0,0,0,0,0,1,0,0,0,0,0,1,0,0,0,1,0,0,1,0,1,0,0
48.0,1,7,143938.0,3,7.0,1,37,1,78,9,No,9,9,2.3,4.7,20562.57,12.7,0,1,0,0,0,1,0,0,0,0,0,0,0,0,1,0,1,0,0,0,0,1,0,1,0,0,1,0,1,0,1,0
57.0,0,12,224743.0,4,4.0,1,35,1,7,11,Yes,8,8,6.0,6.0,18728.58,14.5,0,1,0,0,0,1,0,0,0,0,0,0,0,0,0,1,0,0,0,0,0,1,0,0,1,0,0,1,0,0,0,1
27.0,1,3,98245.0,3,9.0,0,40,1,72,3,No,7,10,2.9,0.1,32748.33,7.0,0,0,1,0,0,0,0,0,0,0,1,0,0,0,0,1,0,1,0,0,0,0,1,0,0,1,0,0,0,1,1,0
29.0,0,8,352095.375,1,7.0,0,44,1,12,8,No,5,10,4.1,3.9,44011.92,12.4,0,0,0,0,0,0,0,0,0,0,0,0,0,0,0,0,1,0,0,0,0,1,0,0,1,0,1,0,1,0,0,0
25.0,1,3,83527.0,3,6.0,1,38,1,35,5,No,7,7,7.0,0.0,27842.33,8.8,0,1,0,0,0,1,0,0,0,0,0,0,0,0,0,0,1,0,0,0,0,1,1,0,0,1,0,0,1,0,1,0
29.0,1,0,42144.0,1,4.0,1,55,1,39,2,No,7,3,0.4,0.0,42144.0,7.5,0,0,1,0,0,0,0,0,0,0,1,0,0,0,1,0,0,0,0,0,1,0,0,0,0,0,0,0,0,0,0,0
58.0,1,28,168660.0,5,9.0,0,42,0,10,13,No,5,0,9.3,18.7,6023.57,17.2,1,0,0,0,0,0,0,0,0,1,0,0,0,0,0,0,0,0,0,1,0,1,0,1,0,0,0,1,0,1,0,1
25.0,1,2,51515.0,2,8.0,0,51,1,25,3,No,8,2,6.7,0.0,25757.5,8.1,1,0,0,0,0,0,0,1,0,0,0,0,0,0,0,1,1,0,0,0,0,0,0,0,0,0,0,0,0,1,0,0
29.0,0,8,140006.0,3,8.0,0,45,0,39,10,No,9,7,2.6,5.4,17500.75,14.5,0,1,0,0,1,0,0,0,0,0,0,0,0,0,1,0,0,0,0,0,1,1,0,1,0,0,1,0,0,1,1,0
51.0,1,0,59948.0,1,6.0,0,40,0,55,2,No,4,2,5.7,0.0,59948.0,6.0,0,0,0,0,0,0,0,0,0,0,0,0,0,0,0,1,0,0,1,0,0,1,0,0,0,0,0,0,1,0,0,0
50.0,0,11,200692.0,1,7.0,0,49,1,61,10,No,4,0,2.1,8.9,18244.73,14.9,0,0,1,0,0,0,0,0,1,0,0,0,0,0,1,0,0,0,0,0,0,0,0,0,1,0,0,1,1,0,0,0
44.0,0,2,66490.0,2,10.0,0,50,1,40,3,No,5,15,6.3,0.0,33245.0,8.0,0,1,0,0,1,0,0,0,0,0,0,0,0,0,0,1,0,0,0,1,0,0,0,0,0,0,0,0,0,1,0,0
34.0,1,1,45586.0,2,8.0,1,53,1,80,3,No,9,4,4.4,0.0,45586.0,8.3,1,0,0,0,0,0,0,1,0,0,0,0,0,0,1,0,0,0,0,0,0,0,0,0,0,0,0,0,0,1,0,0
38.0,0,16,238864.0,5,8.0,0,43,1,59,8,No,8,1,14.3,1.7,14929.0,12.3,0,1,0,0,0,0,0,0,0,0,0,0,0,1,0,1,1,0,0,0,0,1,0,0,1,0,0,1,0,1,0,1
29.0,1,7,147265.0,1,7.0,0,48,0,5,7,No,6,12,11.6,0.0,21037.86,11.8,0,0,0,1,0,0,0,0,0,0,0,0,1,0,1,0,0,0,0,0,0,1,0,1,0,0,1,0,1,0,0,0
58.0,0,14,182765.0,2,6.0,1,44,1,8,11,No,6,15,10.7,3.3,13054.64,15.4,0,0,0,0,0,0,0,0,0,0,0,0,0,0,0,1,0,0,0,0,1,1,0,0,1,0,0,1,1,0,0,0
43.0,1,7,122334.0,3,7.0,1,42,0,17,6,No,8,14,13.8,0.0,17476.29,10.2,0,1,0,0,0,1,0,0,0,0,0,0,0,0,0,0,0,0,0,0,1,1,0,1,0,0,1,0,1,0,1,0
25.0,0,3,95645.0,1,3.0,1,49,0,60,4,No,10,2,11.5,0.0,31881.67,8.9,0,1,0,0,0,0,0,0,0,0,0,0,0,1,1,0,0,0,0,1,0,1,1,0,0,1,0,0,0,0,0,0
25.0,1,3,77638.0,4,9.0,0,49,1,48,3,No,7,0,13.5,0.0,25879.33,7.9,0,1,0,0,0,1,0,0,0,0,0,0,0,0,1,0,0,1,0,0,0,0,1,0,0,1,0,0,0,1,0,1
28.0,0,0,59427.0,5,10.0,0,55,0,58,1,No,5,15,10.8,0.0,59427.0,6.5,0,0,1,0,0,0,0,0,1,0,0,0,0,0,0,1,0,0,0,1,0,1,0,0,0,0,0,0,0,1,0,1
30.0,0,0,56814.0,3,7.0,1,53,1,65,3,No,6,9,5.5,0.0,56814.0,8.3,1,0,0,0,0,0,0,1,0,0,0,0,0,0,0,0,1,0,0,0,0,0,0,0,0,0,0,0,1,0,1,0
45.0,0,16,157512.0,5,4.0,1,52,0,49,11,Yes,10,6,9.5,6.5,9844.5,16.2,0,0,0,0,0,0,1,0,0,0,0,0,0,0,0,1,0,0,0,1,0,1,0,1,0,0,0,1,0,0,0,1
52.0,1,21,230753.0,4,4.0,1,40,0,10,12,Yes,6,15,9.5,11.5,10988.24,16.0,0,0,0,0,0,0,0,0,0,0,0,0,0,0,0,1,0,0,0,0,0,0,0,0,1,0,0,1,0,0,0,1
51.0,0,7,148501.0,2,5.0,1,40,0,6,9,No,7,2,11.9,0.0,21214.43,13.0,1,0,0,0,0,0,0,1,0,0,0,0,0,0,1,0,0,0,0,1,0,0,0,1,0,0,1,0,1,0,0,0
29.0,0,4,71438.0,2,5.0,1,44,1,38,3,No,5,5,11.0,0.0,17859.5,7.4,0,1,0,0,0,1,0,0,0,0,0,0,0,0,1,0,0,0,1,0,0,0,1,0,0,1,0,0,1,0,0,0
33.0,0,0,40687.0,2,6.0,1,55,0,31,3,No,7,9,1.0,0.0,40687.0,8.5,0,0,1,0,0,0,0,0,1,0,0,0,0,0,0,0,1,0,0,0,0,1,0,0,0,0,0,0,1,0,0,0
45.0,0,16,165531.0,2,7.0,1,41,0,52,10,No,10,10,5.3,10.7,10345.69,14.1,1,0,0,0,0,0,0,0,0,1,0,0,0,0,0,1,0,0,0,0,1,1,0,1,0,0,0,1,1,0,0,0
24.0,0,2,41745.0,3,10.0,0,39,1,15,3,No,10,15,5.9,0.0,20872.5,6.9,0,0,0,1,0,0,0,0,0,0,0,1,0,0,0,0,1,0,0,0,0,1,0,0,0,0,0,0,0,1,1,0
54.0,1,32,352095.375,3,10.0,0,50,0,39,13,No,8,12,12.4,19.6,11002.98,18.0,0,1,0,0,0,0,0,0,0,0,0,0,0,1,1,0,0,0,0,0,1,0,0,0,1,0,0,1,0,1,1,0
36.0,0,14,190107.0,4,7.0,0,40,0,75,14,Yes,8,2,4.1,9.9,13579.07,18.0,0,1,0,0,0,0,0,0,0,0,0,0,0,1,0,0,0,0,0,0,1,1,0,0,1,0,0,1,1,0,0,1
55.0,1,14,217143.0,4,8.0,0,49,0,52,13,No,7,15,12.6,1.4,15510.21,17.9,0,0,0,0,0,0,1,0,0,0,0,0,0,0,0,1,0,1,0,0,0,0,0,0,1,0,0,1,0,1,0,1
33.0,1,3,81766.0,3,3.0,1,51,0,34,3,No,10,3,9.3,0.0,27255.33,8.1,0,0,0,1,0,0,0,0,0,0,0,1,0,0,1,0,0,0,0,1,0,1,1,0,0,1,0,0,0,0,1,0
56.0,0,21,182771.0,3,5.0,1,54,0,6,12,No,5,9,0.2,20.8,8703.38,17.4,0,0,0,0,0,0,0,0,0,0,0,0,0,0,0,0,0,0,0,1,0,0,0,0,1,0,0,1,1,0,1,0
47.0,0,15,202101.0,2,9.0,0,41,1,71,11,No,9,14,5.4,9.6,13473.4,15.1,0,0,0,0,0,0,1,0,0,0,0,0,0,0,0,1,0,0,0,0,0,1,0,0,1,0,0,1,0,1,0,0
42.0,0,13,207498.0,5,6.0,1,46,1,44,15,No,4,0,6.7,6.3,15961.38,19.6,0,0,0,0,0,0,0,0,0,0,0,0,0,0,0,1,0,0,0,0,1,1,0,0,1,0,0,1,1,0,0,1
48.0,1,21,192739.0,5,6.0,1,36,1,47,8,Yes,10,12,4.7,16.3,9178.05,11.6,0,0,0,0,0,0,0,0,0,0,0,0,0,0,1,0,0,0,0,1,0,0,0,0,1,0,0,1,1,0,0,1
56.0,1,12,224647.0,3,3.0,1,40,1,9,15,No,4,15,2.4,9.6,18720.58,19.0,0,0,0,1,0,0,0,0,0,0,0,1,0,0,1,0,0,1,0,0,0,0,0,0,1,0,0,1,0,0,1,0
46.0,1,6,129796.0,3,4.0,1,35,0,57,6,No,8,12,3.4,2.6,21632.67,9.5,1,0,0,0,0,0,0,1,0,0,0,0,0,0,0,0,1,0,0,0,0,1,0,1,0,0,1,0,0,0,1,0
52.0,0,24,190600.0,4,8.0,0,54,1,69,14,Yes,5,14,11.6,12.4,7941.67,19.4,1,0,0,0,0,0,0,0,0,1,0,0,0,0,0,0,0,0,1,0,0,1,0,0,1,0,0,1,0,1,0,1
50.0,0,26,218925.0,5,9.0,0,49,1,16,13,No,7,9,14.5,11.5,8420.19,17.9,0,1,0,0,0,0,0,0,0,0,0,0,0,1,1,0,0,0,0,0,0,1,0,0,1,0,0,1,0,1,0,1
33.0,1,3,85002.0,2,4.0,1,53,0,10,6,No,9,7,10.3,0.0,28334.0,11.3,0,0,0,0,0,0,1,0,0,0,0,0,0,0,0,0,0,0,0,0,0,0,1,0,0,1,0,0,0,0,0,0
26.0,0,3,82082.0,1,7.0,0,45,0,26,3,No,8,8,11.0,0.0,27360.67,7.5,0,0,1,0,0,0,0,0,0,0,1,0,0,0,1,0,0,0,0,0,0,1,1,0,0,1,0,0,1,0,0,0
51.0,0,2,52489.0,4,6.0,0,41,1,6,2,Yes,10,8,11.8,0.0,26244.5,6.1,0,0,1,0,0,0,0,0,1,0,0,0,0,0,0,1,0,0,0,1,0,0,0,0,0,0,0,0,1,0,0,1
53.0,1,4,119197.5,2,7.0,1,43,1,7,6,No,7,3,0.9,3.1,29799.38,10.3,0,0,0,0,0,0,1,0,0,0,0,0,0,0,0,0,0,0,0,0,0,1,1,0,0,1,0,0,1,0,0,0
47.0,0,2,45029.0,3,8.0,1,41,1,61,2,No,5,1,1.9,0.1,22514.5,6.1,0,1,0,0,0,1,0,0,0,0,0,0,0,0,0,1,0,1,0,0,0,0,0,0,0,0,0,0,0,1,1,0
46.0,1,14,156378.0,2,6.0,1,46,1,16,14,No,5,0,10.3,3.7,11169.86,18.6,0,0,1,0,0,0,0,0,1,0,0,0,0,0,0,0,0,0,0,0,0,1,0,1,0,0,0,1,1,0,0,0
43.0,0,21,162661.0,2,7.0,1,48,0,46,10,No,4,6,5.2,15.8,7745.76,14.8,0,1,0,0,0,0,0,0,0,0,0,0,0,1,0,1,0,1,0,0,0,1,0,1,0,0,0,1,1,0,0,0
49.0,0,7,121192.0,1,9.0,0,55,1,54,7,No,7,6,9.1,0.0,17313.14,12.5,1,0,0,0,0,0,0,0,0,1,0,0,0,0,0,0,0,1,0,0,0,0,0,1,0,0,1,0,0,1,0,0
39.0,1,1,49880.0,4,8.0,1,52,0,17,3,No,4,10,1.3,0.0,49880.0,8.2,1,0,0,0,0,0,0,1,0,0,0,0,0,0,0,0,0,0,1,0,0,0,0,0,0,0,0,0,0,1,0,1
40.0,1,10,101156.0,5,7.0,1,47,1,34,10,Yes,7,0,8.1,1.9,10115.6,14.7,1,0,0,0,0,0,0,0,0,1,0,0,0,0,1,0,0,1,0,0,0,0,1,0,0,0,1,0,1,0,0,1
49.0,0,19,199089.0,3,10.0,0,39,1,9,15,No,5,7,11.0,8.0,10478.37,18.9,0,0,0,0,0,0,0,0,0,0,0,0,0,0,0,0,0,1,0,0,0,1,0,0,1,0,0,1,0,1,1,0
30.0,1,5,91235.0,1,7.0,0,45,1,31,5,No,5,1,11.3,0.0,18247.0,9.5,0,0,0,1,0,0,0,0,0,0,0,0,1,0,0,1,0,1,0,0,0,0,1,0,0,1,0,0,1,0,0,0
55.0,1,11,158469.0,1,4.0,1,36,1,21,15,No,5,2,6.6,4.4,14406.27,18.6,1,0,0,0,0,0,0,0,0,1,0,0,0,0,1,0,0,0,0,1,0,1,0,1,0,0,0,1,0,0,0,0
37.0,0,13,171516.0,2,8.0,1,40,0,41,11,No,7,14,11.1,1.9,13193.54,15.0,0,0,1,0,0,0,0,0,1,0,0,0,0,0,0,1,0,0,0,0,1,0,0,1,0,0,0,1,0,1,0,0
52.0,0,23,211697.0,4,9.0,0,54,1,66,15,No,8,0,6.2,16.8,9204.22,20.4,1,0,0,0,0,0,0,0,0,1,0,0,0,0,1,0,0,0,0,0,1,1,0,0,1,0,0,1,0,1,0,1
60.0,0,35,199866.0,3,7.0,0,44,0,14,15,No,7,10,1.5,33.5,5710.46,19.4,0,1,0,0,1,0,0,0,0,0,0,0,0,0,0,1,0,0,1,0,0,0,0,0,1,0,0,1,1,0,1,0
31.0,0,0,56103.0,4,9.0,0,46,0,44,2,Yes,7,2,9.0,0.0,56103.0,6.6,0,0,0,1,0,0,0,0,0,0,0,1,0,0,0,0,0,0,0,0,0,0,0,0,0,0,0,0,0,1,0,1
58.0,0,12,216795.0,3,9.0,0,36,0,36,15,No,9,7,11.7,0.3,18066.25,18.6,0,1,0,0,1,0,0,0,0,0,0,0,0,0,1,0,1,0,0,0,0,0,0,0,1,0,0,1,0,1,1,0
23.0,0,1,48332.0,5,6.0,1,40,1,16,1,Yes,8,12,0.0,1.0,48332.0,5.0,0,1,0,0,1,0,0,0,0,0,0,0,0,0,0,1,0,0,0,0,1,1,0,0,0,0,0,0,1,0,0,1
49.0,0,26,215620.0,5,4.0,1,48,1,78,14,No,6,11,7.4,18.6,8293.08,18.8,0,0,1,0,0,0,0,0,1,0,0,0,0,0,1,0,1,0,0,0,0,0,0,0,1,0,0,1,0,0,0,1
41.0,0,5,72288.0,5,8.0,0,55,0,26,6,Yes,7,5,13.6,0.0,14457.6,11.5,1,0,0,0,0,0,0,0,0,1,0,0,0,0,1,0,0,1,0,0,0,1,1,0,0,1,0,0,0,1,0,1
53.0,0,32,174331.0,1,8.0,1,40,0,57,11,No,9,14,14.3,17.7,5447.84,15.0,1,0,0,0,0,0,0,1,0,0,0,0,0,0,0,0,0,0,0,0,1,1,0,1,0,0,0,1,0,1,0,0
32.0,0,4,79068.0,3,3.0,1,53,0,67,3,No,4,3,13.4,0.0,19767.0,8.3,0,0,1,0,0,0,0,0,1,0,0,0,0,0,0,0,0,0,0,0,1,1,1,0,0,1,0,0,0,0,1,0
59.0,0,6,124619.0,5,8.0,0,43,0,48,10,No,10,13,5.6,0.4,20769.83,14.3,0,0,0,0,0,0,0,0,0,0,0,0,0,0,0,0,0,0,0,0,0,1,0,1,0,0,1,0,0,1,0,1
37.0,1,12,196665.0,1,10.0,0,49,1,8,13,No,4,3,3.1,8.9,16388.75,17.9,0,0,0,0,0,0,1,0,0,0,0,0,0,0,1,0,0,0,0,0,0,1,0,0,1,0,0,1,0,1,0,0
45.0,1,19,217490.0,2,8.0,0,55,1,51,14,No,4,1,8.7,10.3,11446.84,19.5,0,0,0,0,0,0,0,0,0,0,0,0,0,0,0,1,0,0,0,1,0,0,0,0,1,0,0,1,0,1,0,0
60.0,1,25,119197.5,4,10.0,0,38,0,29,14,Yes,9,4,14.1,10.9,4767.9,17.8,0,0,0,1,0,0,0,0,0,0,0,1,0,0,0,1,0,0,0,0,0,1,1,0,0,0,0,1,0,1,0,1
27.0,1,6,111013.0,1,7.0,1,52,1,32,9,No,7,5,9.3,0.0,18502.17,14.2,1,0,0,0,0,0,0,0,0,1,0,0,0,0,0,1,0,0,0,0,0,0,1,0,0,0,1,0,1,0,0,0
49.0,0,5,77221.0,4,4.0,1,38,0,16,5,Yes,9,10,0.1,4.9,15444.2,8.8,0,1,0,0,0,0,0,0,0,0,0,0,0,1,1,0,0,0,0,0,1,0,1,0,0,1,0,0,0,0,0,1
46.0,1,25,165163.0,1,7.0,0,37,1,19,12,No,4,11,7.1,17.9,6606.52,15.7,0,0,0,0,0,0,1,0,0,0,0,0,0,0,0,0,0,0,1,0,0,0,0,1,0,0,0,1,1,0,0,0
58.0,0,19,200875.0,3,7.0,1,46,1,18,14,No,10,12,0.4,18.6,10572.37,18.6,0,0,0,0,0,0,1,0,0,0,0,0,0,0,0,0,0,0,0,0,0,1,0,0,1,0,0,1,1,0,1,0
31.0,1,3,74830.0,2,8.0,0,36,0,69,5,No,9,3,2.1,0.9,24943.33,8.6,0,0,0,1,0,0,0,0,0,0,0,0,1,0,1,0,0,0,0,1,0,0,1,0,0,1,0,0,0,1,0,0
35.0,1,4,96548.0,2,8.0,1,41,1,27,5,No,10,15,14.8,0.0,24137.0,9.1,0,0,1,0,0,0,0,0,0,0,1,0,0,0,0,1,0,0,0,0,1,1,1,0,0,1,0,0,0,1,0,0
32.0,0,8,119197.5,3,8.0,0,47,1,72,9,No,10,9,4.2,3.8,14899.69,13.7,0,0,0,1,0,0,0,0,0,0,0,0,1,0,1,0,1,0,0,0,0,0,1,0,0,0,1,0,0,1,1,0
28.0,0,5,84992.0,5,7.0,0,49,0,23,4,Yes,5,6,4.8,0.2,16998.4,8.9,1,0,0,0,0,0,0,0,0,1,0,0,0,0,0,1,0,1,0,0,0,0,1,0,0,1,0,0,1,0,0,1
58.0,0,9,103691.0,3,7.0,1,40,1,70,6,No,7,10,7.0,2.0,11521.22,10.0,0,1,0,0,1,0,0,0,0,0,0,0,0,0,1,0,0,0,0,0,1,1,1,0,0,0,1,0,1,0,1,0
47.0,0,1,56011.0,5,8.0,0,55,1,64,2,No,5,12,11.0,0.0,56011.0,7.5,0,0,0,1,0,0,0,0,0,0,0,1,0,0,0,0,0,0,1,0,0,0,0,0,0,0,0,0,0,1,0,1
29.0,0,1,40754.0,5,9.0,0,50,1,80,3,No,8,5,5.4,0.0,40754.0,8.0,0,0,0,0,0,0,0,0,0,0,0,0,0,0,0,0,0,0,0,0,1,1,0,0,0,0,0,0,0,1,0,1
58.0,0,6,126563.0,4,7.0,0,52,1,71,6,Yes,8,3,13.3,0.0,21093.83,11.2,0,0,0,1,0,0,0,0,0,0,0,0,1,0,1,0,0,1,0,0,0,1,0,1,0,0,1,0,1,0,0,1
22.0,1,1,58844.0,2,10.0,0,52,1,15,1,No,4,3,8.5,0.0,58844.0,6.2,1,0,0,0,0,0,0,1,0,0,0,0,0,0,0,0,0,1,0,0,0,1,0,0,0,0,0,0,0,1,0,0
56.0,0,27,189400.0,5,8.0,0,44,1,78,8,No,10,15,8.2,18.8,7014.81,12.4,0,0,0,0,0,0,1,0,0,0,0,0,0,0,0,1,0,1,0,0,0,1,0,0,1,0,0,1,0,1,0,1
28.0,0,3,79820.0,2,8.0,1,52,0,40,4,No,8,4,0.7,2.3,26606.67,9.2,0,0,1,0,0,0,0,0,1,0,0,0,0,0,0,0,0,0,1,0,0,1,1,0,0,1,0,0,0,1,0,0
26.0,1,2,53109.0,1,8.0,1,48,1,14,2,No,6,8,1.9,0.1,26554.5,6.8,0,0,1,0,0,0,0,0,0,0,1,0,0,0,1,0,0,0,0,1,0,1,0,0,0,0,0,0,0,1,0,0
58.0,0,26,199668.0,5,10.0,0,37,1,73,8,No,5,3,11.1,14.9,7679.54,11.7,1,0,0,0,0,0,0,0,0,1,0,0,0,0,0,0,1,0,0,0,0,0,0,0,1,0,0,1,0,1,0,1
27.0,1,2,48966.0,1,10.0,0,42,1,20,1,No,7,5,7.5,0.0,24483.0,5.2,0,1,0,0,1,0,0,0,0,0,0,0,0,0,1,0,0,0,1,0,0,1,0,0,0,0,0,0,0,1,0,0
28.0,1,4,99378.0,2,6.0,1,47,0,73,3,No,6,12,12.3,0.0,24844.5,7.7,0,0,0,0,0,0,1,0,0,0,0,0,0,0,0,1,1,0,0,0,0,1,1,0,0,1,0,0,1,0,0,0
38.0,0,16,168700.0,5,8.0,1,43,0,36,14,No,9,13,1.3,14.7,10543.75,18.3,0,0,1,0,0,0,0,0,1,0,0,0,0,0,0,1,0,0,1,0,0,1,0,1,0,0,0,1,0,1,0,1
44.0,1,16,218235.0,3,6.0,0,37,0,45,11,No,9,2,1.9,14.1,13639.69,14.7,1,0,0,0,0,0,0,0,0,1,0,0,0,0,1,0,1,0,0,0,0,0,0,0,1,0,0,1,1,0,1,0
37.0,0,5,94360.0,5,10.0,0,35,1,66,5,Yes,7,15,10.5,0.0,18872.0,8.5,0,1,0,0,0,1,0,0,0,0,0,0,0,0,0,1,0,1,0,0,0,1,1,0,0,1,0,0,0,1,0,1
34.0,0,11,182011.0,5,4.0,1,40,1,14,8,No,7,11,5.4,5.6,16546.45,12.0,0,0,0,1,0,0,0,0,0,0,0,1,0,0,1,0,0,0,0,1,0,0,0,1,0,0,0,1,0,0,0,1
46.0,0,11,220663.0,3,10.0,0,50,0,32,9,No,6,0,5.9,5.1,20060.27,14.0,0,0,0,1,0,0,0,0,0,0,0,0,1,0,0,0,1,0,0,0,0,1,0,0,1,0,0,1,0,1,1,0
41.0,0,14,196628.0,5,8.0,0,45,0,18,8,Yes,7,0,12.7,1.3,14044.86,12.5,0,0,0,1,0,0,0,0,0,0,0,1,0,0,0,1,0,0,0,0,1,1,0,0,1,0,0,1,0,1,0,1
22.0,0,1,57337.0,2,7.0,0,38,1,24,3,No,7,8,3.6,0.0,57337.0,6.8,0,0,0,1,0,0,0,0,0,0,0,0,1,0,1,0,0,0,1,0,0,1,0,0,0,0,0,0,1,0,0,0
45.0,1,11,164246.0,4,7.0,0,39,0,5,15,Yes,5,11,6.9,4.1,14931.45,18.9,0,0,0,1,0,0,0,0,0,0,0,0,1,0,1,0,0,0,1,0,0,0,0,1,0,0,0,1,1,0,0,1
24.0,0,3,99523.0,2,9.0,0,41,0,20,3,No,9,13,3.3,0.0,33174.33,7.1,1,0,0,0,0,0,0,0,0,1,0,0,0,0,1,0,0,0,0,1,0,0,1,0,0,1,0,0,0,1,0,0
30.0,1,6,108612.0,1,8.0,1,35,1,49,6,No,10,0,7.1,0.0,18102.0,9.5,1,0,0,0,0,0,0,0,0,0,1,0,0,0,0,1,0,0,0,1,0,0,1,0,0,0,1,0,0,1,0,0
43.0,1,19,212939.0,3,7.0,0,37,1,24,12,No,7,5,15.0,4.0,11207.32,15.7,1,0,0,0,0,0,0,1,0,0,0,0,0,0,0,1,0,1,0,0,0,0,0,0,1,0,0,1,1,0,1,0
38.0,0,13,241900.0,2,6.0,1,53,1,20,10,No,10,4,10.1,2.9,18607.69,15.3,0,0,0,0,0,0,0,0,0,0,0,0,0,0,0,0,0,0,0,0,1,1,0,0,1,0,0,1,1,0,0,0
34.0,0,6,105959.0,4,9.0,0,51,1,33,6,No,7,10,14.7,0.0,17659.83,11.1,0,1,0,0,1,0,0,0,0,0,0,0,0,0,0,0,0,0,0,0,0,1,1,0,0,0,1,0,0,1,0,1
49.0,0,9,118386.0,4,3.0,1,45,1,10,8,No,5,0,1.1,7.9,13154.0,12.5,0,1,0,0,0,1,0,0,0,0,0,0,0,0,0,0,1,0,0,0,0,0,1,0,0,0,1,0,0,0,0,1
39.0,0,13,197655.0,3,8.0,1,38,1,47,13,No,4,11,1.8,11.2,15204.23,16.8,0,0,0,0,0,0,1,0,0,0,0,0,0,0,0,0,1,0,0,0,0,0,0,0,1,0,0,1,0,1,1,0
37.0,1,6,106970.0,5,3.0,1,36,1,62,7,No,4,3,2.5,3.5,17828.33,10.6,0,0,0,0,0,0,1,0,0,0,0,0,0,0,0,1,0,0,0,0,1,1,1,0,0,0,1,0,0,0,0,1
56.0,0,2,58038.0,3,9.0,0,52,0,62,3,No,10,3,10.4,0.0,29019.0,8.2,0,0,0,1,0,0,0,0,0,0,0,1,0,0,0,0,0,0,1,0,0,0,0,0,0,0,0,0,0,1,1,0
48.0,0,5,79491.0,5,7.0,0,41,0,73,3,No,4,2,14.1,0.0,15898.2,7.1,0,1,0,0,1,0,0,0,0,0,0,0,0,0,0,1,1,0,0,0,0,1,1,0,0,1,0,0,1,0,0,1
57.0,1,25,174125.0,2,5.0,1,41,0,69,8,No,8,8,1.8,23.2,6965.0,12.1,0,0,1,0,0,0,0,0,0,0,1,0,0,0,0,1,1,0,0,0,0,1,0,1,0,0,0,1,1,0,0,0
39.0,0,5,79563.0,2,10.0,0,39,1,36,3,No,6,6,0.8,4.2,15912.6,6.9,1,0,0,0,0,0,0,0,0,1,0,0,0,0,0,0,0,1,0,0,0,1,1,0,0,1,0,0,0,1,0,0
44.0,1,10,147322.0,4,7.0,0,44,1,6,7,No,8,11,13.7,0.0,14732.2,11.4,0,1,0,0,0,0,0,0,0,0,0,0,0,1,0,0,0,0,0,1,0,0,0,1,0,0,1,0,1,0,0,1
23.0,0,2,61424.0,5,7.0,0,41,1,46,2,No,8,8,7.7,0.0,30712.0,6.1,1,0,0,0,0,0,0,0,0,1,0,0,0,0,0,1,0,0,0,1,0,0,0,0,0,0,0,0,1,0,0,1
36.0,1,11,215006.0,4,3.0,1,40,0,28,10,No,5,9,14.0,0.0,19546.0,14.0,1,0,0,0,0,0,0,0,0,1,0,0,0,0,0,0,0,0,0,0,1,1,0,0,1,0,0,1,0,0,0,1
40.0,0,4,78036.0,4,6.0,1,51,1,17,6,Yes,4,12,3.6,0.4,19509.0,11.1,1,0,0,0,0,0,0,0,0,1,0,0,0,0,0,0,0,1,0,0,0,0,1,0,0,1,0,0,1,0,0,1
24.0,0,1,60558.0,1,4.0,1,35,0,15,3,No,10,6,3.5,0.0,60558.0,6.5,0,1,0,0,0,0,0,0,0,0,0,0,0,1,0,0,1,0,0,0,0,1,0,0,0,0,0,0,0,0,0,0
32.0,1,5,71830.0,5,3.0,1,35,1,74,5,No,4,9,13.1,0.0,14366.0,8.5,0,0,1,0,0,0,0,0,0,0,1,0,0,0,1,0,0,0,1,0,0,1,1,0,0,1,0,0,0,0,0,1
23.0,0,1,61474.0,2,4.0,1,47,0,26,2,No,9,3,7.9,0.0,61474.0,6.7,0,1,0,0,0,0,0,0,0,0,0,0,0,1,1,0,0,0,1,0,0,0,0,0,0,0,0,0,0,0,0,0
26.0,1,0,59808.0,2,8.0,0,51,1,59,1,No,7,4,6.8,0.0,59808.0,6.1,0,0,0,0,0,0,1,0,0,0,0,0,0,0,1,0,0,1,0,0,0,1,0,0,0,0,0,0,0,1,0,0
44.0,0,8,117393.0,1,6.0,1,39,0,23,6,No,10,12,11.0,0.0,14674.12,9.9,0,0,1,0,0,0,0,0,0,0,1,0,0,0,1,0,0,0,0,1,0,0,1,0,0,0,1,0,1,0,0,0
29.0,1,4,74179.0,4,10.0,0,45,0,66,4,No,6,13,1.9,2.1,18544.75,8.5,0,0,0,1,0,0,0,0,0,0,0,1,0,0,0,0,0,1,0,0,0,0,1,0,0,1,0,0,0,1,0,1
46.0,1,17,219792.0,4,8.0,0,53,1,16,11,Yes,4,7,8.7,8.3,12928.94,16.3,1,0,0,0,0,0,0,1,0,0,0,0,0,0,1,0,0,0,0,0,0,0,0,0,1,0,0,1,0,1,0,1
45.0,1,4,81824.0,3,6.0,0,39,1,31,4,No,7,7,11.8,0.0,20456.0,7.9,1,0,0,0,0,0,0,1,0,0,0,0,0,0,0,0,0,1,0,0,0,0,1,0,0,1,0,0,1,0,1,0
31.0,1,0,41772.0,1,4.0,1,53,0,25,3,No,9,0,6.9,0.0,41772.0,8.3,1,0,0,0,0,0,0,1,0,0,0,0,0,0,0,1,0,0,0,0,1,0,0,0,0,0,0,0,0,0,0,0
37.0,0,0,65081.0,4,9.0,0,39,0,57,1,Yes,9,10,4.1,0.0,65081.0,4.9,1,0,0,0,0,0,0,1,0,0,0,0,0,0,0,1,0,0,0,0,1,1,0,0,0,0,0,0,0,1,0,1
31.0,0,10,132983.0,1,7.0,0,48,0,78,7,No,7,9,12.0,0.0,13298.3,11.8,0,0,0,0,0,0,0,0,0,0,0,0,0,0,0,0,0,0,0,0,0,1,0,1,0,0,1,0,1,0,0,0
39.0,0,16,202481.0,2,8.0,1,40,0,66,8,No,7,10,10.3,5.7,12655.06,12.0,0,0,0,1,0,0,0,0,0,0,0,1,0,0,1,0,0,0,1,0,0,1,0,0,1,0,0,1,0,1,0,0
32.0,0,5,78844.0,1,7.0,0,46,1,35,3,No,4,9,0.1,4.9,15768.8,7.6,0,0,0,1,0,0,0,0,0,0,0,0,1,0,0,1,0,0,0,0,1,1,1,0,0,1,0,0,1,0,0,0
26.0,0,4,88077.0,1,3.0,1,43,1,77,4,No,5,15,5.3,0.0,22019.25,8.3,0,0,1,0,0,0,0,0,1,0,0,0,0,0,0,0,1,0,0,0,0,1,1,0,0,1,0,0,0,0,0,0
41.0,0,11,191218.0,3,10.0,0,38,0,69,14,No,5,3,8.4,2.6,17383.45,17.8,0,0,0,0,0,0,0,0,0,0,0,0,0,0,1,0,0,0,0,0,1,1,0,0,1,0,0,1,0,1,1,0
59.0,1,30,171131.0,4,8.0,1,55,1,32,10,Yes,4,4,7.2,22.8,5704.37,15.5,1,0,0,0,0,0,0,1,0,0,0,0,0,0,0,1,0,1,0,0,0,0,0,1,0,0,0,1,0,1,0,1
50.0,0,10,102622.0,2,3.0,1,54,1,77,9,No,5,15,13.2,0.0,10262.2,14.4,0,0,1,0,0,0,0,0,0,0,1,0,0,0,1,0,1,0,0,0,0,0,1,0,0,0,1,0,0,0,0,0
57.0,0,31,172245.0,2,7.0,0,43,0,16,12,No,4,2,11.6,19.4,5556.29,16.3,1,0,0,0,0,0,0,0,0,1,0,0,0,0,0,0,0,0,0,0,1,0,0,1,0,0,0,1,1,0,0,0
52.0,1,28,224545.0,1,8.0,0,44,0,21,15,No,6,14,9.9,18.1,8019.46,19.4,0,0,0,1,0,0,0,0,0,0,0,0,1,0,0,1,0,0,1,0,0,1,0,0,1,0,0,1,0,1,0,0
45.0,0,21,184449.0,5,5.0,1,36,1,24,8,No,9,3,6.2,14.8,8783.29,11.6,0,0,1,0,0,0,0,0,0,0,1,0,0,0,1,0,0,0,0,0,0,0,0,0,1,0,0,1,1,0,0,1
26.0,0,3,81433.0,4,6.0,0,52,1,15,6,No,9,5,11.6,0.0,27144.33,11.2,1,0,0,0,0,0,0,0,0,1,0,0,0,0,1,0,0,0,0,1,0,1,1,0,0,1,0,0,1,0,0,1
47.0,1,2,46967.0,4,9.0,0,43,1,74,3,Yes,4,4,11.7,0.0,23483.5,7.3,0,0,0,1,0,0,0,0,0,0,0,1,0,0,1,0,1,0,0,0,0,0,0,0,0,0,0,0,0,1,0,1
58.0,0,24,212050.0,1,6.0,0,35,0,37,11,No,5,5,13.9,10.1,8835.42,14.5,1,0,0,0,0,0,0,0,0,1,0,0,0,0,0,0,1,0,0,0,0,0,0,0,1,0,0,1,1,0,0,0
39.0,1,2,68550.0,5,5.0,1,43,1,16,2,No,5,13,5.5,0.0,34275.0,6.3,1,0,0,0,0,0,0,1,0,0,0,0,0,0,1,0,0,0,0,1,0,0,0,0,0,0,0,0,1,0,0,1
44.0,1,15,241316.0,3,6.0,0,53,1,76,14,No,9,6,11.6,3.4,16087.73,19.3,1,0,0,0,0,0,0,1,0,0,0,0,0,0,1,0,0,0,0,0,0,1,0,0,1,0,0,1,1,0,1,0
42.0,1,0,56365.0,1,9.0,0,48,1,62,2,No,10,4,1.4,0.0,56365.0,6.8,0,0,1,0,0,0,0,0,1,0,0,0,0,0,0,0,0,0,0,0,1,1,0,0,0,0,0,0,0,1,0,0
24.0,0,1,59691.0,2,3.0,1,41,1,52,2,No,6,11,2.1,0.0,59691.0,6.1,0,0,1,0,0,0,0,0,1,0,0,0,0,0,1,0,0,0,0,1,0,1,0,0,0,0,0,0,0,0,0,0
53.0,1,26,221102.0,5,5.0,1,45,1,63,14,Yes,10,13,13.9,12.1,8503.92,18.5,0,0,0,0,0,0,0,0,0,0,0,0,0,0,1,0,1,0,0,0,0,0,0,0,1,0,0,1,1,0,0,1
56.0,1,24,233113.0,5,7.0,1,38,1,16,12,No,10,0,11.4,12.6,9713.04,15.8,0,0,1,0,0,0,0,0,1,0,0,0,0,0,1,0,0,0,0,1,0,0,0,0,1,0,0,1,1,0,0,1
56.0,0,28,237518.0,4,9.0,0,42,0,19,12,Yes,5,6,5.0,23.0,8482.79,16.2,0,1,0,0,1,0,0,0,0,0,0,0,0,0,0,1,0,0,0,0,0,1,0,0,1,0,0,1,0,1,0,1
48.0,1,0,48769.0,3,3.0,1,48,1,58,3,No,6,1,11.8,0.0,48769.0,7.8,0,0,0,0,0,0,1,0,0,0,0,0,0,0,1,0,0,0,1,0,0,0,0,0,0,0,0,0,0,0,1,0
55.0,1,21,181697.0,2,7.0,0,55,1,78,14,No,8,13,13.0,8.0,8652.24,19.5,1,0,0,0,0,0,0,0,0,1,0,0,0,0,0,0,0,0,0,0,0,0,0,1,0,0,0,1,1,0,0,0
47.0,1,16,163051.0,5,8.0,0,55,0,75,10,Yes,4,5,1.0,15.0,10190.69,15.5,0,0,0,1,0,0,0,0,0,0,0,1,0,0,0,0,0,0,0,0,1,1,0,1,0,0,0,1,0,1,0,1
23.0,1,0,40911.0,5,8.0,0,53,1,21,3,Yes,4,14,6.4,0.0,40911.0,8.3,0,1,0,0,0,0,0,0,0,0,0,0,0,1,0,1,0,0,0,0,0,1,0,0,0,0,0,0,0,1,0,1
41.0,0,17,184141.0,3,7.0,1,39,1,19,8,No,4,14,7.9,9.1,10831.82,11.9,1,0,0,0,0,0,0,1,0,0,0,0,0,0,0,0,0,0,0,1,0,0,0,0,1,0,0,1,1,0,1,0
31.0,1,4,119197.5,2,9.0,0,38,1,57,5,No,7,2,3.2,0.8,29799.38,8.8,0,1,0,0,0,0,0,0,0,0,0,0,0,1,0,0,0,1,0,0,0,1,1,0,0,1,0,0,0,1,0,0
48.0,1,10,111783.0,1,6.0,1,53,1,48,8,No,5,11,2.9,7.1,11178.3,13.3,0,1,0,0,0,0,0,0,0,0,0,0,0,1,0,1,0,1,0,0,0,1,1,0,0,0,1,0,1,0,0,0
32.0,1,1,57562.0,5,3.0,1,39,0,19,1,No,8,6,12.2,0.0,57562.0,4.9,0,0,1,0,0,0,0,0,1,0,0,0,0,0,0,0,0,0,0,0,0,1,0,0,0,0,0,0,0,0,0,1
30.0,1,4,81421.0,4,7.0,0,50,0,29,5,Yes,9,8,13.6,0.0,20355.25,10.0,1,0,0,0,0,0,0,1,0,0,0,0,0,0,1,0,0,0,1,0,0,1,1,0,0,1,0,0,1,0,0,1
28.0,1,2,54203.0,4,7.0,0,43,1,54,2,No,8,13,8.5,0.0,27101.5,6.3,1,0,0,0,0,0,1,0,0,0,0,0,0,0,0,0,0,0,0,1,0,0,0,0,0,0,0,0,1,0,0,1
50.0,0,28,226922.0,3,7.0,0,55,0,8,14,No,8,3,8.7,19.3,8104.36,19.5,0,0,0,0,0,0,0,0,0,0,0,0,0,0,0,0,0,0,0,0,0,0,0,0,1,0,0,1,1,0,1,0
33.0,1,3,82188.0,3,9.0,0,35,1,47,4,No,4,6,8.0,0.0,27396.0,7.5,0,0,0,0,0,0,1,0,0,0,0,0,0,0,0,0,0,0,1,0,0,0,1,0,0,1,0,0,0,1,1,0
36.0,0,12,219109.0,1,5.0,1,43,0,60,11,No,8,10,4.1,7.9,18259.08,15.3,0,0,1,0,0,0,0,0,0,0,1,0,0,0,1,0,0,0,0,0,0,1,0,0,1,0,0,1,1,0,0,0
25.0,1,3,73907.0,4,8.0,0,54,0,35,3,Yes,5,0,4.9,0.0,24635.67,8.4,1,0,0,0,0,0,0,1,0,0,0,0,0,0,0,0,1,0,0,0,0,0,1,0,0,1,0,0,0,1,0,1
51.0,1,4,81055.0,1,8.0,0,38,0,40,3,No,7,10,0.2,3.8,20263.75,6.8,0,0,1,0,0,0,0,0,1,0,0,0,0,0,1,0,0,1,0,0,0,1,1,0,0,1,0,0,0,1,0,0
57.0,1,31,189117.0,4,4.0,1,55,0,18,15,Yes,10,0,13.5,17.5,6100.55,20.5,0,0,0,1,0,0,0,0,0,0,0,1,0,0,0,1,0,1,0,0,0,0,0,0,1,0,0,1,0,0,0,1
42.0,1,7,147455.0,5,8.0,0,36,1,19,8,Yes,4,1,9.0,0.0,21065.0,11.6,1,0,0,0,0,0,0,1,0,0,0,0,0,0,0,0,0,1,0,0,0,1,0,1,0,0,1,0,0,1,0,1
46.0,1,22,165715.0,3,10.0,0,39,0,20,10,No,10,7,9.9,12.1,7532.5,13.9,0,0,0,0,0,0,1,0,0,0,0,0,0,0,0,0,0,0,1,0,0,0,0,1,0,0,0,1,0,1,1,0
39.0,1,15,188828.0,3,3.0,1,42,1,14,9,No,8,15,2.1,12.9,12588.53,13.2,0,0,0,1,0,0,0,0,0,0,0,0,1,0,0,0,0,1,0,0,0,0,0,0,1,0,0,1,0,0,1,0
35.0,1,13,163701.0,2,10.0,0,53,0,63,13,No,10,4,11.3,1.7,12592.38,18.3,0,1,0,0,0,1,0,0,0,0,0,0,0,0,1,0,0,0,1,0,0,0,0,1,0,0,0,1,0,1,0,0
36.0,1,12,202455.0,1,4.0,1,48,0,78,11,No,6,3,12.2,0.0,16871.25,15.8,0,1,0,0,0,0,0,0,0,0,0,0,0,1,1,0,0,0,0,0,0,1,0,0,1,0,0,1,0,0,0,0
29.0,0,0,40936.0,5,8.0,0,46,1,75,2,No,7,2,8.3,0.0,40936.0,6.6,0,1,0,0,0,1,0,0,0,0,0,0,0,0,1,0,0,0,1,0,0,0,0,0,0,0,0,0,0,1,0,1
47.0,1,16,185728.0,1,7.0,0,55,0,29,13,No,4,9,8.7,7.3,11608.0,18.5,1,0,0,0,0,0,0,1,0,0,0,0,0,0,1,0,0,1,0,0,0,0,0,0,1,0,0,1,1,0,0,0
60.0,1,33,164311.0,2,4.0,1,42,1,9,8,No,4,8,10.8,22.2,4979.12,12.2,0,0,0,1,0,0,0,0,0,0,0,1,0,0,0,1,0,0,0,0,1,0,0,1,0,0,0,1,0,0,0,0
39.0,0,12,178821.0,4,8.0,1,40,0,41,12,Yes,5,9,11.3,0.7,14901.75,16.0,0,0,1,0,0,0,0,0,1,0,0,0,0,0,1,0,0,0,0,0,1,1,0,1,0,0,0,1,0,1,0,1
54.0,1,19,191302.0,2,9.0,0,45,1,6,9,No,5,15,1.2,17.8,10068.53,13.5,0,1,0,0,0,0,0,0,0,0,0,0,0,1,0,1,0,0,1,0,0,1,0,0,1,0,0,1,0,1,0,0
33.0,1,1,59464.0,4,6.0,0,35,1,65,2,Yes,8,3,8.4,0.0,59464.0,5.5,0,0,0,0,0,0,0,0,0,0,0,0,0,0,0,0,0,0,0,1,0,1,0,0,0,0,0,0,1,0,0,1
36.0,0,4,96341.0,4,9.0,0,46,0,37,5,Yes,7,11,2.1,1.9,24085.25,9.6,0,0,1,0,0,0,0,0,0,0,1,0,0,0,0,0,0,1,0,0,0,0,1,0,0,1,0,0,0,1,0,1
43.0,1,3,74846.0,2,10.0,0,39,0,8,6,No,9,7,6.8,0.0,24948.67,9.9,0,0,0,0,0,0,1,0,0,0,0,0,0,0,1,0,0,0,0,1,0,1,1,0,0,1,0,0,0,1,0,0
35.0,0,3,78975.0,5,7.0,0,43,0,55,6,No,5,13,14.2,0.0,26325.0,10.3,0,0,0,1,0,0,0,0,0,0,0,0,1,0,1,0,0,0,0,1,0,1,1,0,0,1,0,0,1,0,0,1
59.0,1,7,118901.0,1,10.0,0,39,1,71,6,No,7,9,0.0,7.0,16985.86,9.9,1,0,0,0,0,0,0,1,0,0,0,0,0,0,1,0,0,0,0,0,1,0,1,0,0,0,1,0,0,1,0,0
41.0,1,9,129744.0,2,3.0,1,53,1,67,6,No,6,9,2.5,6.5,14416.0,11.3,0,0,1,0,0,0,0,0,1,0,0,0,0,0,0,0,1,0,0,0,0,1,0,1,0,0,1,0,0,0,0,0
25.0,1,1,42818.0,3,6.0,0,41,1,42,3,No,5,7,0.5,0.5,42818.0,7.1,0,0,0,0,0,0,0,0,0,0,0,0,0,0,1,0,1,0,0,0,0,1,0,0,0,0,0,0,1,0,1,0
37.0,1,13,189586.0,2,7.0,0,48,1,30,12,No,8,8,1.1,11.9,14583.54,16.8,0,0,0,1,0,0,0,0,0,0,0,0,1,0,1,0,0,1,0,0,0,0,0,0,1,0,0,1,1,0,0,0
41.0,1,2,57885.0,4,8.0,1,48,1,72,1,No,10,14,2.3,0.0,28942.5,5.8,0,0,0,1,0,0,0,0,0,0,0,1,0,0,1,0,0,0,0,0,0,0,0,0,0,0,0,0,0,1,0,1
51.0,1,13,210461.0,5,7.0,1,48,1,43,8,No,4,7,12.5,0.5,16189.31,12.8,0,0,1,0,0,0,0,0,0,0,1,0,0,0,1,0,0,0,0,0,1,0,0,0,1,0,0,1,1,0,0,1
25.0,1,1,55165.0,4,5.0,1,36,1,39,3,Yes,10,3,7.7,0.0,55165.0,6.6,1,0,0,0,0,0,0,0,0,1,0,0,0,0,1,0,0,0,0,1,0,1,0,0,0,0,0,0,1,0,0,1
43.0,0,3,92989.0,5,8.0,0,52,1,33,4,No,5,4,11.8,0.0,30996.33,9.2,0,0,0,0,0,0,1,0,0,0,0,0,0,0,0,1,0,0,0,0,0,1,1,0,0,1,0,0,0,1,0,1
34.0,0,1,57033.0,2,9.0,0,38,1,69,1,No,5,14,9.0,0.0,57033.0,4.8,0,1,0,0,1,0,0,0,0,0,0,0,0,0,0,0,0,0,1,0,0,1,0,0,0,0,0,0,0,1,0,0
41.0,1,15,230315.0,5,8.0,1,48,1,28,15,Yes,4,4,14.1,0.9,15354.33,19.8,1,0,0,0,0,0,0,0,0,0,0,0,0,1,0,0,0,0,1,0,0,0,0,0,1,0,0,1,0,1,0,1
52.0,1,18,227170.0,3,9.0,0,43,0,18,15,No,9,14,9.3,8.7,12620.56,19.3,1,0,0,0,0,0,0,1,0,0,0,0,0,0,1,0,0,0,0,1,0,1,0,0,1,0,0,1,0,1,1,0
23.0,1,1,40361.0,3,9.0,0,55,1,50,3,No,4,4,0.2,0.8,40361.0,8.5,0,0,0,1,0,0,0,0,0,0,0,1,0,0,0,0,0,0,0,0,0,0,0,0,0,0,0,0,0,1,1,0
22.0,0,1,51430.0,5,8.0,1,51,1,24,3,No,7,11,11.0,0.0,51430.0,8.1,1,0,0,0,0,0,0,0,0,0,0,0,1,0,0,1,0,0,0,0,0,1,0,0,0,0,0,0,0,1,0,1
39.0,1,12,199351.0,5,10.0,0,40,1,46,15,No,9,11,3.2,8.8,16612.58,19.0,0,0,0,1,0,0,0,0,0,0,0,1,0,0,0,0,0,0,0,1,0,0,0,0,1,0,0,1,0,1,0,1
23.0,0,0,56365.0,4,7.0,1,42,1,27,3,Yes,6,12,8.2,0.0,56365.0,7.2,0,1,0,0,0,0,0,0,0,0,0,0,0,1,0,0,0,0,0,1,0,1,0,0,0,0,0,0,1,0,0,1
38.0,0,1,65013.0,5,6.0,1,35,0,18,2,Yes,9,14,8.7,0.0,65013.0,5.5,0,1,0,0,0,1,0,0,0,0,0,0,0,0,0,1,0,1,0,0,0,0,0,0,0,0,0,0,1,0,0,1
34.0,1,7,114778.0,2,8.0,1,51,1,79,7,No,7,0,0.6,6.4,16396.86,12.1,0,0,1,0,0,0,0,0,1,0,0,0,0,0,1,0,0,0,0,1,0,0,1,0,0,0,1,0,0,1,0,0
24.0,0,0,51164.0,5,5.0,1,41,0,69,1,Yes,7,11,0.1,0.0,51164.0,5.1,0,1,0,0,0,0,0,0,0,0,0,0,0,1,1,0,0,0,0,0,1,1,0,0,0,0,0,0,1,0,0,1
49.0,1,27,166671.0,1,3.0,1,50,1,74,12,No,4,10,6.7,20.3,6173.0,17.0,0,1,0,0,1,0,0,0,0,0,0,0,0,0,0,0,0,0,0,0,0,1,0,1,0,0,0,1,0,0,0,0
46.0,1,2,57511.0,2,10.0,0,51,0,12,3,No,10,3,4.2,0.0,28755.5,8.1,0,0,0,0,0,0,1,0,0,0,0,0,0,0,0,0,1,0,0,0,0,1,0,0,0,0,0,0,0,1,0,0
23.0,0,1,50962.0,2,6.0,0,52,1,35,1,No,5,15,12.7,0.0,50962.0,6.2,0,0,0,1,0,0,0,0,0,0,0,0,1,0,1,0,1,0,0,0,0,1,0,0,0,0,0,0,1,0,0,0
44.0,0,13,222276.0,2,8.0,1,36,1,68,15,No,6,7,10.6,2.4,17098.15,18.6,0,0,1,0,0,0,0,0,1,0,0,0,0,0,0,1,0,0,0,1,0,1,0,0,1,0,0,1,0,1,0,0
52.0,1,14,175712.0,1,6.0,1,50,0,53,14,No,8,4,0.5,13.5,12550.86,19.0,0,0,0,0,0,0,1,0,0,0,0,0,0,0,0,0,0,1,0,0,0,1,0,1,0,0,0,1,1,0,0,0
29.0,1,1,46345.0,4,4.0,1,42,1,80,2,No,4,0,6.3,0.0,46345.0,6.2,0,0,0,1,0,0,0,0,0,0,0,1,0,0,0,1,1,0,0,0,0,0,0,0,0,0,0,0,0,0,0,1
22.0,0,0,54370.0,3,10.0,0,45,1,42,1,No,4,4,6.9,0.0,54370.0,5.5,0,0,1,0,0,0,0,0,1,0,0,0,0,0,0,0,0,1,0,0,0,1,0,0,0,0,0,0,0,1,1,0
29.0,0,1,56217.0,3,7.0,0,42,0,51,3,No,10,9,3.8,0.0,56217.0,7.2,0,0,0,1,0,0,0,0,0,0,0,0,1,0,1,0,0,0,0,0,0,1,0,0,0,0,0,0,1,0,1,0
42.0,0,1,49167.0,2,3.0,1,51,0,75,1,No,5,6,14.1,0.0,49167.0,6.1,0,0,1,0,0,0,0,0,0,0,1,0,0,0,1,0,0,0,0,0,1,0,0,0,0,0,0,0,0,0,0,0
37.0,1,14,154424.0,3,10.0,0,47,1,12,12,No,8,8,6.2,7.8,11030.29,16.7,1,0,0,0,0,0,0,1,0,0,0,0,0,0,0,0,0,1,0,0,0,0,0,1,0,0,0,1,0,1,1,0
23.0,1,1,46741.0,2,3.0,1,48,0,9,2,No,9,11,7.5,0.0,46741.0,6.8,0,0,0,1,0,0,0,0,0,0,0,0,1,0,1,0,0,1,0,0,0,1,0,0,0,0,0,0,0,0,0,0
59.0,0,1,68368.0,1,9.0,0,38,0,73,2,No,10,14,2.2,0.0,68368.0,5.8,0,0,0,0,0,0,1,0,0,0,0,0,0,0,1,0,0,0,0,1,0,0,0,0,0,0,0,0,0,1,0,0
32.0,1,7,100995.0,3,6.0,0,42,0,78,8,No,4,12,12.6,0.0,14427.86,12.2,0,0,1,0,0,0,0,0,0,0,1,0,0,0,0,1,0,0,1,0,0,1,1,0,0,0,1,0,1,0,1,0
45.0,1,21,166293.0,5,6.0,0,45,1,61,12,No,9,14,0.6,20.4,7918.71,16.5,0,0,1,0,0,0,0,0,0,0,1,0,0,0,1,0,0,0,0,1,0,1,0,1,0,0,0,1,1,0,0,1
24.0,1,3,83389.0,5,8.0,0,43,1,61,3,No,4,5,13.8,0.0,27796.33,7.3,0,1,0,0,1,0,0,0,0,0,0,0,0,0,0,1,0,0,0,0,0,1,1,0,0,1,0,0,0,1,0,1
30.0,0,2,47624.0,1,6.0,0,51,0,10,1,No,5,7,12.2,0.0,23812.0,6.1,0,0,0,0,0,0,1,0,0,0,0,0,0,0,0,0,0,0,0,0,0,1,0,0,0,0,0,0,1,0,0,0
23.0,1,2,51459.0,1,5.0,1,49,1,35,1,No,8,6,6.1,0.0,25729.5,5.9,0,0,0,0,0,0,1,0,0,0,0,0,0,0,0,1,0,1,0,0,0,1,0,0,0,0,0,0,1,0,0,0
48.0,0,20,153236.0,5,8.0,0,46,0,52,13,Yes,10,15,4.9,15.1,7661.8,17.6,0,0,1,0,0,0,0,0,0,0,1,0,0,0,1,0,1,0,0,0,0,1,0,1,0,0,0,1,0,1,0,1
24.0,1,1,59956.0,3,7.0,0,51,1,53,1,No,8,1,11.5,0.0,59956.0,6.1,1,0,0,0,0,0,0,0,0,1,0,0,0,0,0,1,0,1,0,0,0,1,0,0,0,0,0,0,1,0,1,0
26.0,0,4,87660.0,5,7.0,0,36,0,45,3,No,10,8,13.2,0.0,21915.0,6.6,0,0,0,1,0,0,0,0,0,0,0,1,0,0,0,1,0,0,0,0,0,0,1,0,0,1,0,0,1,0,0,1
37.0,1,7,145421.0,4,8.0,0,48,1,50,7,No,9,2,1.7,5.3,20774.43,11.8,1,0,0,0,0,0,0,0,0,1,0,0,0,0,1,0,1,0,0,0,0,1,0,1,0,0,1,0,0,1,0,1
50.0,1,7,126713.0,2,6.0,0,43,0,45,10,No,8,3,11.3,0.0,18101.86,14.3,0,0,1,0,0,0,0,0,1,0,0,0,0,0,0,1,0,0,1,0,0,1,0,1,0,0,1,0,1,0,0,0
54.0,0,31,209515.0,2,6.0,0,48,0,17,8,No,4,4,6.1,24.9,6758.55,12.8,0,0,0,1,0,0,0,0,0,0,0,0,1,0,0,1,0,0,1,0,0,1,0,0,1,0,0,1,1,0,0,0
32.0,0,2,69630.0,3,5.0,1,47,0,20,2,No,5,10,5.7,0.0,34815.0,6.7,0,0,0,1,0,0,0,0,0,0,0,1,0,0,0,1,0,0,0,0,0,0,1,0,0,0,0,0,1,0,1,0
24.0,0,2,64271.0,3,4.0,1,50,1,80,2,No,10,2,8.7,0.0,32135.5,7.0,0,0,1,0,0,0,0,0,1,0,0,0,0,0,1,0,0,0,0,0,1,0,0,0,0,0,0,0,0,0,1,0
51.0,1,10,106350.0,3,6.0,1,45,0,41,7,No,7,10,6.3,3.7,10635.0,11.5,0,0,1,0,0,0,0,0,0,0,1,0,0,0,1,0,0,0,1,0,0,0,1,0,0,0,1,0,1,0,1,0
31.0,0,3,88846.0,1,6.0,1,44,1,41,5,No,6,8,7.2,0.0,29615.33,9.4,0,0,0,0,0,0,0,0,0,0,0,0,0,0,1,0,0,0,0,0,0,0,1,0,0,1,0,0,1,0,0,0
32.0,1,4,91837.0,2,3.0,1,41,1,10,5,No,4,6,1.0,3.0,22959.25,9.1,0,0,0,1,0,0,0,0,0,0,0,1,0,0,0,1,0,1,0,0,0,1,1,0,0,1,0,0,0,0,0,0
35.0,1,9,134137.0,4,5.0,1,38,0,60,7,Yes,6,15,11.9,0.0,14904.11,10.8,0,1,0,0,1,0,0,0,0,0,0,0,0,0,1,0,0,0,0,1,0,0,0,1,0,0,1,0,1,0,0,1
29.0,1,1,50718.0,5,9.0,0,43,1,45,1,Yes,6,1,4.3,0.0,50718.0,5.3,1,0,0,0,0,0,0,0,0,1,0,0,0,0,0,1,0,0,1,0,0,1,0,0,0,0,0,0,0,1,0,1
34.0,0,10,108970.0,4,6.0,1,42,0,65,10,Yes,10,4,11.4,0.0,10897.0,14.2,0,0,1,0,0,0,0,0,0,0,1,0,0,0,0,1,0,1,0,0,0,1,1,0,0,0,1,0,1,0,0,1
30.0,0,1,40104.0,1,8.0,1,52,1,9,2,No,7,13,9.1,0.0,40104.0,7.2,0,0,0,1,0,0,0,0,0,0,0,0,1,0,0,1,0,0,0,1,0,1,0,0,0,0,0,0,0,1,0,0
59.0,0,22,189334.0,3,8.0,0,50,0,50,11,No,9,15,4.9,17.1,8606.09,16.0,0,0,0,0,0,0,1,0,0,0,0,0,0,0,1,0,0,0,0,0,0,1,0,0,1,0,0,1,0,1,1,0
29.0,1,6,143412.0,1,7.0,0,49,1,49,9,No,5,12,10.5,0.0,23902.0,13.9,0,1,0,0,0,0,0,0,0,0,0,0,0,1,1,0,1,0,0,0,0,1,0,1,0,0,1,0,1,0,0,0
60.0,1,15,216517.0,4,9.0,0,52,0,45,11,No,4,13,10.3,4.7,14434.47,16.2,0,0,0,1,0,0,0,0,0,0,0,0,1,0,0,0,0,1,0,0,0,0,0,0,1,0,0,1,0,1,0,1
38.0,0,8,122271.0,3,8.0,1,48,1,73,6,No,7,6,3.7,4.3,15283.88,10.8,0,0,0,1,0,0,0,0,0,0,0,0,1,0,1,0,0,0,0,1,0,1,0,1,0,0,1,0,0,1,1,0
43.0,0,19,199700.0,3,5.0,1,52,1,71,9,No,6,6,13.9,5.1,10510.53,14.2,0,1,0,0,0,1,0,0,0,0,0,0,0,0,0,1,0,1,0,0,0,1,0,0,1,0,0,1,1,0,1,0
32.0,1,11,199005.0,4,7.0,1,52,1,9,13,Yes,5,0,8.1,2.9,18091.36,18.2,0,0,1,0,0,0,0,0,1,0,0,0,0,0,0,0,0,1,0,0,0,1,0,0,1,0,0,1,1,0,0,1
53.0,0,10,115073.0,1,6.0,0,38,0,21,7,No,6,8,0.0,10.0,11507.3,10.8,0,0,1,0,0,0,0,0,0,0,1,0,0,0,1,0,1,0,0,0,0,1,1,0,0,0,1,0,1,0,0,0
54.0,1,1,43131.0,5,7.0,1,47,0,46,3,Yes,10,13,0.1,0.9,43131.0,7.7,0,1,0,0,0,0,0,0,0,0,0,0,0,1,0,0,0,0,0,1,0,1,0,0,0,0,0,0,1,0,0,1
51.0,0,3,82339.0,4,10.0,0,42,0,66,5,Yes,4,9,13.9,0.0,27446.33,9.2,0,0,0,0,0,0,1,0,0,0,0,0,0,0,1,0,0,0,0,1,0,0,1,0,0,1,0,0,0,1,0,1
53.0,1,23,209279.0,5,7.0,1,47,0,52,11,Yes,4,15,11.8,11.2,9099.09,15.7,0,0,0,1,0,0,0,0,0,0,0,1,0,0,0,1,0,0,0,1,0,1,0,0,1,0,0,1,1,0,0,1
31.0,0,1,68338.0,5,3.0,1,37,0,65,2,No,5,7,11.0,0.0,68338.0,5.7,0,0,0,0,0,0,1,0,0,0,0,0,0,0,0,1,0,0,1,0,0,1,0,0,0,0,0,0,0,0,0,1
43.0,0,1,68554.0,3,8.0,0,41,0,45,1,No,9,7,1.0,0.0,68554.0,5.1,0,0,0,1,0,0,0,0,0,0,0,0,1,0,1,0,0,0,0,1,0,0,0,0,0,0,0,0,0,1,1,0
54.0,0,6,124620.0,1,3.0,1,51,1,30,7,No,5,14,1.8,4.2,20770.0,12.1,0,0,0,1,0,0,0,0,0,0,0,0,1,0,1,0,0,0,0,1,0,1,0,1,0,0,1,0,0,0,0,0
32.0,1,2,53087.0,3,10.0,0,48,0,71,1,No,4,10,1.8,0.2,26543.5,5.8,0,0,0,1,0,0,0,0,0,0,0,0,1,0,0,1,0,0,0,0,0,0,0,0,0,0,0,0,0,1,1,0
31.0,1,8,134038.0,3,7.0,1,49,0,22,10,No,7,5,9.5,0.0,16754.75,14.9,0,0,0,0,0,0,0,0,0,0,0,0,0,0,0,1,0,0,1,0,0,0,0,1,0,0,1,0,1,0,1,0
42.0,1,5,70183.0,2,10.0,0,38,0,17,5,No,5,1,12.6,0.0,14036.6,8.8,0,0,0,1,0,0,0,0,0,0,0,1,0,0,0,0,0,0,0,0,1,1,1,0,0,1,0,0,0,1,0,0
26.0,1,5,90605.0,2,8.0,0,44,0,52,3,No,6,12,2.5,2.5,18121.0,7.4,0,0,0,1,0,0,0,0,0,0,0,1,0,0,0,1,0,0,1,0,0,0,1,0,0,1,0,0,0,1,0,0
26.0,0,0,119197.5,5,10.0,0,39,0,78,2,No,4,8,4.5,0.0,119197.5,5.9,0,0,1,0,0,0,0,0,1,0,0,0,0,0,0,1,0,0,1,0,0,0,1,0,0,0,0,0,0,1,0,1
22.0,0,0,44696.0,4,10.0,0,35,1,11,1,No,10,4,5.8,0.0,44696.0,4.5,1,0,0,0,0,0,0,1,0,0,0,0,0,0,0,0,0,0,0,0,0,1,0,0,0,0,0,0,0,1,0,1
42.0,1,16,199454.0,4,8.0,0,44,1,32,14,Yes,6,5,0.2,15.8,12465.88,18.4,0,0,0,1,0,0,0,0,0,0,0,0,1,0,0,0,0,0,1,0,0,0,0,0,1,0,0,1,0,1,0,1
53.0,1,7,111666.0,3,9.0,0,49,0,32,6,No,10,6,5.2,1.8,15952.29,10.9,0,0,0,1,0,0,0,0,0,0,0,0,1,0,0,1,0,0,0,0,1,0,1,0,0,0,1,0,0,1,1,0
22.0,0,1,40183.0,3,10.0,0,38,0,69,3,No,6,0,14.9,0.0,40183.0,6.8,0,0,0,0,0,0,0,0,0,0,0,0,0,0,1,0,0,0,0,0,0,1,0,0,0,0,0,0,0,1,1,0
39.0,1,12,185936.0,5,9.0,0,35,0,67,8,Yes,10,5,2.8,9.2,15494.67,11.5,0,0,0,0,0,0,0,0,0,0,0,0,0,0,0,0,0,0,0,1,0,0,0,0,1,0,0,1,0,1,0,1
23.0,0,2,42713.0,1,4.0,1,49,0,17,2,No,4,8,10.5,0.0,21356.5,6.9,0,1,0,0,1,0,0,0,0,0,0,0,0,0,0,1,0,0,1,0,0,1,0,0,0,0,0,0,0,0,0,0
43.0,1,22,217677.0,4,8.0,1,36,1,69,8,No,7,4,5.1,16.9,9894.41,11.6,0,0,1,0,0,0,0,0,1,0,0,0,0,0,0,0,0,0,0,0,0,0,0,0,1,0,0,1,0,1,0,1
50.0,0,8,111335.0,3,10.0,0,52,1,48,6,No,6,14,0.9,7.1,13916.88,11.2,0,1,0,0,0,0,0,0,0,0,0,0,0,1,0,1,0,0,1,0,0,0,1,0,0,0,1,0,0,1,1,0
51.0,0,3,76083.0,5,6.0,1,35,1,32,5,Yes,9,11,13.0,0.0,25361.0,8.5,0,1,0,0,0,1,0,0,0,0,0,0,0,0,0,0,0,0,1,0,0,1,1,0,0,1,0,0,1,0,0,1
34.0,0,4,75832.0,2,7.0,0,45,1,29,5,No,8,8,13.3,0.0,18958.0,9.5,1,0,0,0,0,0,0,0,0,1,0,0,0,0,0,0,0,0,0,0,1,0,1,0,0,1,0,0,1,0,0,0
38.0,1,8,137925.0,3,7.0,0,55,1,9,8,No,10,12,13.4,0.0,17240.62,13.5,1,0,0,0,0,0,0,0,0,1,0,0,0,0,0,0,0,0,0,0,1,0,0,1,0,0,1,0,1,0,1,0
49.0,1,20,194850.0,1,6.0,0,41,1,64,12,No,8,8,6.7,13.3,9742.5,16.1,0,0,1,0,0,0,0,0,1,0,0,0,0,0,0,1,1,0,0,0,0,1,0,0,1,0,0,1,1,0,0,0
33.0,1,2,52198.0,4,3.0,1,53,0,18,3,Yes,9,11,10.9,0.0,26099.0,8.3,0,1,0,0,0,1,0,0,0,0,0,0,0,0,1,0,0,0,0,0,0,0,0,0,0,0,0,0,0,0,0,1
43.0,0,5,85297.0,1,7.0,0,54,0,56,4,No,7,15,5.9,0.0,17059.4,9.4,0,0,0,1,0,0,0,0,0,0,0,0,1,0,1,0,1,0,0,0,0,1,1,0,0,1,0,0,1,0,0,0
60.0,1,30,155259.0,5,10.0,0,48,0,78,11,Yes,4,12,4.2,25.8,5175.3,15.8,0,0,0,0,0,0,1,0,0,0,0,0,0,0,0,1,0,0,0,0,1,0,0,1,0,0,0,1,0,1,0,1
40.0,0,18,157051.0,3,9.0,0,39,0,55,9,No,10,5,12.0,6.0,8725.06,12.9,1,0,0,0,0,0,0,1,0,0,0,0,0,0,0,0,0,0,1,0,0,0,0,1,0,0,0,1,0,1,1,0
31.0,0,2,46048.0,2,3.0,1,37,1,76,1,No,7,11,5.5,0.0,23024.0,4.7,0,1,0,0,0,1,0,0,0,0,0,0,0,0,1,0,1,0,0,0,0,1,0,0,0,0,0,0,0,0,0,0
28.0,1,6,143806.0,4,4.0,1,42,0,21,9,No,9,10,11.0,0.0,23967.67,13.2,1,0,0,0,0,0,0,0,0,1,0,0,0,0,0,1,0,0,1,0,0,0,0,1,0,0,1,0,0,0,0,1
60.0,1,34,237802.0,2,7.0,1,40,0,51,8,No,8,10,7.7,26.3,6994.18,12.0,0,0,0,0,0,0,1,0,0,0,0,0,0,0,0,0,1,0,0,0,0,0,0,0,1,0,0,1,1,0,0,0
60.0,1,4,86382.0,1,7.0,0,44,1,48,4,No,5,12,1.4,2.6,21595.5,8.4,0,1,0,0,0,1,0,0,0,0,0,0,0,0,0,1,0,0,1,0,0,1,1,0,0,1,0,0,1,0,0,0
40.0,1,12,184212.0,2,8.0,1,47,0,15,14,No,5,11,2.3,9.7,15351.0,18.7,0,0,0,1,0,0,0,0,0,0,0,1,0,0,0,1,0,1,0,0,0,1,0,0,1,0,0,1,0,1,0,0
47.0,0,5,92488.0,1,9.0,0,55,0,11,6,No,7,9,13.6,0.0,18497.6,11.5,0,1,0,0,0,1,0,0,0,0,0,0,0,0,1,0,0,0,1,0,0,0,1,0,0,1,0,0,0,1,0,0
60.0,1,32,220126.0,1,6.0,0,40,0,15,13,No,10,4,8.7,23.3,6878.94,17.0,0,0,0,0,0,0,0,0,0,0,0,0,0,0,1,0,0,0,0,0,1,0,0,0,1,0,0,1,1,0,0,0
34.0,1,6,102611.0,4,5.0,1,46,0,37,6,No,7,13,10.9,0.0,17101.83,10.6,0,0,0,0,0,0,1,0,0,0,0,0,0,0,0,0,0,0,0,0,1,0,1,0,0,0,1,0,1,0,0,1
39.0,0,9,129279.0,3,4.0,1,36,0,9,8,No,9,12,15.0,0.0,14364.33,11.6,0,1,0,0,0,1,0,0,0,0,0,0,0,0,1,0,0,0,0,0,1,1,0,1,0,0,1,0,0,0,1,0
28.0,0,2,69252.0,3,5.0,1,54,0,10,2,No,7,2,3.4,0.0,34626.0,7.4,0,1,0,0,0,1,0,0,0,0,0,0,0,0,0,1,0,0,0,0,1,0,0,0,0,0,0,0,1,0,1,0
31.0,0,6,122136.0,4,3.0,1,35,0,15,8,Yes,7,13,5.5,0.5,20356.0,11.5,0,0,0,0,0,0,0,0,0,0,0,0,0,0,0,1,0,0,0,1,0,1,0,1,0,0,1,0,0,0,0,1
54.0,0,3,77051.0,3,8.0,0,40,1,56,6,No,9,5,11.1,0.0,25683.67,10.0,0,0,0,0,0,0,1,0,0,0,0,0,0,0,1,0,0,0,0,0,0,0,1,0,0,1,0,0,0,1,1,0
48.0,0,0,49003.0,4,6.0,0,55,1,33,2,No,8,7,3.9,0.0,49003.0,7.5,0,0,0,0,0,0,0,0,0,0,0,0,0,0,1,0,0,0,0,1,0,1,0,0,0,0,0,0,1,0,0,1
40.0,1,18,220969.0,4,9.0,0,35,0,45,14,Yes,8,11,6.7,11.3,12276.06,17.5,1,0,0,0,0,0,0,1,0,0,0,0,0,0,1,0,0,0,0,1,0,0,0,0,1,0,0,1,0,1,0,1
35.0,0,10,102114.0,1,8.0,0,50,1,31,10,No,9,11,8.6,1.4,10211.4,15.0,0,0,0,1,0,0,0,0,0,0,0,0,1,0,1,0,1,0,0,0,0,0,1,0,0,0,1,0,0,1,0,0
50.0,1,0,60455.0,5,4.0,1,48,0,76,2,No,7,15,14.9,0.0,60455.0,6.8,0,0,0,0,0,0,1,0,0,0,0,0,0,0,0,0,0,0,0,0,0,1,0,0,0,0,0,0,0,0,0,1
60.0,0,6,107250.0,3,9.0,0,40,0,50,10,No,5,6,13.9,0.0,17875.0,14.0,1,0,0,0,0,0,0,0,0,1,0,0,0,0,1,0,0,0,1,0,0,1,1,0,0,0,1,0,0,1,1,0
42.0,1,20,215838.0,2,7.0,0,47,0,41,14,No,10,14,1.8,18.2,10791.9,18.7,1,0,0,0,0,0,0,0,0,0,1,0,0,0,0,0,0,0,0,1,0,0,0,0,1,0,0,1,1,0,0,0
40.0,0,17,239568.0,4,6.0,0,55,0,57,9,Yes,8,6,1.4,15.6,14092.24,14.5,1,0,0,0,0,0,0,0,0,1,0,0,0,0,1,0,0,0,0,0,1,1,0,0,1,0,0,1,1,0,0,1
60.0,1,1,45454.0,4,7.0,0,37,1,54,3,No,9,6,6.8,0.0,45454.0,6.7,1,0,0,0,0,0,0,1,0,0,0,0,0,0,1,0,0,1,0,0,0,1,0,0,0,0,0,0,1,0,0,1
33.0,1,11,188401.0,1,7.0,0,53,0,36,9,No,5,14,2.5,8.5,17127.36,14.3,0,0,0,0,0,0,0,0,0,0,0,0,0,0,0,0,1,0,0,0,0,1,0,0,1,0,0,1,1,0,0,0
54.0,0,21,244640.0,1,9.0,0,36,0,54,9,No,9,2,6.3,14.7,11649.52,12.6,1,0,0,0,0,0,0,0,0,1,0,0,0,0,0,0,0,0,1,0,0,0,0,0,1,0,0,1,0,1,0,0
60.0,0,28,188399.0,1,7.0,0,47,0,20,14,No,6,3,12.8,15.2,6728.54,18.7,0,0,0,0,0,0,0,0,0,0,0,0,0,0,1,0,0,0,0,1,0,1,0,0,1,0,0,1,1,0,0,0
32.0,1,6,115929.0,2,7.0,0,38,1,63,9,No,6,15,13.1,0.0,19321.5,12.8,0,0,0,0,0,0,0,0,0,0,0,0,0,0,0,1,1,0,0,0,0,1,1,0,0,0,1,0,1,0,0,0
40.0,1,10,137239.0,5,5.0,1,39,0,8,8,No,4,7,10.4,0.0,13723.9,11.9,0,0,0,0,0,0,1,0,0,0,0,0,0,0,1,0,0,0,0,1,0,0,0,1,0,0,1,0,1,0,0,1
32.0,1,7,110121.0,2,7.0,0,44,0,34,7,No,8,0,1.5,5.5,15731.57,11.4,1,0,0,0,0,0,1,0,0,0,0,0,0,0,0,1,0,0,0,0,1,0,1,0,0,0,1,0,1,0,0,0
31.0,0,4,85629.0,3,7.0,0,39,0,53,4,No,9,15,3.1,0.9,21407.25,7.9,0,0,1,0,0,0,0,0,0,0,1,0,0,0,1,0,0,0,0,1,0,0,1,0,0,1,0,0,1,0,1,0
33.0,1,6,122437.0,3,5.0,1,42,0,20,7,No,5,6,2.1,3.9,20406.17,11.2,0,0,1,0,0,0,0,0,0,0,1,0,0,0,0,0,0,0,0,1,0,1,0,1,0,0,1,0,1,0,1,0
58.0,0,33,197652.0,4,6.0,0,38,1,39,8,No,9,2,1.5,31.5,5989.45,11.8,0,0,0,1,0,0,0,0,0,0,0,0,1,0,0,0,0,0,0,1,0,1,0,0,1,0,0,1,1,0,0,1
37.0,1,5,77482.0,2,6.0,0,54,0,16,6,No,4,6,11.9,0.0,15496.4,11.4,0,0,1,0,0,0,0,0,1,0,0,0,0,0,0,1,0,0,0,1,0,1,1,0,0,1,0,0,1,0,0,0
25.0,0,1,55213.0,5,6.0,0,36,1,30,1,No,10,15,11.3,0.0,55213.0,4.6,1,0,0,0,0,0,0,0,0,1,0,0,0,0,0,0,0,0,0,0,0,0,0,0,0,0,0,0,1,0,0,1
34.0,0,8,119658.0,1,3.0,1,48,0,29,10,No,8,14,13.5,0.0,14957.25,14.8,0,1,0,0,1,0,0,0,0,0,0,0,0,0,0,1,0,0,1,0,0,0,0,1,0,0,1,0,0,0,0,0
53.0,0,21,234578.0,3,8.0,1,52,0,40,12,No,10,9,3.3,17.7,11170.38,17.2,0,0,0,1,0,0,0,0,0,0,0,0,1,0,0,1,0,0,0,0,1,0,0,0,1,0,0,1,0,1,1,0
33.0,1,0,119197.5,2,10.0,0,48,1,61,1,No,4,10,1.7,0.0,119197.5,5.8,0,0,0,1,0,0,0,0,0,0,0,1,0,0,1,0,0,0,0,0,0,0,1,0,0,0,0,0,0,1,0,0
28.0,0,3,80486.0,1,4.0,1,44,1,46,6,No,9,5,8.9,0.0,26828.67,10.4,1,0,0,0,0,0,0,1,0,0,0,0,0,0,1,0,0,0,0,0,0,0,1,0,0,1,0,0,0,0,0,0
32.0,1,8,147609.0,2,8.0,0,50,0,23,8,No,6,9,5.7,2.3,18451.12,13.0,1,0,0,0,0,0,0,1,0,0,0,0,0,0,1,0,0,0,0,1,0,0,0,1,0,0,1,0,0,1,0,0
50.0,1,13,150743.0,1,8.0,1,46,0,40,14,No,7,0,12.7,0.3,11595.62,18.6,0,0,0,0,0,0,1,0,0,0,0,0,0,0,0,1,0,0,0,0,1,0,0,1,0,0,0,1,0,1,0,0
38.0,1,11,200122.0,5,3.0,1,41,0,40,13,Yes,8,3,1.1,9.9,18192.91,17.1,1,0,0,0,0,0,0,1,0,0,0,0,0,0,0,0,1,0,0,0,0,0,0,0,1,0,0,1,0,0,0,1
40.0,1,2,48186.0,5,5.0,1,47,1,12,2,No,8,10,2.0,0.0,24093.0,6.7,0,0,0,0,0,0,1,0,0,0,0,0,0,0,0,1,0,0,0,0,1,0,0,0,0,0,0,0,1,0,0,1
29.0,1,2,65403.0,4,7.0,1,39,0,78,3,Yes,10,6,0.4,1.6,32701.5,6.9,0,0,0,1,0,0,0,0,0,0,0,0,1,0,0,1,0,1,0,0,0,0,0,0,0,0,0,0,1,0,0,1
42.0,1,17,168411.0,3,7.0,0,46,1,28,9,No,10,10,2.8,14.2,9906.53,13.6,0,0,0,1,0,0,0,0,0,0,0,1,0,0,0,1,1,0,0,0,0,1,0,1,0,0,0,1,1,0,1,0
45.0,1,6,116735.0,1,6.0,0,38,0,55,10,No,5,15,1.8,4.2,19455.83,13.8,1,0,0,0,0,0,0,0,0,1,0,0,0,0,0,1,0,0,0,1,0,0,1,0,0,0,1,0,1,0,0,0
54.0,1,1,56522.0,5,10.0,0,44,1,14,2,Yes,7,2,14.6,0.0,56522.0,6.4,0,0,1,0,0,0,0,0,1,0,0,0,0,0,0,1,0,0,0,0,1,1,0,0,0,0,0,0,0,1,0,1
54.0,0,29,248554.0,4,6.0,0,43,0,24,9,Yes,10,10,4.0,25.0,8570.83,13.3,0,0,1,0,0,0,0,0,1,0,0,0,0,0,0,1,0,0,0,1,0,1,0,0,1,0,0,1,1,0,0,1
51.0,1,28,150832.0,1,7.0,0,42,0,24,14,No,4,8,10.0,18.0,5386.86,18.2,0,0,1,0,0,0,0,0,0,0,1,0,0,0,0,0,0,0,0,0,1,0,0,1,0,0,0,1,1,0,0,0
56.0,1,12,174752.0,2,4.0,1,40,1,73,10,No,6,1,1.0,11.0,14562.67,14.0,0,0,1,0,0,0,0,0,0,0,1,0,0,0,0,1,0,1,0,0,0,1,0,1,0,0,0,1,0,0,0,0
42.0,1,7,119852.0,4,6.0,1,42,0,8,7,Yes,6,4,3.0,4.0,17121.71,11.2,0,0,0,0,0,0,0,0,0,0,0,0,0,0,0,1,0,0,1,0,0,1,0,1,0,0,1,0,1,0,0,1
50.0,0,12,202321.0,2,4.0,1,47,1,27,11,No,10,3,2.0,10.0,16860.08,15.7,0,0,0,1,0,0,0,0,0,0,0,1,0,0,0,0,0,0,0,0,1,0,0,0,1,0,0,1,0,0,0,0
60.0,1,20,161900.0,4,6.0,1,51,0,7,13,No,6,0,2.8,17.2,8095.0,18.1,0,1,0,0,1,0,0,0,0,0,0,0,0,0,1,0,0,0,1,0,0,1,0,1,0,0,0,1,1,0,0,1
44.0,1,9,115031.0,4,7.0,0,35,0,10,6,Yes,7,4,11.0,0.0,12781.22,9.5,0,0,0,1,0,0,0,0,0,0,0,1,0,0,0,0,0,0,0,0,1,0,1,0,0,0,1,0,1,0,0,1
30.0,0,2,42004.0,2,7.0,0,44,0,25,3,No,10,13,3.2,0.0,21002.0,7.4,0,0,1,0,0,0,0,0,1,0,0,0,0,0,0,1,0,0,0,0,1,1,0,0,0,0,0,0,1,0,0,0
33.0,1,1,46687.0,4,8.0,0,46,0,8,2,Yes,9,0,13.4,0.0,46687.0,6.6,1,0,0,0,0,0,0,1,0,0,0,0,0,0,0,0,0,1,0,0,0,0,0,0,0,0,0,0,0,1,0,1
31.0,1,0,45182.0,1,6.0,1,42,0,13,1,No,6,3,1.9,0.0,45182.0,5.2,0,0,0,1,0,0,0,0,0,0,0,1,0,0,0,1,0,0,0,0,1,1,0,0,0,0,0,0,1,0,0,0
56.0,1,8,120409.0,4,9.0,0,39,0,17,9,Yes,6,15,2.1,5.9,15051.12,12.9,0,0,0,1,0,0,0,0,0,0,0,0,1,0,0,1,0,0,0,1,0,1,0,1,0,0,1,0,0,1,0,1
54.0,0,9,148705.0,4,7.0,1,54,1,33,6,No,6,8,11.7,0.0,16522.78,11.4,1,0,0,0,0,0,0,1,0,0,0,0,0,0,0,0,0,0,0,1,0,1,0,1,0,0,1,0,1,0,0,1
30.0,1,6,137969.0,4,8.0,1,36,1,6,6,Yes,9,4,2.8,3.2,22994.83,9.6,0,0,0,1,0,0,0,0,0,0,0,0,1,0,1,0,0,0,0,1,0,1,0,1,0,0,1,0,0,1,0,1
47.0,1,0,68104.0,2,10.0,0,53,0,32,2,No,9,14,8.1,0.0,68104.0,7.3,1,0,0,0,0,0,0,1,0,0,0,0,0,0,0,1,0,0,0,0,1,0,0,0,0,0,0,0,0,1,0,0
29.0,1,8,116730.0,4,6.0,0,52,1,48,8,No,10,8,10.4,0.0,14591.25,13.2,0,0,0,0,0,0,1,0,0,0,0,0,0,0,1,0,1,0,0,0,0,1,1,0,0,0,1,0,1,0,0,1
56.0,0,6,107882.0,3,10.0,0,46,0,60,10,No,5,2,3.1,2.9,17980.33,14.6,0,0,0,1,0,0,0,0,0,0,0,1,0,0,0,0,0,0,0,0,1,1,1,0,0,0,1,0,0,1,1,0
54.0,0,9,113020.0,5,8.0,1,39,0,74,8,Yes,8,7,11.6,0.0,12557.78,11.9,1,0,0,0,0,0,0,0,0,1,0,0,0,0,0,1,0,0,1,0,0,1,1,0,0,0,1,0,0,1,0,1
28.0,0,3,98124.0,3,9.0,0,47,0,71,4,No,4,13,14.7,0.0,32708.0,8.7,0,0,0,0,0,0,0,0,0,0,0,0,0,0,0,1,0,0,1,0,0,0,1,0,0,1,0,0,0,1,1,0
30.0,1,0,46840.0,5,6.0,1,37,0,22,3,Yes,8,4,12.1,0.0,46840.0,6.7,0,0,0,1,0,0,0,0,0,0,0,0,1,0,0,0,1,0,0,0,0,0,0,0,0,0,0,0,1,0,0,1
32.0,1,6,122964.0,2,7.0,0,39,1,79,6,No,6,4,10.1,0.0,20494.0,9.9,1,0,0,0,0,0,0,0,0,1,0,0,0,0,0,1,0,0,1,0,0,1,0,1,0,0,1,0,1,0,0,0
39.0,1,0,57178.0,5,7.0,0,42,0,20,1,Yes,7,14,2.0,0.0,57178.0,5.2,0,0,0,1,0,0,0,0,0,0,0,1,0,0,0,1,0,1,0,0,0,0,0,0,0,0,0,0,1,0,0,1
24.0,1,2,53956.0,2,6.0,0,50,1,71,3,No,9,3,0.5,1.5,26978.0,8.0,0,0,0,0,0,0,1,0,0,0,0,0,0,0,0,0,0,0,0,1,0,0,0,0,0,0,0,0,1,0,0,0
37.0,1,13,186726.0,3,6.0,0,51,0,37,12,No,9,11,10.8,2.2,14363.54,17.1,0,0,1,0,0,0,0,0,0,0,1,0,0,0,1,0,0,1,0,0,0,1,0,0,1,0,0,1,1,0,1,0
53.0,0,31,237245.0,1,10.0,0,50,0,10,12,No,10,3,5.4,25.6,7653.06,17.0,0,1,0,0,0,0,0,0,0,0,0,0,0,1,0,0,0,0,0,0,0,0,0,0,1,0,0,1,0,1,0,0
28.0,0,3,96715.0,1,9.0,0,55,0,78,6,No,6,1,9.0,0.0,32238.33,11.5,0,1,0,0,0,1,0,0,0,0,0,0,0,0,1,0,0,0,0,0,0,0,1,0,0,1,0,0,0,1,0,0
35.0,0,0,49577.0,1,7.0,0,49,0,49,2,No,9,11,0.3,0.0,49577.0,6.9,0,0,0,1,0,0,0,0,0,0,0,1,0,0,0,1,1,0,0,0,0,1,0,0,0,0,0,0,1,0,0,0
25.0,1,3,95185.0,2,9.0,0,52,0,49,4,No,8,5,7.0,0.0,31728.33,9.2,0,0,0,0,0,0,1,0,0,0,0,0,0,0,0,1,0,0,0,1,0,0,1,0,0,1,0,0,0,1,0,0
44.0,0,10,141907.0,3,8.0,1,50,0,30,9,No,8,8,0.9,9.1,14190.7,14.0,0,1,0,0,1,0,0,0,0,0,0,0,0,0,1,0,0,1,0,0,0,1,0,1,0,0,1,0,0,1,1,0
43.0,1,11,152087.0,2,7.0,0,44,1,55,9,No,8,2,13.3,0.0,13826.09,13.4,0,0,0,1,0,0,0,0,0,0,0,0,1,0,0,0,0,0,1,0,0,0,0,1,0,0,0,1,1,0,0,0
60.0,1,16,219838.0,4,5.0,1,47,0,77,13,Yes,5,2,0.5,15.5,13739.88,17.7,0,1,0,0,0,0,0,0,0,0,0,0,0,1,0,0,0,0,0,1,0,0,0,0,1,0,0,1,1,0,0,1
37.0,0,8,145552.0,2,4.0,1,49,1,6,7,No,5,9,12.3,0.0,18194.0,11.9,0,0,0,1,0,0,0,0,0,0,0,1,0,0,0,0,0,0,0,0,1,1,0,1,0,0,1,0,0,0,0,0
50.0,1,17,204044.0,5,9.0,0,47,0,51,10,No,8,8,0.6,16.4,12002.59,14.7,1,0,0,0,0,0,0,0,0,0,1,0,0,0,0,1,0,0,0,0,0,1,0,0,1,0,0,1,0,1,0,1
42.0,1,2,68178.0,2,7.0,1,52,1,69,3,No,10,15,11.0,0.0,34089.0,8.2,0,0,0,0,0,0,0,0,0,0,0,0,0,0,0,1,0,0,1,0,0,0,0,0,0,0,0,0,1,0,0,0
60.0,0,22,210986.0,5,6.0,0,36,0,68,12,Yes,10,13,13.4,8.6,9590.27,15.6,0,0,0,0,0,0,0,0,0,0,0,0,0,0,0,1,0,0,0,1,0,1,0,0,1,0,0,1,1,0,0,1
50.0,0,28,158359.0,1,7.0,0,43,1,67,13,No,9,13,8.5,19.5,5655.68,17.3,0,1,0,0,0,1,0,0,0,0,0,0,0,0,1,0,0,0,0,0,1,1,0,1,0,0,0,1,1,0,0,0
50.0,1,17,193323.0,5,6.0,0,51,1,74,11,Yes,10,10,4.1,12.9,11371.94,16.1,0,0,0,1,0,0,0,0,0,0,0,1,0,0,0,1,0,0,0,1,0,0,0,0,1,0,0,1,1,0,0,1
26.0,0,4,94004.0,2,5.0,1,40,1,68,4,No,8,3,10.3,0.0,23501.0,8.0,0,0,0,0,0,0,0,0,0,0,0,0,0,0,1,0,0,0,0,1,0,1,1,0,0,1,0,0,1,0,0,0
47.0,1,25,119197.5,2,9.0,0,44,1,60,13,No,4,8,5.9,19.1,4767.9,17.4,0,1,0,0,0,0,0,0,0,0,0,0,0,1,1,0,0,1,0,0,0,0,1,0,0,0,0,1,0,1,0,0
38.0,1,6,122263.0,1,8.0,1,43,1,76,9,No,8,1,7.3,0.0,20377.17,13.3,0,1,0,0,0,0,0,0,0,0,0,0,0,1,0,0,1,0,0,0,0,1,0,1,0,0,1,0,0,1,0,0
32.0,0,8,125215.0,1,10.0,0,53,1,27,8,No,10,6,9.2,0.0,15651.88,13.3,0,0,0,0,0,0,0,0,0,0,0,0,0,0,0,0,0,1,0,0,0,0,0,1,0,0,1,0,0,1,0,0
56.0,0,22,228606.0,5,7.0,1,49,1,61,13,Yes,5,0,6.4,15.6,10391.18,17.9,0,0,0,1,0,0,0,0,0,0,0,1,0,0,0,0,0,0,0,1,0,1,0,0,1,0,0,1,1,0,0,1
41.0,1,3,89336.0,1,6.0,1,41,0,63,4,No,7,12,11.2,0.0,29778.67,8.1,0,0,1,0,0,0,0,0,1,0,0,0,0,0,1,0,0,0,0,1,0,1,1,0,0,1,0,0,1,0,0,0
57.0,0,21,181385.0,2,8.0,1,47,0,12,15,No,10,15,4.4,16.6,8637.38,19.7,0,1,0,0,0,1,0,0,0,0,0,0,0,0,0,0,1,0,0,0,0,1,0,1,0,0,0,1,0,1,0,0
55.0,0,20,249211.0,3,9.0,0,39,1,42,11,No,6,13,15.0,5.0,12460.55,14.9,0,0,1,0,0,0,0,0,1,0,0,0,0,0,0,1,0,0,0,0,0,0,0,0,1,0,0,1,0,1,1,0
27.0,1,0,58391.0,5,7.0,0,44,0,12,2,Yes,7,1,1.1,0.0,58391.0,6.4,0,0,0,1,0,0,0,0,0,0,0,0,1,0,1,0,0,1,0,0,0,0,0,0,0,0,0,0,1,0,0,1
42.0,0,17,200449.0,3,6.0,0,36,1,70,11,No,8,11,6.9,10.1,11791.12,14.6,0,0,0,0,0,0,0,0,0,0,0,0,0,0,0,0,0,1,0,0,0,0,0,0,1,0,0,1,1,0,1,0
51.0,0,28,159563.0,4,8.0,1,53,1,53,11,Yes,5,6,4.2,23.8,5698.68,16.3,1,0,0,0,0,0,0,1,0,0,0,0,0,0,0,0,0,0,0,1,0,0,0,1,0,0,0,1,0,1,0,1
37.0,1,5,97452.0,1,4.0,1,39,0,59,6,No,5,9,3.9,1.1,19490.4,9.9,0,0,0,0,0,0,0,0,0,0,0,0,0,0,1,0,0,0,1,0,0,0,1,0,0,1,0,0,0,0,0,0
22.0,1,1,66762.0,3,7.0,0,35,1,62,2,No,8,4,4.9,0.0,66762.0,5.5,0,0,0,0,0,0,1,0,0,0,0,0,0,0,1,0,1,0,0,0,0,1,0,0,0,0,0,0,1,0,1,0
29.0,0,2,57594.0,2,8.0,0,43,0,73,2,No,9,9,9.5,0.0,28797.0,6.3,0,1,0,0,0,1,0,0,0,0,0,0,0,0,1,0,0,1,0,0,0,1,0,0,0,0,0,0,0,1,0,0
28.0,0,6,113158.0,5,6.0,0,50,1,19,7,No,4,7,14.0,0.0,18859.67,12.0,0,0,1,0,0,0,0,0,0,0,1,0,0,0,0,0,0,1,0,0,0,0,1,0,0,0,1,0,1,0,0,1
26.0,0,3,94194.0,4,7.0,1,36,1,45,4,Yes,8,1,5.0,0.0,31398.0,7.6,1,0,0,0,0,0,0,1,0,0,0,0,0,0,0,1,1,0,0,0,0,0,1,0,0,1,0,0,1,0,0,1
38.0,0,11,201290.0,2,5.0,1,51,1,28,14,No,6,6,10.1,0.9,18299.09,19.1,1,0,0,0,0,0,0,0,0,1,0,0,0,0,1,0,0,0,1,0,0,1,0,0,1,0,0,1,1,0,0,0
50.0,0,26,222987.0,2,7.0,1,45,1,13,10,No,8,13,10.3,15.7,8576.42,14.5,0,0,0,1,0,0,0,0,0,0,0,1,0,0,0,0,0,0,0,0,0,0,0,0,1,0,0,1,1,0,0,0
32.0,1,5,92423.0,1,4.0,1,35,0,77,4,No,7,3,2.3,2.7,18484.6,7.5,0,0,1,0,0,0,0,0,1,0,0,0,0,0,0,0,0,0,1,0,0,1,1,0,0,1,0,0,0,0,0,0
56.0,0,1,49255.0,5,8.0,1,49,0,37,3,No,7,11,4.2,0.0,49255.0,7.9,0,1,0,0,0,1,0,0,0,0,0,0,0,0,0,1,0,0,0,0,1,0,0,0,0,0,0,0,0,1,0,1
51.0,1,7,125457.0,2,9.0,0,35,0,23,8,No,6,1,10.5,0.0,17922.43,11.5,0,0,0,1,0,0,0,0,0,0,0,1,0,0,0,0,1,0,0,0,0,1,0,1,0,0,1,0,0,1,0,0
47.0,0,26,203188.0,4,8.0,0,49,0,64,14,No,7,11,10.4,15.6,7814.92,18.9,0,0,0,1,0,0,0,0,0,0,0,1,0,0,0,1,1,0,0,0,0,1,0,0,1,0,0,1,0,1,0,1
55.0,0,15,224499.0,5,9.0,0,49,0,44,11,Yes,6,6,8.9,6.1,14966.6,15.9,0,0,0,1,0,0,0,0,0,0,0,1,0,0,0,0,0,0,0,1,0,1,0,0,1,0,0,1,0,1,0,1
56.0,1,19,176137.0,3,6.0,0,40,0,28,11,No,8,14,9.0,10.0,9270.37,15.0,0,0,0,1,0,0,0,0,0,0,0,1,0,0,0,1,0,0,0,0,1,1,0,1,0,0,0,1,1,0,1,0
58.0,0,17,234048.0,5,4.0,1,41,0,45,14,Yes,10,14,10.6,6.4,13767.53,18.1,1,0,0,0,0,0,0,0,0,1,0,0,0,0,0,1,0,0,0,1,0,1,0,0,1,0,0,1,0,0,0,1
28.0,0,1,50862.0,3,5.0,1,41,1,44,1,No,6,2,13.1,0.0,50862.0,5.1,0,0,0,0,0,0,0,0,0,0,0,0,0,0,0,0,0,1,0,0,0,1,0,0,0,0,0,0,1,0,1,0
59.0,1,30,187976.0,1,3.0,1,52,1,25,12,No,10,13,8.7,21.3,6265.87,17.2,0,0,1,0,0,0,0,0,0,0,1,0,0,0,1,0,0,0,0,1,0,1,0,0,1,0,0,1,0,0,0,0
32.0,1,11,164858.0,4,6.0,1,36,0,65,10,Yes,4,12,0.9,10.1,14987.09,13.6,0,0,1,0,0,0,0,0,0,0,1,0,0,0,1,0,0,0,0,1,0,1,0,1,0,0,0,1,1,0,0,1
45.0,1,18,152602.0,5,4.0,1,45,0,13,15,No,6,5,4.8,13.2,8477.89,19.5,0,1,0,0,0,1,0,0,0,0,0,0,0,0,0,1,0,0,1,0,0,0,0,1,0,0,0,1,0,0,0,1
29.0,0,5,81623.0,1,7.0,0,53,1,51,6,No,8,8,1.5,3.5,16324.6,11.3,0,0,0,1,0,0,0,0,0,0,0,1,0,0,1,0,0,0,0,1,0,1,1,0,0,1,0,0,1,0,0,0
55.0,0,31,235118.0,3,9.0,0,49,0,10,11,No,6,8,5.8,25.2,7584.45,15.9,0,0,1,0,0,0,0,0,0,0,1,0,0,0,1,0,0,0,1,0,0,1,0,0,1,0,0,1,0,1,1,0
57.0,0,8,119838.0,2,8.0,0,47,1,39,9,No,7,12,10.5,0.0,14979.75,13.7,0,1,0,0,1,0,0,0,0,0,0,0,0,0,0,1,0,1,0,0,0,1,0,1,0,0,1,0,0,1,0,0
48.0,1,4,88100.0,4,7.0,1,43,0,15,4,Yes,6,10,6.8,0.0,22025.0,8.3,0,0,0,0,0,0,1,0,0,0,0,0,0,0,1,0,0,0,0,1,0,0,1,0,0,1,0,0,1,0,0,1
28.0,0,1,119197.5,2,7.0,1,37,1,6,3,No,10,10,15.0,0.0,119197.5,6.7,0,1,0,0,0,0,0,0,0,0,0,0,0,1,0,0,1,0,0,0,0,1,1,0,0,0,0,0,1,0,0,0
59.0,1,21,157361.0,2,6.0,1,37,1,16,10,No,9,0,10.7,10.3,7493.38,13.7,0,1,0,0,0,0,0,0,0,0,0,0,0,1,0,1,0,1,0,0,0,1,0,1,0,0,0,1,1,0,0,0
25.0,0,3,85599.0,4,7.0,0,40,0,80,4,Yes,8,1,8.6,0.0,28533.0,8.0,1,0,0,0,0,0,0,1,0,0,0,0,0,0,1,0,0,0,0,1,0,1,1,0,0,1,0,0,1,0,0,1
27.0,0,1,62936.0,1,10.0,0,40,1,25,1,No,5,12,6.3,0.0,62936.0,5.0,0,0,1,0,0,0,0,0,1,0,0,0,0,0,1,0,0,0,1,0,0,1,0,0,0,0,0,0,0,1,0,0
54.0,1,13,246396.0,5,6.0,0,55,0,25,11,Yes,4,2,5.2,7.8,18953.54,16.5,0,0,0,0,0,0,1,0,0,0,0,0,0,0,1,0,1,0,0,0,0,0,0,0,1,0,0,1,1,0,0,1
25.0,1,0,40393.0,1,8.0,0,53,1,77,3,No,6,8,8.0,0.0,40393.0,8.3,0,0,0,1,0,0,0,0,0,0,0,0,1,0,0,1,0,0,0,1,0,0,0,0,0,0,0,0,0,1,0,0
52.0,1,31,221554.0,2,6.0,1,40,0,57,11,No,8,14,8.4,22.6,7146.9,15.0,0,0,0,1,0,0,0,0,0,0,0,0,1,0,1,0,0,0,0,0,1,0,0,0,1,0,0,1,1,0,0,0
51.0,1,14,204997.0,2,6.0,0,45,1,56,8,No,10,11,11.8,2.2,14642.64,12.5,0,0,0,0,0,0,1,0,0,0,0,0,0,0,0,0,0,0,1,0,0,0,0,0,1,0,0,1,1,0,0,0
31.0,0,3,85475.0,3,5.0,1,41,0,55,4,No,6,5,7.9,0.0,28491.67,8.1,0,0,0,1,0,0,0,0,0,0,0,1,0,0,0,0,0,1,0,0,0,0,1,0,0,1,0,0,1,0,1,0
36.0,0,15,206735.0,2,9.0,0,36,1,13,14,No,7,10,1.5,13.5,13782.33,17.6,0,0,1,0,0,0,0,0,0,0,1,0,0,0,0,1,0,0,0,1,0,0,0,0,1,0,0,1,0,1,0,0
31.0,0,8,132145.0,3,10.0,0,40,0,59,6,No,9,3,3.1,4.9,16518.12,10.0,0,0,1,0,0,0,0,0,0,0,1,0,0,0,1,0,0,0,1,0,0,0,0,1,0,0,1,0,0,1,1,0
43.0,1,22,158273.0,4,5.0,1,48,1,46,8,No,6,7,12.5,9.5,7194.23,12.8,1,0,0,0,0,0,0,0,0,1,0,0,0,0,0,0,1,0,0,0,0,0,0,1,0,0,0,1,1,0,0,1
58.0,1,12,242812.0,2,9.0,0,53,1,45,11,No,7,3,13.7,0.0,20234.33,16.3,0,0,0,0,0,0,1,0,0,0,0,0,0,0,0,0,1,0,0,0,0,1,0,0,1,0,0,1,0,1,0,0
27.0,1,3,72193.0,4,9.0,0,41,1,51,6,Yes,10,1,7.3,0.0,24064.33,10.1,1,0,0,0,0,0,0,0,0,1,0,0,0,0,0,1,0,0,0,1,0,0,1,0,0,1,0,0,0,1,0,1
42.0,1,19,185750.0,4,8.0,1,54,1,20,13,Yes,6,9,5.5,13.5,9776.32,18.4,1,0,0,0,0,0,0,1,0,0,0,0,0,0,1,0,0,0,0,0,0,1,0,0,1,0,0,1,0,1,0,1
37.0,1,13,184208.0,2,6.0,1,35,0,15,11,No,6,11,10.0,3.0,14169.85,14.5,1,0,0,0,0,0,0,0,0,1,0,0,0,0,0,1,0,1,0,0,0,0,0,0,1,0,0,1,1,0,0,0
46.0,0,19,185855.0,3,8.0,0,54,0,25,15,No,5,4,2.7,16.3,9781.84,20.4,1,0,0,0,0,0,0,0,0,1,0,0,0,0,1,0,1,0,0,0,0,1,0,0,1,0,0,1,0,1,1,0
25.0,1,4,80330.0,5,8.0,0,55,0,55,6,Yes,4,5,3.7,0.3,20082.5,11.5,0,1,0,0,0,0,0,0,0,0,0,0,0,1,1,0,1,0,0,0,0,1,1,0,0,1,0,0,0,1,0,1
40.0,0,32,215100.0,1,5.0,1,39,1,35,9,No,5,2,4.9,27.1,6721.88,12.9,0,0,0,0,0,0,1,0,0,0,0,0,0,0,0,0,0,0,0,1,0,1,0,0,1,0,0,1,1,0,0,0
27.0,1,2,57862.0,5,7.0,0,55,1,75,1,No,7,2,11.6,0.0,28931.0,6.5,0,0,0,0,0,0,1,0,0,0,0,0,0,0,0,0,0,0,0,0,1,0,0,0,0,0,0,0,1,0,0,1
38.0,0,7,103439.0,4,7.0,1,36,1,24,7,No,4,4,12.0,0.0,14777.0,10.6,1,0,0,0,0,0,0,1,0,0,0,0,0,0,0,0,0,0,0,1,0,1,1,0,0,0,1,0,1,0,0,1
47.0,0,16,237771.0,5,7.0,1,36,1,31,14,No,4,7,14.6,1.4,14860.69,17.6,0,0,0,0,0,0,1,0,0,0,0,0,0,0,1,0,0,0,0,0,1,1,0,0,1,0,0,1,1,0,0,1
27.0,1,4,74989.0,5,10.0,0,43,0,25,3,No,6,6,11.3,0.0,18747.25,7.3,0,1,0,0,1,0,0,0,0,0,0,0,0,0,0,0,0,1,0,0,0,1,1,0,0,1,0,0,0,1,0,1
42.0,1,12,209198.0,4,6.0,0,55,1,28,8,No,8,3,7.9,4.1,17433.17,13.5,0,0,0,0,0,0,0,0,0,0,0,0,0,0,0,0,0,0,0,1,0,0,0,0,1,0,0,1,1,0,0,1
35.0,0,12,240406.0,5,10.0,0,44,0,11,11,No,10,7,2.3,9.7,20033.83,15.4,0,1,0,0,0,1,0,0,0,0,0,0,0,0,0,1,0,0,0,1,0,0,0,0,1,0,0,1,0,1,0,1
41.0,0,6,132741.0,3,8.0,1,47,0,66,9,No,7,9,13.9,0.0,22123.5,13.7,1,0,0,0,0,0,0,1,0,0,0,0,0,0,0,0,1,0,0,0,0,1,0,1,0,0,1,0,0,1,1,0
28.0,0,0,48986.0,3,4.0,1,47,1,11,1,No,7,11,8.8,0.0,48986.0,5.7,1,0,0,0,0,0,0,1,0,0,0,0,0,0,0,1,0,1,0,0,0,1,0,0,0,0,0,0,0,0,1,0
45.0,0,8,119494.0,1,6.0,0,39,0,31,6,No,6,3,5.6,2.4,14936.75,9.9,1,0,0,0,0,0,0,0,0,1,0,0,0,0,1,0,0,0,0,1,0,1,0,1,0,0,1,0,1,0,0,0
22.0,0,0,68501.0,5,4.0,1,43,0,13,3,Yes,6,4,12.1,0.0,68501.0,7.3,0,0,0,1,0,0,0,0,0,0,0,1,0,0,0,1,0,0,1,0,0,0,0,0,0,0,0,0,0,0,0,1
24.0,1,3,70434.0,1,6.0,0,43,0,30,3,No,10,8,4.6,0.0,23478.0,7.3,0,0,0,1,0,0,0,0,0,0,0,1,0,0,1,0,0,0,0,0,1,1,1,0,0,1,0,0,1,0,0,0
37.0,1,0,58315.0,4,7.0,1,42,0,51,3,No,10,2,7.6,0.0,58315.0,7.2,0,0,0,0,0,0,0,0,0,0,0,0,0,0,0,1,0,1,0,0,0,0,0,0,0,0,0,0,1,0,0,1
56.0,0,23,192036.0,4,8.0,0,53,0,64,13,Yes,5,11,11.3,11.7,8349.39,18.3,0,0,0,1,0,0,0,0,0,0,0,0,1,0,0,1,1,0,0,0,0,1,0,0,1,0,0,1,0,1,0,1
45.0,1,2,50905.0,4,7.0,1,52,1,48,2,No,7,4,5.2,0.0,25452.5,7.2,0,0,0,1,0,0,0,0,0,0,0,0,1,0,0,1,1,0,0,0,0,1,0,0,0,0,0,0,1,0,0,1
58.0,0,13,204916.0,5,8.0,1,36,1,37,9,Yes,8,5,14.9,0.0,15762.77,12.6,0,0,1,0,0,0,0,0,1,0,0,0,0,0,0,1,0,0,0,0,1,1,0,0,1,0,0,1,0,1,0,1
29.0,1,5,77178.0,4,8.0,1,38,0,24,5,Yes,9,6,3.7,1.3,15435.6,8.8,0,0,0,0,0,0,1,0,0,0,0,0,0,0,0,1,0,0,0,0,1,0,1,0,0,1,0,0,0,1,0,1
53.0,0,4,94766.0,3,3.0,1,41,1,8,6,No,10,0,3.5,0.5,23691.5,10.1,0,0,1,0,0,0,0,0,1,0,0,0,0,0,0,1,1,0,0,0,0,1,1,0,0,1,0,0,0,0,1,0
33.0,0,1,53825.0,4,7.0,0,54,0,54,2,No,4,11,13.4,0.0,53825.0,7.4,0,1,0,0,0,0,0,0,0,0,0,0,0,1,1,0,0,0,0,0,1,1,0,0,0,0,0,0,1,0,0,1
59.0,0,31,196071.0,3,9.0,0,50,1,59,8,No,9,11,8.6,22.4,6324.87,13.0,0,0,0,1,0,0,0,0,0,0,0,0,1,0,0,0,0,0,0,0,1,0,0,0,1,0,0,1,0,1,1,0
24.0,1,0,42718.0,1,8.0,0,47,1,65,1,No,7,1,12.4,0.0,42718.0,5.7,0,1,0,0,1,0,0,0,0,0,0,0,0,0,1,0,1,0,0,0,0,1,0,0,0,0,0,0,0,1,0,0
35.0,1,1,59445.0,1,8.0,1,49,1,64,3,No,8,8,0.6,0.4,59445.0,7.9,0,0,0,0,0,0,1,0,0,0,0,0,0,0,0,0,0,0,0,1,0,1,0,0,0,0,0,0,0,1,0,0
56.0,0,16,172795.0,3,3.0,1,40,0,47,15,No,10,13,7.2,8.8,10799.69,19.0,0,0,1,0,0,0,0,0,0,0,1,0,0,0,0,1,0,1,0,0,0,0,0,1,0,0,0,1,0,0,1,0
34.0,1,7,148793.0,4,4.0,1,44,1,48,7,No,4,15,14.3,0.0,21256.14,11.4,1,0,0,0,0,0,0,1,0,0,0,0,0,0,0,0,0,1,0,0,0,0,0,1,0,0,1,0,0,0,0,1
32.0,0,2,54355.0,3,6.0,1,48,0,74,2,No,10,3,11.3,0.0,27177.5,6.8,0,1,0,0,0,0,0,0,0,0,0,0,0,1,0,1,0,0,0,0,0,1,0,0,0,0,0,0,1,0,1,0
39.0,1,17,158542.0,3,7.0,0,46,0,69,9,No,9,7,2.3,14.7,9326.0,13.6,0,0,0,1,0,0,0,0,0,0,0,1,0,0,0,1,0,0,0,0,1,1,0,1,0,0,0,1,1,0,1,0
32.0,0,9,129235.0,3,6.0,0,43,1,28,10,No,8,13,8.2,0.8,14359.44,14.3,0,1,0,0,0,0,0,0,0,0,0,0,0,1,0,0,0,0,0,1,0,1,0,1,0,0,1,0,1,0,1,0
36.0,0,4,70366.0,1,5.0,1,35,0,79,5,No,8,0,3.0,1.0,17591.5,8.5,0,0,1,0,0,0,0,0,1,0,0,0,0,0,1,0,0,0,1,0,0,0,1,0,0,1,0,0,1,0,0,0
37.0,1,6,131344.0,2,10.0,0,40,1,23,9,No,4,4,5.0,1.0,21890.67,13.0,1,0,0,0,0,0,0,0,0,1,0,0,0,0,0,0,0,0,0,1,0,0,0,1,0,0,1,0,0,1,0,0
52.0,0,10,141000.0,2,8.0,0,43,1,60,8,No,10,1,0.2,9.8,14100.0,12.3,1,0,0,0,0,0,0,1,0,0,0,0,0,0,0,0,0,0,0,1,0,0,0,1,0,0,1,0,0,1,0,0
34.0,1,6,149060.0,4,9.0,0,51,1,35,7,Yes,8,9,6.1,0.0,24843.33,12.1,0,0,0,1,0,0,0,0,0,0,0,1,0,0,1,0,0,0,0,0,0,1,0,1,0,0,1,0,0,1,0,1
48.0,0,17,234069.0,3,10.0,0,47,0,48,8,No,6,9,0.8,16.2,13768.76,12.7,0,0,0,1,0,0,0,0,0,0,0,1,0,0,0,0,0,0,0,1,0,1,0,0,1,0,0,1,0,1,1,0
41.0,1,16,211515.0,1,8.0,0,50,1,37,13,No,9,8,1.6,14.4,13219.69,18.0,0,0,1,0,0,0,0,0,0,0,1,0,0,0,1,0,0,0,0,0,1,1,0,0,1,0,0,1,0,1,0,0
42.0,1,7,119197.5,3,10.0,0,48,0,59,7,No,8,6,5.8,1.2,17028.21,11.8,0,0,0,0,0,0,0,0,0,0,0,0,0,0,0,1,0,0,1,0,0,0,1,0,0,0,1,0,0,1,1,0
34.0,1,11,176799.0,5,7.0,1,40,0,36,15,No,8,6,4.2,6.8,16072.64,19.0,1,0,0,0,0,0,0,0,0,1,0,0,0,0,0,1,0,0,0,0,0,0,0,1,0,0,0,1,1,0,0,1
45.0,0,12,224473.0,5,9.0,0,39,1,37,15,No,6,3,7.4,4.6,18706.08,18.9,1,0,0,0,0,0,0,0,0,1,0,0,0,0,1,0,0,0,0,1,0,0,0,0,1,0,0,1,0,1,0,1
34.0,1,7,133496.0,4,6.0,1,43,0,67,10,No,5,3,2.5,4.5,19070.86,14.3,0,1,0,0,0,0,0,0,0,0,0,0,0,1,1,0,0,0,0,0,0,0,0,1,0,0,1,0,1,0,0,1
29.0,0,2,41344.0,3,7.0,0,52,1,17,1,No,4,13,6.8,0.0,20672.0,6.2,0,0,0,1,0,0,0,0,0,0,0,0,1,0,0,0,1,0,0,0,0,1,0,0,0,0,0,0,1,0,1,0
58.0,0,0,49312.0,2,6.0,0,42,0,35,2,No,5,4,1.5,0.0,49312.0,6.2,0,1,0,0,0,1,0,0,0,0,0,0,0,0,0,0,1,0,0,0,0,0,0,0,0,0,0,0,1,0,0,0
36.0,0,12,171023.0,5,7.0,0,54,0,20,9,No,9,3,3.9,8.1,14251.92,14.4,0,0,1,0,0,0,0,0,0,0,1,0,0,0,0,0,0,0,0,0,0,1,0,1,0,0,0,1,1,0,0,1
51.0,0,28,164075.0,2,7.0,0,44,0,62,8,No,9,6,7.9,20.1,5859.82,12.4,1,0,0,0,0,0,0,1,0,0,0,0,0,0,0,0,0,0,1,0,0,0,0,1,0,0,0,1,1,0,0,0
48.0,1,14,230616.0,1,5.0,1,43,0,60,14,No,8,10,11.1,2.9,16472.57,18.3,0,1,0,0,0,0,0,0,0,0,0,0,0,1,0,0,0,1,0,0,0,0,0,0,1,0,0,1,1,0,0,0
54.0,1,28,168941.0,5,5.0,1,47,0,31,9,No,10,6,11.3,16.7,6033.61,13.7,0,1,0,0,1,0,0,0,0,0,0,0,0,0,0,1,0,0,1,0,0,0,0,1,0,0,0,1,1,0,0,1
37.0,1,7,101590.0,2,8.0,0,37,1,54,10,No,9,11,5.4,1.6,14512.86,13.7,0,0,0,1,0,0,0,0,0,0,0,0,1,0,1,0,0,0,0,0,0,0,1,0,0,0,1,0,0,1,0,0
53.0,1,28,183413.0,2,7.0,0,46,0,25,13,No,6,5,3.5,24.5,6550.46,17.6,0,0,0,1,0,0,0,0,0,0,0,1,0,0,1,0,0,1,0,0,0,0,0,0,1,0,0,1,1,0,0,0
24.0,1,2,63170.0,1,6.0,1,52,0,15,1,No,8,8,7.2,0.0,31585.0,6.2,0,0,1,0,0,0,0,0,1,0,0,0,0,0,0,0,0,0,1,0,0,1,0,0,0,0,0,0,1,0,0,0
31.0,1,4,80210.0,5,5.0,1,42,1,78,4,No,4,5,5.6,0.0,20052.5,8.2,1,0,0,0,0,0,0,0,0,1,0,0,0,0,0,0,0,0,1,0,0,0,1,0,0,1,0,0,1,0,0,1
37.0,0,6,104415.0,3,8.0,1,40,0,75,6,No,10,11,10.9,0.0,17402.5,10.0,0,0,0,1,0,0,0,0,0,0,0,1,0,0,0,1,0,0,0,1,0,1,1,0,0,0,1,0,0,1,1,0
56.0,0,15,185695.0,5,9.0,0,36,1,26,8,Yes,8,1,13.8,1.2,12379.67,11.6,1,0,0,0,0,0,0,1,0,0,0,0,0,0,0,0,1,0,0,0,0,1,0,0,1,0,0,1,0,1,0,1
60.0,1,36,209630.0,1,4.0,1,42,1,13,10,No,9,12,10.7,25.3,5823.06,14.2,1,0,0,0,0,0,0,1,0,0,0,0,0,0,1,0,0,0,0,0,1,1,0,0,1,0,0,1,0,0,0,0
55.0,1,25,218819.0,5,7.0,0,54,0,72,15,No,6,13,10.9,14.1,8752.76,20.4,0,0,0,0,0,0,1,0,0,0,0,0,0,0,0,1,0,0,0,0,0,0,0,0,1,0,0,1,1,0,0,1
35.0,0,9,139609.0,4,7.0,0,44,1,45,9,Yes,7,15,10.2,0.0,15512.11,13.4,1,0,0,0,0,0,0,1,0,0,0,0,0,0,1,0,1,0,0,0,0,1,0,1,0,0,1,0,1,0,0,1
31.0,1,9,125975.0,2,9.0,0,42,0,67,7,No,4,12,6.9,2.1,13997.22,11.2,1,0,0,0,0,0,0,0,0,1,0,0,0,0,0,1,0,0,1,0,0,0,0,1,0,0,1,0,0,1,0,0
35.0,1,2,44768.0,1,8.0,1,46,0,64,3,No,6,12,12.9,0.0,22384.0,7.6,0,0,0,1,0,0,0,0,0,0,0,0,1,0,1,0,0,1,0,0,0,1,0,0,0,0,0,0,0,1,0,0
60.0,1,22,155311.0,1,3.0,1,45,0,69,15,No,6,5,11.5,10.5,7059.59,19.5,0,0,0,1,0,0,0,0,0,0,0,1,0,0,0,1,0,0,0,0,0,0,0,1,0,0,0,1,0,0,0,0
25.0,0,4,70791.0,4,8.0,0,54,0,46,6,Yes,6,9,4.6,0.0,17697.75,11.4,1,0,0,0,0,0,0,0,0,1,0,0,0,0,0,0,0,0,0,1,0,0,1,0,0,1,0,0,0,1,0,1
50.0,1,13,170097.0,3,6.0,0,49,1,23,14,No,9,6,4.4,8.6,13084.38,18.9,0,0,1,0,0,0,0,0,1,0,0,0,0,0,0,1,0,1,0,0,0,1,0,1,0,0,0,1,1,0,1,0
39.0,1,7,100793.0,2,7.0,1,53,0,24,7,No,7,13,14.0,0.0,14399.0,12.3,1,0,0,0,0,0,0,0,0,0,1,0,0,0,0,0,0,1,0,0,0,0,1,0,0,0,1,0,1,0,0,0
35.0,0,1,63830.0,1,8.0,1,49,0,19,2,No,5,2,8.9,0.0,63830.0,6.9,0,0,1,0,0,0,0,0,0,0,1,0,0,0,0,0,0,1,0,0,0,0,0,0,0,0,0,0,0,1,0,0
45.0,1,8,141387.0,5,9.0,0,53,1,33,8,No,5,0,6.9,1.1,17673.38,13.3,0,0,0,1,0,0,0,0,0,0,0,0,1,0,0,1,0,0,0,0,0,0,0,1,0,0,1,0,0,1,0,1
54.0,1,31,227554.0,3,7.0,1,39,1,36,12,No,4,14,8.8,22.2,7340.45,15.9,0,0,0,0,0,0,1,0,0,0,0,0,0,0,0,1,0,0,0,0,1,1,0,0,1,0,0,1,1,0,1,0
48.0,1,13,160633.0,2,6.0,1,50,0,12,11,No,8,13,11.9,1.1,12356.38,16.0,0,0,1,0,0,0,0,0,0,0,1,0,0,0,0,1,1,0,0,0,0,0,0,1,0,0,0,1,1,0,0,0
48.0,1,0,50092.0,4,5.0,1,47,0,60,1,Yes,7,7,8.7,0.0,50092.0,5.7,0,0,0,1,0,0,0,0,0,0,0,1,0,0,1,0,1,0,0,0,0,1,0,0,0,0,0,0,1,0,0,1
43.0,0,19,160863.0,1,8.0,1,35,0,68,9,No,4,2,1.4,17.6,8466.47,12.5,0,0,1,0,0,0,0,0,1,0,0,0,0,0,1,0,0,0,0,0,0,0,0,1,0,0,0,1,0,1,0,0
22.0,1,0,67642.0,3,5.0,1,53,1,26,2,No,9,9,6.2,0.0,67642.0,7.3,1,0,0,0,0,0,0,1,0,0,0,0,0,0,0,0,0,0,1,0,0,0,0,0,0,0,0,0,1,0,1,0
59.0,0,2,65871.0,4,7.0,1,50,0,80,1,Yes,10,9,4.6,0.0,32935.5,6.0,0,1,0,0,0,0,0,0,0,0,0,0,0,1,0,1,0,1,0,0,0,1,0,0,0,0,0,0,1,0,0,1
30.0,0,7,142170.0,1,5.0,1,54,0,9,10,No,7,12,2.2,4.8,20310.0,15.4,0,0,1,0,0,0,0,0,0,0,1,0,0,0,0,1,1,0,0,0,0,1,0,1,0,0,1,0,1,0,0,0
50.0,1,16,204784.0,3,8.0,1,45,1,64,11,No,9,4,3.5,12.5,12799.0,15.5,1,0,0,0,0,0,0,0,0,1,0,0,0,0,1,0,1,0,0,0,0,0,0,0,1,0,0,1,0,1,1,0
27.0,0,4,84710.0,2,9.0,0,37,0,45,4,No,9,7,9.3,0.0,21177.5,7.7,1,0,0,0,0,0,0,1,0,0,0,0,0,0,0,0,0,0,1,0,0,1,1,0,0,1,0,0,0,1,0,0
29.0,1,3,81934.0,4,6.0,1,46,1,9,4,Yes,5,8,14.9,0.0,27311.33,8.6,0,0,0,1,0,0,0,0,0,0,0,0,1,0,1,0,0,0,0,1,0,1,1,0,0,1,0,0,1,0,0,1
47.0,1,14,236298.0,5,3.0,1,40,1,37,13,No,10,13,9.7,4.3,16878.43,17.0,0,0,0,1,0,0,0,0,0,0,0,0,1,0,0,0,1,0,0,0,0,0,0,0,1,0,0,1,0,0,0,1
30.0,0,8,113255.0,4,6.0,0,35,0,52,7,Yes,4,10,3.7,4.3,14156.88,10.5,1,0,0,0,0,0,0,1,0,0,0,0,0,0,0,1,0,0,0,0,1,0,1,0,0,0,1,0,1,0,0,1
35.0,0,5,87395.0,5,8.0,1,54,0,10,6,No,8,14,2.2,2.8,17479.0,11.4,0,0,0,1,0,0,0,0,0,0,0,1,0,0,0,1,0,0,0,1,0,0,1,0,0,1,0,0,0,1,0,1
24.0,1,2,55548.0,4,6.0,1,53,0,80,2,No,8,7,0.7,1.3,27774.0,7.3,0,0,1,0,0,0,0,0,0,0,1,0,0,0,0,0,0,0,0,0,1,1,0,0,0,0,0,0,1,0,0,1
36.0,1,12,155314.0,4,5.0,1,47,0,11,11,No,5,2,8.7,3.3,12942.83,15.7,0,0,0,0,0,0,0,0,0,0,0,0,0,0,1,0,0,1,0,0,0,1,0,1,0,0,0,1,1,0,0,1
41.0,0,15,165187.0,4,3.0,1,45,1,6,11,No,8,13,3.8,11.2,11012.47,15.5,0,1,0,0,0,1,0,0,0,0,0,0,0,0,0,1,0,0,1,0,0,0,0,1,0,0,0,1,0,0,0,1
23.0,0,0,45538.0,3,7.0,0,43,1,59,3,No,9,6,6.8,0.0,45538.0,7.3,1,0,0,0,0,0,0,0,0,1,0,0,0,0,0,1,0,0,0,1,0,0,0,0,0,0,0,0,1,0,1,0
40.0,1,17,159991.0,1,3.0,1,35,1,39,10,No,10,5,6.0,11.0,9411.24,13.5,0,0,0,0,0,0,0,0,0,0,0,0,0,0,0,1,0,0,0,0,0,1,0,1,0,0,0,1,0,0,0,0
54.0,1,32,160914.0,1,6.0,0,40,1,74,13,No,6,8,11.7,20.3,5028.56,17.0,0,0,0,0,0,0,0,0,0,0,0,0,0,0,0,0,0,0,0,0,1,0,0,1,0,0,0,1,1,0,0,0
26.0,0,1,55685.0,3,7.0,0,45,0,18,3,No,4,12,11.7,0.0,55685.0,7.5,0,0,1,0,0,0,0,0,1,0,0,0,0,0,1,0,0,0,1,0,0,1,0,0,0,0,0,0,1,0,1,0
52.0,0,14,200760.0,3,7.0,1,36,0,29,13,No,5,0,8.5,5.5,14340.0,16.6,1,0,0,0,0,0,0,1,0,0,0,0,0,0,0,1,0,0,0,0,1,0,0,0,1,0,0,1,1,0,1,0
45.0,1,13,210749.0,2,7.0,1,38,1,65,9,No,10,15,14.6,0.0,16211.46,12.8,0,0,0,0,0,0,0,0,0,0,0,0,0,0,0,1,0,1,0,0,0,0,0,0,1,0,0,1,1,0,0,0
29.0,0,5,79615.0,1,5.0,1,44,0,53,3,No,4,4,10.0,0.0,15923.0,7.4,0,0,1,0,0,0,0,0,0,0,1,0,0,0,0,0,1,0,0,0,0,0,1,0,0,1,0,0,1,0,0,0
26.0,1,0,53332.0,1,5.0,1,45,1,22,1,No,6,3,4.8,0.0,53332.0,5.5,0,0,0,0,0,0,1,0,0,0,0,0,0,0,1,0,1,0,0,0,0,0,0,0,0,0,0,0,1,0,0,0
38.0,1,10,138156.0,2,10.0,0,43,1,75,6,No,4,9,8.9,1.1,13815.6,10.3,0,1,0,0,0,0,0,0,0,0,0,0,0,1,0,0,0,0,1,0,0,1,0,1,0,0,1,0,0,1,0,0
47.0,0,9,117632.0,2,6.0,1,38,1,66,6,No,4,1,12.5,0.0,13070.22,9.8,0,0,0,0,0,0,0,0,0,0,0,0,0,0,1,0,0,1,0,0,0,0,1,0,0,0,1,0,1,0,0,0
56.0,0,16,160749.0,2,8.0,1,55,1,65,13,No,5,6,8.0,8.0,10046.81,18.5,0,0,0,0,0,0,1,0,0,0,0,0,0,0,0,0,0,0,0,0,0,1,0,1,0,0,0,1,0,1,0,0
54.0,0,26,225588.0,4,4.0,1,42,0,32,11,No,8,12,13.1,12.9,8676.46,15.2,1,0,0,0,0,0,0,1,0,0,0,0,0,0,0,0,0,0,0,1,0,0,0,0,1,0,0,1,0,0,0,1
59.0,1,37,230790.0,4,10.0,0,55,1,19,9,Yes,6,12,5.7,31.3,6237.57,14.5,1,0,0,0,0,0,0,0,0,1,0,0,0,0,1,0,1,0,0,0,0,1,0,0,1,0,0,1,0,1,0,1
58.0,0,37,167360.0,2,5.0,1,36,0,22,8,No,5,6,14.6,22.4,4523.24,11.6,0,0,0,0,0,0,0,0,0,0,0,0,0,0,0,0,0,0,0,1,0,1,0,1,0,0,0,1,1,0,0,0
22.0,0,0,43504.0,2,6.0,1,39,1,52,2,No,7,10,9.1,0.0,43504.0,5.9,0,1,0,0,0,1,0,0,0,0,0,0,0,0,0,1,0,1,0,0,0,0,0,0,0,0,0,0,1,0,0,0
50.0,0,27,201014.0,2,6.0,0,42,0,40,13,No,10,13,6.5,20.5,7444.96,17.2,0,0,0,1,0,0,0,0,0,0,0,0,1,0,0,1,0,0,1,0,0,1,0,0,1,0,0,1,1,0,0,0
49.0,1,5,87179.0,2,7.0,0,38,1,41,5,No,7,8,14.6,0.0,17435.8,8.8,0,0,0,0,0,0,0,0,0,0,0,0,0,0,0,0,0,1,0,0,0,0,1,0,0,1,0,0,1,0,0,0
52.0,0,29,208896.0,3,7.0,0,50,0,25,11,No,10,15,5.4,23.6,7203.31,16.0,0,0,0,1,0,0,0,0,0,0,0,1,0,0,1,0,1,0,0,0,0,1,0,0,1,0,0,1,1,0,1,0
23.0,0,2,58079.0,2,10.0,0,43,0,17,3,No,4,8,13.0,0.0,29039.5,7.3,1,0,0,0,0,0,0,0,0,0,0,1,0,0,1,0,0,0,0,0,1,1,0,0,0,0,0,0,0,1,0,0
23.0,0,2,48260.0,5,4.0,1,54,0,72,1,Yes,10,0,8.1,0.0,24130.0,6.4,0,0,0,0,0,0,1,0,0,0,0,0,0,0,0,0,0,0,1,0,0,0,0,0,0,0,0,0,0,0,0,1
58.0,1,0,43554.0,3,9.0,0,48,0,80,3,No,9,6,14.3,0.0,43554.0,7.8,0,0,1,0,0,0,0,0,0,0,1,0,0,0,1,0,0,0,1,0,0,1,0,0,0,0,0,0,0,1,1,0
28.0,1,7,121280.0,3,6.0,1,50,0,68,6,No,6,7,9.3,0.0,17325.71,11.0,0,0,1,0,0,0,0,0,0,0,1,0,0,0,0,1,0,0,1,0,0,1,0,1,0,0,1,0,1,0,1,0
26.0,0,4,98395.0,2,8.0,1,48,1,75,3,No,7,14,11.8,0.0,24598.75,7.8,0,0,1,0,0,0,0,0,1,0,0,0,0,0,0,0,0,0,1,0,0,0,1,0,0,1,0,0,0,1,0,0
35.0,0,5,70383.0,1,7.0,0,55,1,16,6,No,6,10,10.1,0.0,14076.6,11.5,1,0,0,0,0,0,0,1,0,0,0,0,0,0,0,0,0,1,0,0,0,0,1,0,0,1,0,0,1,0,0,0
27.0,1,6,102894.0,3,5.0,1,40,0,32,9,No,8,13,3.6,2.4,17149.0,13.0,0,0,1,0,0,0,0,0,1,0,0,0,0,0,0,1,0,0,0,0,0,1,1,0,0,0,1,0,1,0,1,0
54.0,0,17,196779.0,5,8.0,1,40,1,78,15,No,9,0,9.3,7.7,11575.24,19.0,0,1,0,0,0,0,0,0,0,0,0,0,0,1,0,0,0,0,0,0,1,0,0,0,1,0,0,1,0,1,0,1
40.0,0,11,175671.0,2,10.0,0,44,1,62,11,No,5,7,3.7,7.3,15970.09,15.4,1,0,0,0,0,0,0,1,0,0,0,0,0,0,0,0,0,0,0,1,0,1,0,1,0,0,0,1,0,1,0,0
29.0,0,5,75043.0,2,7.0,1,47,1,52,3,No,7,1,2.5,2.5,15008.6,7.7,1,0,0,0,0,0,0,1,0,0,0,0,0,0,0,1,1,0,0,0,0,0,1,0,0,1,0,0,1,0,0,0
28.0,0,2,53600.0,4,10.0,0,40,0,62,1,Yes,5,5,11.2,0.0,26800.0,5.0,1,0,0,0,0,0,0,0,0,1,0,0,0,0,0,0,0,1,0,0,0,1,0,0,0,0,0,0,0,1,0,1
33.0,1,4,94032.0,2,7.0,0,44,0,16,3,No,7,3,13.8,0.0,23508.0,7.4,0,0,0,1,0,0,0,0,0,0,0,0,1,0,1,0,1,0,0,0,0,1,1,0,0,1,0,0,1,0,0,0
56.0,0,35,156924.0,5,4.0,1,39,1,70,10,Yes,5,2,14.7,20.3,4483.54,13.9,0,1,0,0,0,0,0,0,0,0,0,0,0,1,1,0,0,0,0,0,1,1,0,1,0,0,0,1,0,0,0,1
38.0,1,10,102884.0,4,7.0,1,41,1,16,9,No,10,4,6.9,3.1,10288.4,13.1,0,0,1,0,0,0,0,0,1,0,0,0,0,0,0,1,0,0,1,0,0,1,1,0,0,0,1,0,1,0,0,1
56.0,0,20,194260.0,1,5.0,1,35,1,8,8,No,10,2,0.0,20.0,9713.0,11.5,0,1,0,0,1,0,0,0,0,0,0,0,0,0,1,0,0,0,1,0,0,0,0,0,1,0,0,1,1,0,0,0
27.0,0,3,71875.0,2,8.0,0,45,1,69,3,No,6,9,9.8,0.0,23958.33,7.5,1,0,0,0,0,0,0,1,0,0,0,0,0,0,0,0,0,0,0,0,1,0,1,0,0,1,0,0,0,1,0,0
40.0,0,4,79410.0,5,5.0,1,37,1,41,6,No,10,1,5.3,0.0,19852.5,9.7,0,0,0,0,0,0,0,0,0,0,0,0,0,0,0,1,0,0,0,0,0,0,1,0,0,1,0,0,1,0,0,1
54.0,1,29,150366.0,2,10.0,0,46,1,51,12,No,7,8,3.3,25.7,5185.03,16.6,0,0,0,1,0,0,0,0,0,0,0,1,0,0,0,0,0,1,0,0,0,1,0,1,0,0,0,1,0,1,0,0
46.0,0,7,133533.0,3,6.0,0,36,0,26,7,No,6,12,5.2,1.8,19076.14,10.6,1,0,0,0,0,0,0,0,0,1,0,0,0,0,1,0,0,0,1,0,0,0,0,1,0,0,1,0,1,0,1,0
52.0,0,26,228918.0,5,5.0,1,35,1,13,15,Yes,6,1,3.7,22.3,8804.54,18.5,0,0,1,0,0,0,0,0,1,0,0,0,0,0,0,0,0,0,1,0,0,0,0,0,1,0,0,1,1,0,0,1
38.0,0,17,184289.0,2,9.0,0,50,1,71,12,No,8,6,0.8,16.2,10840.53,17.0,0,1,0,0,1,0,0,0,0,0,0,0,0,0,0,1,0,0,0,1,0,1,0,0,1,0,0,1,0,1,0,0
47.0,1,7,109273.0,5,4.0,1,44,0,57,9,Yes,9,9,12.0,0.0,15610.43,13.4,1,0,0,0,0,0,0,1,0,0,0,0,0,0,0,0,0,0,0,1,0,1,1,0,0,0,1,0,0,0,0,1
45.0,1,6,105384.0,1,7.0,0,47,0,25,9,No,10,11,14.7,0.0,17564.0,13.7,0,0,0,1,0,0,0,0,0,0,0,1,0,0,0,0,1,0,0,0,0,0,1,0,0,0,1,0,1,0,0,0
33.0,1,12,194555.0,3,6.0,1,35,0,53,10,No,5,9,12.7,0.0,16212.92,13.5,0,0,0,0,0,0,0,0,0,0,0,0,0,0,0,0,0,0,0,1,0,0,0,0,1,0,0,1,1,0,1,0
54.0,0,14,181646.0,3,8.0,0,39,1,48,10,No,6,1,13.1,0.9,12974.71,13.9,0,0,0,0,0,0,1,0,0,0,0,0,0,0,0,1,0,1,0,0,0,0,0,1,0,0,0,1,0,1,1,0
37.0,0,6,134485.0,5,6.0,0,38,1,23,8,Yes,6,3,5.0,1.0,22414.17,11.8,0,1,0,0,1,0,0,0,0,0,0,0,0,0,0,0,1,0,0,0,0,1,0,1,0,0,1,0,1,0,0,1
55.0,1,7,115800.0,1,8.0,0,41,1,22,10,No,9,12,6.5,0.5,16542.86,14.1,0,0,1,0,0,0,0,0,0,0,1,0,0,0,0,1,0,1,0,0,0,1,1,0,0,0,1,0,0,1,0,0
48.0,0,23,249404.0,4,7.0,0,49,1,6,13,Yes,4,5,11.7,11.3,10843.65,17.9,1,0,0,0,0,0,0,1,0,0,0,0,0,0,0,0,0,1,0,0,0,0,0,0,1,0,0,1,1,0,0,1
28.0,1,6,139137.0,1,8.0,0,47,0,68,10,No,5,8,4.5,1.5,23189.5,14.7,0,1,0,0,0,1,0,0,0,0,0,0,0,0,0,0,0,0,0,0,0,1,0,1,0,0,1,0,0,1,0,0
48.0,0,19,198222.0,2,6.0,0,37,1,20,13,No,4,9,3.5,15.5,10432.74,16.7,0,0,1,0,0,0,0,0,1,0,0,0,0,0,0,1,0,0,1,0,0,0,0,0,1,0,0,1,1,0,0,0
36.0,0,12,153457.0,4,3.0,1,40,1,69,10,Yes,5,4,12.5,0.0,12788.08,14.0,0,0,1,0,0,0,0,0,0,0,1,0,0,0,0,1,0,0,0,0,1,0,0,1,0,0,0,1,0,0,0,1
43.0,1,2,62787.0,3,8.0,0,51,1,51,3,No,5,0,5.9,0.0,31393.5,8.1,0,0,0,0,0,0,1,0,0,0,0,0,0,0,0,0,1,0,0,0,0,1,0,0,0,0,0,0,0,1,1,0
47.0,1,13,165271.0,4,5.0,1,35,1,12,10,No,10,6,3.8,9.2,12713.15,13.5,1,0,0,0,0,0,0,0,0,1,0,0,0,0,0,1,0,1,0,0,0,1,0,1,0,0,0,1,1,0,0,1
23.0,1,0,50498.0,2,3.0,1,40,0,48,3,No,4,11,13.3,0.0,50498.0,7.0,0,0,0,1,0,0,0,0,0,0,0,1,0,0,0,1,0,0,0,0,1,1,0,0,0,0,0,0,0,0,0,0
49.0,0,15,223580.0,5,7.0,0,51,0,10,10,No,5,3,2.7,12.3,14905.33,15.1,0,0,1,0,0,0,0,0,1,0,0,0,0,0,0,1,0,0,0,0,1,0,0,0,1,0,0,1,1,0,0,1
55.0,1,12,212506.0,4,3.0,1,41,0,20,10,No,4,1,0.5,11.5,17708.83,14.1,0,0,1,0,0,0,0,0,1,0,0,0,0,0,1,0,1,0,0,0,0,1,0,0,1,0,0,1,0,0,0,1
25.0,1,4,96322.0,3,6.0,1,40,0,37,5,No,8,5,13.4,0.0,24080.5,9.0,0,1,0,0,0,1,0,0,0,0,0,0,0,0,0,1,0,0,0,1,0,1,1,0,0,1,0,0,1,0,1,0
58.0,1,18,161751.0,2,10.0,0,46,1,23,12,No,8,10,14.6,3.4,8986.17,16.6,0,0,1,0,0,0,0,0,0,0,1,0,0,0,0,1,0,0,0,1,0,0,0,1,0,0,0,1,0,1,0,0
23.0,1,2,69181.0,1,10.0,0,42,1,60,1,No,5,12,10.3,0.0,34590.5,5.2,0,1,0,0,1,0,0,0,0,0,0,0,0,0,0,1,0,0,1,0,0,1,0,0,0,0,0,0,0,1,0,0
48.0,0,17,233917.0,4,5.0,1,48,0,27,9,Yes,10,6,4.8,12.2,13759.82,13.8,0,0,1,0,0,0,0,0,1,0,0,0,0,0,1,0,0,0,1,0,0,0,0,0,1,0,0,1,1,0,0,1
42.0,1,20,236148.0,3,10.0,0,35,0,20,8,No,10,4,0.6,19.4,11807.4,11.5,0,0,1,0,0,0,0,0,1,0,0,0,0,0,0,0,0,0,0,0,0,1,0,0,1,0,0,1,0,1,1,0
43.0,0,17,221368.0,4,5.0,1,43,0,78,10,No,9,12,9.1,7.9,13021.65,14.3,0,0,1,0,0,0,0,0,0,0,1,0,0,0,0,0,0,0,0,0,1,0,0,0,1,0,0,1,1,0,0,1
22.0,1,1,65116.0,5,8.0,0,53,1,37,1,No,6,6,4.3,0.0,65116.0,6.3,0,1,0,0,0,0,0,0,0,0,0,0,0,1,0,0,0,0,0,1,0,1,0,0,0,0,0,0,0,1,0,1
37.0,1,16,153860.0,4,7.0,1,42,1,70,10,No,10,13,13.9,2.1,9616.25,14.2,0,0,1,0,0,0,0,0,1,0,0,0,0,0,1,0,0,1,0,0,0,1,0,1,0,0,0,1,1,0,0,1
25.0,0,3,72661.0,5,7.0,1,35,1,53,4,No,6,1,4.6,0.0,24220.33,7.5,0,0,0,1,0,0,0,0,0,0,0,1,0,0,0,1,0,0,1,0,0,1,1,0,0,1,0,0,1,0,0,1
60.0,0,20,173224.0,5,7.0,0,55,1,11,11,No,7,11,5.6,14.4,8661.2,16.5,0,1,0,0,1,0,0,0,0,0,0,0,0,0,0,0,0,0,0,0,1,0,0,1,0,0,0,1,1,0,0,1
53.0,1,28,171274.0,4,6.0,0,47,1,22,8,Yes,5,11,13.5,14.5,6116.93,12.7,0,0,0,0,0,0,0,0,0,0,0,0,0,0,0,1,1,0,0,0,0,0,0,1,0,0,0,1,1,0,0,1
46.0,0,5,95202.0,1,7.0,0,51,1,29,5,No,7,6,3.4,1.6,19040.4,10.1,0,0,0,1,0,0,0,0,0,0,0,0,1,0,0,1,0,0,0,1,0,1,1,0,0,1,0,0,1,0,0,0
27.0,0,2,46639.0,4,4.0,1,49,0,6,2,Yes,4,6,2.3,0.0,23319.5,6.9,0,0,0,1,0,0,0,0,0,0,0,1,0,0,1,0,0,0,0,1,0,1,0,0,0,0,0,0,0,0,0,1
22.0,1,0,67039.0,3,7.0,0,49,0,53,3,No,5,3,6.0,0.0,67039.0,7.9,0,0,1,0,0,0,0,0,1,0,0,0,0,0,0,0,0,0,0,0,1,1,0,0,0,0,0,0,1,0,1,0
26.0,1,2,63789.0,5,7.0,1,36,0,42,1,No,6,1,13.2,0.0,31894.5,4.6,1,0,0,0,0,0,0,0,0,1,0,0,0,0,1,0,0,0,0,0,0,1,0,0,0,0,0,0,1,0,0,1
37.0,1,6,126106.0,5,7.0,0,39,0,70,9,Yes,4,5,0.2,5.8,21017.67,12.9,0,0,0,0,0,0,0,0,0,0,0,0,0,0,0,1,1,0,0,0,0,1,0,1,0,0,1,0,1,0,0,1
27.0,1,6,106706.0,3,4.0,1,48,0,67,7,No,8,14,3.3,2.7,17784.33,11.8,0,1,0,0,0,0,0,0,0,0,0,0,0,1,0,1,0,0,0,0,0,1,1,0,0,0,1,0,0,0,1,0
29.0,0,8,101910.0,2,6.0,1,49,0,80,8,No,8,13,9.8,0.0,12738.75,12.9,1,0,0,0,0,0,0,1,0,0,0,0,0,0,0,1,1,0,0,0,0,0,1,0,0,0,1,0,1,0,0,0
52.0,0,25,217931.0,1,7.0,0,35,1,15,10,No,6,5,8.6,16.4,8717.24,13.5,0,1,0,0,1,0,0,0,0,0,0,0,0,0,1,0,0,0,1,0,0,0,0,0,1,0,0,1,1,0,0,0
42.0,0,2,40486.0,5,6.0,0,38,0,77,2,Yes,7,4,9.4,0.0,20243.0,5.8,1,0,0,0,0,0,0,0,0,1,0,0,0,0,1,0,0,0,0,1,0,0,0,0,0,0,0,0,1,0,0,1
30.0,1,9,136538.0,5,7.0,1,43,0,74,10,Yes,10,9,7.4,1.6,15170.89,14.3,0,1,0,0,0,1,0,0,0,0,0,0,0,0,1,0,0,0,0,0,1,1,0,1,0,0,1,0,1,0,0,1
24.0,1,0,119197.5,4,10.0,0,54,0,21,3,No,9,9,9.9,0.0,119197.5,8.4,1,0,0,0,0,0,0,1,0,0,0,0,0,0,0,1,0,0,0,1,0,1,1,0,0,0,0,0,0,1,0,1
27.0,1,2,66550.0,4,6.0,1,46,1,74,1,No,4,12,2.3,0.0,33275.0,5.6,0,0,1,0,0,0,0,0,1,0,0,0,0,0,1,0,0,0,0,1,0,0,0,0,0,0,0,0,1,0,0,1
56.0,0,1,52466.0,5,9.0,0,55,0,73,1,Yes,4,15,2.7,0.0,52466.0,6.5,0,0,0,1,0,0,0,0,0,0,0,1,0,0,0,1,0,0,0,0,1,0,0,0,0,0,0,0,0,1,0,1
54.0,1,9,132368.0,5,5.0,1,51,0,28,6,Yes,6,7,13.4,0.0,14707.56,11.1,0,0,1,0,0,0,0,0,0,0,1,0,0,0,0,0,1,0,0,0,0,1,0,1,0,0,1,0,1,0,0,1
45.0,1,12,239864.0,5,8.0,1,35,1,40,15,No,4,5,0.6,11.4,19988.67,18.5,0,0,0,0,0,0,0,0,0,0,0,0,0,0,0,1,0,0,0,0,0,0,0,0,1,0,0,1,0,1,0,1
38.0,0,16,175704.0,3,10.0,0,54,1,36,10,No,10,4,5.5,10.5,10981.5,15.4,0,0,0,0,0,0,1,0,0,0,0,0,0,0,1,0,0,0,0,0,1,0,0,1,0,0,0,1,0,1,1,0
47.0,0,6,122294.0,2,9.0,0,37,1,73,9,No,6,10,2.6,3.4,20382.33,12.7,0,0,1,0,0,0,0,0,0,0,1,0,0,0,0,1,0,0,0,0,0,1,0,1,0,0,1,0,0,1,0,0
46.0,0,18,241042.0,3,10.0,0,54,1,33,11,No,8,3,4.4,13.6,13391.22,16.4,1,0,0,0,0,0,0,0,0,1,0,0,0,0,0,0,0,0,0,0,1,1,0,0,1,0,0,1,0,1,1,0
45.0,0,20,200630.0,1,6.0,0,45,0,38,13,No,8,7,8.5,11.5,10031.5,17.5,0,0,0,1,0,0,0,0,0,0,0,0,1,0,1,0,0,0,0,0,0,0,0,0,1,0,0,1,1,0,0,0
29.0,0,1,45400.0,2,5.0,1,45,0,9,1,No,8,2,4.0,0.0,45400.0,5.5,1,0,0,0,0,0,0,0,0,1,0,0,0,0,1,0,0,0,0,0,0,0,0,0,0,0,0,0,1,0,0,0
41.0,0,10,121415.0,2,6.0,1,41,0,32,8,No,4,13,0.5,9.5,12141.5,12.1,1,0,0,0,0,0,0,0,0,1,0,0,0,0,1,0,0,0,0,0,1,1,0,1,0,0,1,0,1,0,0,0
37.0,1,14,231365.0,2,5.0,1,55,0,16,12,No,9,1,11.0,3.0,16526.07,17.5,0,0,1,0,0,0,0,0,1,0,0,0,0,0,1,0,0,1,0,0,0,1,0,0,1,0,0,1,1,0,0,0
46.0,0,22,223595.0,5,7.0,0,39,1,39,8,Yes,9,11,2.9,19.1,10163.41,11.9,1,0,0,0,0,0,0,0,0,1,0,0,0,0,0,1,0,0,0,0,0,0,0,0,1,0,0,1,1,0,0,1
47.0,0,4,83634.0,3,8.0,0,53,0,73,3,No,10,14,6.9,0.0,20908.5,8.3,0,0,1,0,0,0,0,0,0,0,1,0,0,0,1,0,0,0,0,0,0,0,1,0,0,1,0,0,0,1,1,0
30.0,1,5,87738.0,5,8.0,0,46,0,27,5,Yes,7,4,7.8,0.0,17547.6,9.6,0,0,0,0,0,0,0,0,0,0,0,0,0,0,0,1,1,0,0,0,0,0,1,0,0,1,0,0,0,1,0,1
49.0,1,0,41404.0,3,4.0,1,55,1,14,1,No,6,7,8.5,0.0,41404.0,6.5,0,1,0,0,0,1,0,0,0,0,0,0,0,0,0,0,0,1,0,0,0,1,0,0,0,0,0,0,0,0,1,0
42.0,0,6,131491.0,5,8.0,0,55,1,17,6,No,5,9,4.0,2.0,21915.17,11.5,0,1,0,0,1,0,0,0,0,0,0,0,0,0,0,0,1,0,0,0,0,0,0,1,0,0,1,0,0,1,0,1
46.0,1,4,83863.0,4,8.0,0,44,1,5,6,Yes,9,4,11.0,0.0,20965.75,10.4,0,0,1,0,0,0,0,0,0,0,1,0,0,0,1,0,0,0,0,1,0,1,1,0,0,1,0,0,0,1,0,1
35.0,0,8,148303.0,2,8.0,1,37,1,23,7,No,10,0,2.2,5.8,18537.88,10.7,0,0,0,0,0,0,1,0,0,0,0,0,0,0,0,0,0,0,1,0,0,1,0,1,0,0,1,0,0,1,0,0
25.0,1,0,53610.0,4,9.0,0,41,0,8,2,No,5,5,2.5,0.0,53610.0,6.1,0,0,0,0,0,0,0,0,0,0,0,0,0,0,0,0,0,0,0,0,0,1,0,0,0,0,0,0,0,1,0,1
51.0,0,25,210851.0,3,7.0,0,46,0,22,13,No,9,12,13.7,11.3,8434.04,17.6,0,0,1,0,0,0,0,0,1,0,0,0,0,0,0,0,1,0,0,0,0,0,0,0,1,0,0,1,1,0,1,0
42.0,0,19,200123.0,1,4.0,1,36,0,20,11,No,7,15,1.8,17.2,10532.79,14.6,0,0,1,0,0,0,0,0,1,0,0,0,0,0,0,0,0,0,0,0,0,0,0,0,1,0,0,1,0,0,0,0
34.0,1,12,223988.0,1,8.0,1,40,1,78,10,No,6,6,11.3,0.7,18665.67,14.0,0,0,0,1,0,0,0,0,0,0,0,1,0,0,0,1,0,0,0,1,0,1,0,0,1,0,0,1,0,1,0,0
28.0,1,5,90983.0,2,8.0,1,52,1,26,5,No,8,10,8.0,0.0,18196.6,10.2,0,0,0,1,0,0,0,0,0,0,0,1,0,0,0,1,0,0,0,0,0,1,1,0,0,1,0,0,0,1,0,0
58.0,0,20,204771.0,4,9.0,0,55,0,33,9,No,9,5,5.9,14.1,10238.55,14.5,1,0,0,0,0,0,0,0,0,0,0,0,0,0,0,1,1,0,0,0,0,0,0,0,1,0,0,1,0,1,0,1
58.0,1,16,230112.0,2,9.0,0,54,1,28,9,No,7,5,9.3,6.7,14382.0,14.4,1,0,0,0,0,0,0,1,0,0,0,0,0,0,1,0,0,0,0,0,0,0,0,0,1,0,0,1,0,1,0,0
25.0,1,1,64895.0,4,7.0,1,38,0,46,3,Yes,9,4,14.6,0.0,64895.0,6.8,0,1,0,0,0,0,0,0,0,0,0,0,0,1,0,1,0,0,0,0,0,0,0,0,0,0,0,0,1,0,0,1
23.0,0,0,57956.0,2,8.0,0,36,0,64,1,No,4,14,2.2,0.0,57956.0,4.6,1,0,0,0,0,0,0,1,0,0,0,0,0,0,1,0,0,0,0,0,1,1,0,0,0,0,0,0,0,1,0,0
54.0,1,11,157979.0,2,10.0,0,43,1,54,8,No,4,2,12.3,0.0,14361.73,12.3,1,0,0,0,0,0,0,0,0,1,0,0,0,0,0,0,0,0,0,1,0,0,0,1,0,0,0,1,0,1,0,0
29.0,1,1,68573.0,5,8.0,1,37,1,78,3,No,10,5,11.8,0.0,68573.0,6.7,0,0,1,0,0,0,0,0,0,0,1,0,0,0,1,0,0,0,1,0,0,1,0,0,0,0,0,0,0,1,0,1
41.0,0,15,157430.0,1,6.0,0,48,1,31,11,No,8,15,3.0,12.0,10495.33,15.8,0,1,0,0,0,0,0,0,0,0,0,0,0,1,1,0,0,0,0,1,0,1,0,1,0,0,0,1,1,0,0,0
31.0,1,0,43786.0,2,6.0,0,49,0,22,1,No,4,1,9.9,0.0,43786.0,5.9,0,0,1,0,0,0,0,0,1,0,0,0,0,0,0,1,0,0,1,0,0,1,0,0,0,0,0,0,1,0,0,0
29.0,0,6,111842.0,1,7.0,0,36,1,48,6,No,8,14,1.8,4.2,18640.33,9.6,0,0,1,0,0,0,0,0,1,0,0,0,0,0,1,0,0,1,0,0,0,1,1,0,0,0,1,0,1,0,0,0
24.0,1,1,46828.0,1,7.0,0,40,0,71,3,No,9,3,4.5,0.0,46828.0,7.0,1,0,0,0,0,0,0,1,0,0,0,0,0,0,1,0,0,0,0,0,1,0,0,0,0,0,0,0,1,0,0,0
28.0,0,4,90491.0,3,9.0,0,35,1,24,4,No,10,9,10.9,0.0,22622.75,7.5,0,0,0,0,0,0,0,0,0,0,0,0,0,0,0,0,0,0,0,0,0,0,1,0,0,1,0,0,0,1,1,0
59.0,0,23,158653.0,2,6.0,0,53,1,79,8,No,9,15,14.9,8.1,6897.96,13.3,1,0,0,0,0,0,0,1,0,0,0,0,0,0,1,0,0,0,0,1,0,0,0,1,0,0,0,1,1,0,0,0
51.0,0,4,81764.0,5,8.0,0,47,1,32,5,Yes,6,0,0.8,3.2,20441.0,9.7,0,1,0,0,0,0,0,0,0,0,0,0,0,1,1,0,0,0,1,0,0,0,1,0,0,1,0,0,0,1,0,1
31.0,1,0,60127.0,4,10.0,0,52,0,12,1,Yes,5,5,13.7,0.0,60127.0,6.2,1,0,0,0,0,0,0,1,0,0,0,0,0,0,1,0,0,1,0,0,0,0,0,0,0,0,0,0,0,1,0,1
49.0,1,27,179910.0,2,4.0,1,44,0,45,10,No,10,8,4.2,22.8,6663.33,14.4,0,0,0,1,0,0,0,0,0,0,0,1,0,0,0,1,0,1,0,0,0,0,0,1,0,0,0,1,0,0,0,0
40.0,0,7,140379.0,4,10.0,0,53,0,59,8,Yes,7,9,7.7,0.0,20054.14,13.3,0,1,0,0,0,0,0,0,0,0,0,0,0,1,0,0,0,1,0,0,0,1,0,1,0,0,1,0,0,1,0,1
59.0,1,23,182256.0,4,3.0,1,38,0,64,12,Yes,10,13,3.6,19.4,7924.17,15.8,1,0,0,0,0,0,1,0,0,0,0,0,0,0,1,0,0,0,0,0,1,1,0,1,0,0,0,1,0,0,0,1
29.0,0,0,58148.0,1,9.0,0,47,1,67,1,No,7,5,4.6,0.0,58148.0,5.7,1,0,0,0,0,0,0,0,1,0,0,0,0,0,0,0,0,1,0,0,0,0,0,0,0,0,0,0,0,1,0,0
56.0,0,33,208688.0,2,3.0,1,35,0,12,9,No,8,14,5.3,27.7,6323.88,12.5,0,0,1,0,0,0,0,0,1,0,0,0,0,0,0,0,0,0,0,1,0,0,0,0,1,0,0,1,0,0,0,0
48.0,1,3,93351.0,3,9.0,0,36,0,72,4,No,4,8,7.6,0.0,31117.0,7.6,0,0,1,0,0,0,0,0,1,0,0,0,0,0,0,0,0,1,0,0,0,0,1,0,0,1,0,0,0,1,1,0
47.0,0,3,70571.0,2,10.0,0,52,0,59,6,No,6,13,3.1,0.0,23523.67,11.2,0,0,0,0,0,0,0,0,0,0,0,0,0,0,0,1,0,0,1,0,0,1,1,0,0,1,0,0,0,1,0,0
23.0,0,0,46519.0,2,6.0,1,47,0,37,3,No,8,13,13.6,0.0,46519.0,7.7,0,0,0,0,0,0,1,0,0,0,0,0,0,0,0,1,0,1,0,0,0,0,0,0,0,0,0,0,1,0,0,0
27.0,1,4,97220.0,4,6.0,1,36,0,56,4,Yes,4,13,11.7,0.0,24305.0,7.6,0,0,0,1,0,0,0,0,0,0,0,1,0,0,0,0,0,0,0,0,0,1,1,0,0,1,0,0,1,0,0,1
59.0,0,4,89284.0,4,7.0,1,43,1,38,6,Yes,4,7,4.6,0.0,22321.0,10.3,0,0,0,0,0,0,1,0,0,0,0,0,0,0,0,0,0,1,0,0,0,0,1,0,0,1,0,0,1,0,0,1
58.0,0,20,191506.0,1,7.0,1,54,0,68,10,No,6,12,10.4,9.6,9575.3,15.4,0,0,1,0,0,0,0,0,0,0,1,0,0,0,0,0,0,0,0,1,0,1,0,0,1,0,0,1,1,0,0,0
36.0,0,6,144902.0,4,6.0,0,54,1,57,6,Yes,7,12,6.3,0.0,24150.33,11.4,0,0,1,0,0,0,0,0,0,0,1,0,0,0,1,0,0,0,0,0,0,0,0,1,0,0,1,0,1,0,0,1
40.0,0,15,182537.0,2,10.0,0,45,1,31,11,No,10,9,7.9,7.1,12169.13,15.5,1,0,0,0,0,0,0,0,0,1,0,0,0,0,1,0,0,0,0,0,0,0,0,1,0,0,0,1,0,1,0,0
50.0,0,2,68948.0,2,10.0,0,41,1,70,2,No,4,14,7.0,0.0,34474.0,6.1,0,0,1,0,0,0,0,0,1,0,0,0,0,0,0,1,1,0,0,0,0,1,0,0,0,0,0,0,0,1,0,0
27.0,1,0,60670.0,3,4.0,1,52,1,52,3,No,4,14,8.6,0.0,60670.0,8.2,1,0,0,0,0,0,0,1,0,0,0,0,0,0,0,0,0,0,0,1,0,1,0,0,0,0,0,0,0,0,1,0
23.0,1,2,57911.0,3,5.0,1,52,1,20,2,No,6,14,3.8,0.0,28955.5,7.2,0,1,0,0,1,0,0,0,0,0,0,0,0,0,0,1,0,1,0,0,0,1,0,0,0,0,0,0,1,0,1,0
58.0,1,32,220660.0,1,8.0,0,35,1,58,10,No,10,15,10.0,22.0,6895.62,13.5,0,0,1,0,0,0,0,0,1,0,0,0,0,0,1,0,0,0,0,0,1,1,0,0,1,0,0,1,0,1,0,0
33.0,0,6,139038.0,1,8.0,1,55,1,70,9,No,10,15,4.5,1.5,23173.0,14.5,0,0,0,1,0,0,0,0,0,0,0,1,0,0,0,1,0,1,0,0,0,0,0,1,0,0,1,0,0,1,0,0
32.0,1,8,147592.0,5,4.0,1,50,0,10,9,Yes,9,11,10.9,0.0,18449.0,14.0,0,0,1,0,0,0,0,0,0,0,1,0,0,0,0,1,0,1,0,0,0,0,0,1,0,0,1,0,0,0,0,1
49.0,0,11,222331.0,2,3.0,1,44,0,53,11,No,7,11,11.2,0.0,20211.91,15.4,0,1,0,0,0,1,0,0,0,0,0,0,0,0,1,0,0,1,0,0,0,0,0,0,1,0,0,1,0,0,0,0
33.0,1,10,146006.0,5,5.0,1,47,0,59,8,No,7,0,13.2,0.0,14600.6,12.7,0,0,1,0,0,0,0,0,0,0,1,0,0,0,0,0,0,0,0,0,0,0,0,1,0,0,1,0,1,0,0,1
31.0,0,7,106698.0,2,3.0,1,46,0,40,9,No,5,4,12.1,0.0,15242.57,13.6,0,0,1,0,0,0,0,0,0,0,1,0,0,0,0,0,0,0,1,0,0,0,1,0,0,0,1,0,0,0,0,0
39.0,1,17,230488.0,4,10.0,0,43,0,24,8,Yes,5,14,13.2,3.8,13558.12,12.3,0,0,1,0,0,0,0,0,1,0,0,0,0,0,0,1,0,0,0,0,0,1,0,0,1,0,0,1,0,1,0,1
26.0,0,2,59218.0,2,4.0,1,54,1,57,3,No,6,3,7.0,0.0,29609.0,8.4,0,0,0,1,0,0,0,0,0,0,0,1,0,0,0,0,0,0,1,0,0,1,0,0,0,0,0,0,0,0,0,0
22.0,1,0,50525.0,5,8.0,0,47,1,26,3,No,4,11,3.6,0.0,50525.0,7.7,0,0,0,1,0,0,0,0,0,0,0,0,1,0,0,0,0,1,0,0,0,0,0,0,0,0,0,0,0,1,0,1
38.0,0,3,98607.0,3,9.0,0,35,0,13,4,No,6,15,12.2,0.0,32869.0,7.5,0,0,0,1,0,0,0,0,0,0,0,1,0,0,1,0,1,0,0,0,0,1,1,0,0,1,0,0,0,1,1,0
40.0,1,9,135828.0,1,6.0,0,47,1,17,10,No,10,8,11.8,0.0,15092.0,14.7,0,1,0,0,0,1,0,0,0,0,0,0,0,0,0,1,0,0,0,0,0,1,0,1,0,0,1,0,1,0,0,0
48.0,0,25,201710.0,3,5.0,1,48,0,75,14,No,8,14,7.7,17.3,8068.4,18.8,0,0,0,1,0,0,0,0,0,0,0,0,1,0,0,0,1,0,0,0,0,1,0,0,1,0,0,1,1,0,1,0
58.0,1,5,80274.0,1,5.0,1,54,1,12,3,No,4,15,4.1,0.9,16054.8,8.4,0,0,1,0,0,0,0,0,0,0,1,0,0,0,1,0,1,0,0,0,0,0,1,0,0,1,0,0,1,0,0,0
24.0,1,0,53843.0,1,7.0,0,54,1,58,3,No,5,10,0.4,0.0,53843.0,8.4,1,0,0,0,0,0,0,0,0,1,0,0,0,0,0,0,0,0,0,0,1,1,0,0,0,0,0,0,1,0,0,0
28.0,1,5,82418.0,1,7.0,0,35,1,43,6,No,4,8,7.1,0.0,16483.6,9.5,0,0,0,1,0,0,0,0,0,0,0,1,0,0,1,0,0,0,0,0,0,1,1,0,0,1,0,0,1,0,0,0
46.0,1,21,206536.0,4,8.0,0,45,0,25,15,No,4,0,10.8,10.2,9835.05,19.5,0,1,0,0,1,0,0,0,0,0,0,0,0,0,1,0,0,0,0,1,0,0,0,0,1,0,0,1,0,1,0,1
53.0,1,21,190438.0,2,5.0,1,51,0,21,13,No,5,7,13.5,7.5,9068.48,18.1,0,0,0,1,0,0,0,0,0,0,0,0,1,0,0,1,0,1,0,0,0,0,0,0,1,0,0,1,1,0,0,0
46.0,0,20,241828.0,1,6.0,0,47,0,34,12,No,4,1,12.1,7.9,12091.4,16.7,0,0,0,0,0,0,1,0,0,0,0,0,0,0,0,0,0,0,0,0,1,0,0,0,1,0,0,1,1,0,0,0
33.0,0,2,64970.0,4,10.0,0,50,0,22,2,Yes,7,10,11.6,0.0,32485.0,7.0,0,0,0,1,0,0,0,0,0,0,0,1,0,0,0,0,1,0,0,0,0,1,0,0,0,0,0,0,0,1,0,1
28.0,0,2,43024.0,5,6.0,0,43,1,5,2,No,10,0,12.3,0.0,21512.0,6.3,0,0,0,1,0,0,0,0,0,0,0,1,0,0,1,0,0,0,0,1,0,1,0,0,0,0,0,0,1,0,0,1
40.0,1,8,137869.0,3,8.0,0,35,0,22,10,No,7,13,14.8,0.0,17233.62,13.5,0,0,1,0,0,0,0,0,0,0,1,0,0,0,0,0,0,1,0,0,0,1,0,1,0,0,1,0,0,1,1,0
26.0,0,5,76681.0,2,10.0,0,50,1,60,5,No,9,11,7.0,0.0,15336.2,10.0,1,0,0,0,0,0,0,0,0,1,0,0,0,0,0,0,0,0,1,0,0,1,1,0,0,1,0,0,0,1,0,0
51.0,1,26,184698.0,3,5.0,1,38,0,37,10,No,5,11,10.9,15.1,7103.77,13.8,0,0,0,1,0,0,0,0,0,0,0,1,0,0,0,1,0,0,1,0,0,0,0,0,1,0,0,1,1,0,1,0
49.0,1,9,142743.0,3,4.0,1,39,1,19,9,No,9,4,0.4,8.6,15860.33,12.9,0,1,0,0,0,0,0,0,0,0,0,0,0,1,0,1,1,0,0,0,0,0,0,1,0,0,1,0,0,0,1,0
56.0,1,5,95039.0,2,4.0,1,44,0,26,4,No,9,0,6.7,0.0,19007.8,8.4,0,0,0,1,0,0,0,0,0,0,0,0,1,0,1,0,0,0,0,0,1,0,1,0,0,1,0,0,0,0,0,0
32.0,0,7,142929.0,1,8.0,0,37,1,10,10,No,10,8,4.5,2.5,20418.43,13.7,0,0,1,0,0,0,0,0,0,0,1,0,0,0,1,0,0,0,0,1,0,1,0,1,0,0,1,0,0,1,0,0
46.0,0,10,117482.0,2,10.0,0,42,1,9,10,No,6,3,13.1,0.0,11748.2,14.2,1,0,0,0,0,0,0,1,0,0,0,0,0,0,0,1,0,0,0,0,0,1,1,0,0,0,1,0,0,1,0,0
47.0,1,15,205703.0,2,9.0,0,43,0,38,13,No,6,8,2.0,13.0,13713.53,17.3,0,1,0,0,0,1,0,0,0,0,0,0,0,0,0,1,1,0,0,0,0,1,0,0,1,0,0,1,0,1,0,0
35.0,1,11,209026.0,1,10.0,0,55,1,20,9,No,9,4,7.6,3.4,19002.36,14.5,0,1,0,0,0,1,0,0,0,0,0,0,0,0,0,0,0,0,0,0,1,1,0,0,1,0,0,1,0,1,0,0
56.0,1,27,240518.0,3,6.0,1,50,0,18,8,No,6,8,1.9,25.1,8908.07,13.0,0,0,0,1,0,0,0,0,0,0,0,0,1,0,0,1,0,0,0,0,0,1,0,0,1,0,0,1,1,0,1,0
46.0,0,1,63280.0,2,4.0,1,39,1,80,2,No,6,14,6.4,0.0,63280.0,5.9,1,0,0,0,0,0,0,0,0,1,0,0,0,0,0,0,0,0,0,1,0,0,0,0,0,0,0,0,0,0,0,0
58.0,0,9,101971.0,2,4.0,1,41,1,78,9,No,8,6,8.0,1.0,11330.11,13.1,1,0,0,0,0,0,0,1,0,0,0,0,0,0,0,0,0,0,0,1,0,0,1,0,0,0,1,0,0,0,0,0
29.0,0,2,40533.0,5,6.0,0,49,0,19,1,No,7,1,8.4,0.0,20266.5,5.9,0,1,0,0,0,0,0,0,0,0,0,0,0,1,0,0,0,0,1,0,0,1,0,0,0,0,0,0,1,0,0,1
22.0,0,1,66111.0,3,10.0,0,42,0,36,1,No,4,2,12.2,0.0,66111.0,5.2,0,0,0,1,0,0,0,0,0,0,0,1,0,0,0,0,0,1,0,0,0,0,0,0,0,0,0,0,0,1,1,0
52.0,1,26,175557.0,3,7.0,0,53,1,9,13,No,7,0,14.2,11.8,6752.19,18.3,0,0,1,0,0,0,0,0,1,0,0,0,0,0,0,1,0,0,0,1,0,1,0,1,0,0,0,1,1,0,1,0
47.0,0,0,64320.0,4,9.0,0,37,1,10,3,No,7,13,0.9,0.0,64320.0,6.7,0,1,0,0,1,0,0,0,0,0,0,0,0,0,1,0,1,0,0,0,0,0,0,0,0,0,0,0,0,1,0,1
27.0,0,0,49800.0,1,6.0,0,42,1,62,1,No,9,10,7.8,0.0,49800.0,5.2,0,0,0,1,0,0,0,0,0,0,0,0,1,0,0,1,0,0,0,0,1,0,0,0,0,0,0,0,1,0,0,0
52.0,0,0,54086.0,5,4.0,1,44,0,73,2,No,5,12,2.7,0.0,54086.0,6.4,0,0,0,1,0,0,0,0,0,0,0,0,1,0,1,0,0,0,0,0,0,1,0,0,0,0,0,0,0,0,0,1
55.0,0,34,211928.0,5,4.0,1,46,0,80,15,No,4,13,9.0,25.0,6233.18,19.6,0,0,0,1,0,0,0,0,0,0,0,1,0,0,1,0,0,0,0,0,0,1,0,0,1,0,0,1,0,0,0,1
51.0,1,0,44145.0,1,9.0,0,48,0,71,1,No,5,5,13.9,0.0,44145.0,5.8,0,1,0,0,0,1,0,0,0,0,0,0,0,0,0,1,0,0,0,0,0,1,0,0,0,0,0,0,0,1,0,0
27.0,0,6,104773.0,3,9.0,0,51,1,63,9,No,6,15,5.6,0.4,17462.17,14.1,0,1,0,0,1,0,0,0,0,0,0,0,0,0,0,1,1,0,0,0,0,1,1,0,0,0,1,0,0,1,1,0
30.0,1,4,95692.0,1,4.0,1,55,0,16,3,No,8,12,14.2,0.0,23923.0,8.5,0,0,0,0,0,0,0,0,0,0,0,0,0,0,1,0,0,0,0,0,0,1,1,0,0,1,0,0,0,0,0,0
32.0,0,9,129443.0,3,8.0,0,46,1,18,6,No,9,11,12.8,0.0,14382.56,10.6,0,0,0,0,0,0,0,0,0,0,0,0,0,0,1,0,1,0,0,0,0,1,0,1,0,0,1,0,0,1,1,0
24.0,1,3,97686.0,2,6.0,0,46,1,78,4,No,10,0,6.6,0.0,32562.0,8.6,0,0,0,0,0,0,1,0,0,0,0,0,0,0,0,1,0,0,1,0,0,1,1,0,0,1,0,0,1,0,0,0
40.0,0,22,156925.0,2,10.0,0,39,0,27,15,No,5,5,10.5,11.5,7132.95,18.9,0,1,0,0,0,1,0,0,0,0,0,0,0,0,1,0,0,0,0,0,1,0,0,1,0,0,0,1,0,1,0,0
39.0,0,1,45272.0,3,3.0,1,49,1,22,3,No,9,13,0.1,0.9,45272.0,7.9,0,0,1,0,0,0,0,0,0,0,1,0,0,0,0,0,0,0,0,0,1,1,0,0,0,0,0,0,0,0,1,0
22.0,1,0,42997.0,5,5.0,1,35,0,18,1,Yes,6,2,13.2,0.0,42997.0,4.5,0,0,1,0,0,0,0,0,0,0,1,0,0,0,0,0,1,0,0,0,0,1,0,0,0,0,0,0,1,0,0,1
24.0,1,1,46540.0,1,9.0,0,37,0,6,1,No,7,0,3.5,0.0,46540.0,4.7,0,0,0,1,0,0,0,0,0,0,0,1,0,0,1,0,0,1,0,0,0,1,0,0,0,0,0,0,0,1,0,0
54.0,1,20,234654.0,5,7.0,0,49,1,57,10,No,8,11,5.9,14.1,11732.7,14.9,0,0,0,0,0,0,0,0,0,0,0,0,0,0,0,1,1,0,0,0,0,1,0,0,1,0,0,1,1,0,0,1
29.0,1,1,55536.0,3,5.0,1,52,1,14,1,No,10,1,3.1,0.0,55536.0,6.2,0,0,0,0,0,0,1,0,0,0,0,0,0,0,0,1,0,0,0,1,0,1,0,0,0,0,0,0,1,0,1,0
31.0,1,8,114534.0,1,7.0,1,44,0,61,7,No,7,8,11.6,0.0,14316.75,11.4,0,0,0,0,0,0,0,0,0,0,0,0,0,0,0,1,0,0,0,0,0,0,1,0,0,0,1,0,1,0,0,0
31.0,1,8,135761.0,1,8.0,0,48,1,80,9,No,9,7,7.2,0.8,16970.12,13.8,1,0,0,0,0,0,0,0,0,1,0,0,0,0,0,0,0,0,0,0,1,0,0,1,0,0,1,0,0,1,0,0
57.0,1,11,232656.0,4,6.0,1,52,0,47,12,No,5,1,8.2,2.8,21150.55,17.2,0,0,0,0,0,0,0,0,0,0,0,0,0,0,1,0,0,0,1,0,0,0,0,0,1,0,0,1,1,0,0,1
47.0,1,14,160493.0,4,5.0,1,41,1,9,13,Yes,5,10,8.4,5.6,11463.79,17.1,0,0,0,0,0,0,0,0,0,0,0,0,0,0,0,1,1,0,0,0,0,0,0,1,0,0,0,1,1,0,0,1
41.0,0,19,160922.0,4,8.0,0,51,1,7,9,No,10,4,2.1,16.9,8469.58,14.1,0,1,0,0,1,0,0,0,0,0,0,0,0,0,0,0,0,0,1,0,0,1,0,1,0,0,0,1,0,1,0,1
25.0,0,1,63497.0,3,6.0,0,45,1,27,3,No,5,0,0.2,0.8,63497.0,7.5,0,0,0,1,0,0,0,0,0,0,0,0,1,0,0,1,0,1,0,0,0,0,0,0,0,0,0,0,1,0,1,0
50.0,1,25,151386.0,4,4.0,1,36,0,19,10,Yes,10,10,10.4,14.6,6055.44,13.6,1,0,0,0,0,0,0,1,0,0,0,0,0,0,0,1,1,0,0,0,0,1,0,1,0,0,0,1,0,0,0,1
50.0,1,1,67353.0,1,5.0,1,49,1,64,2,No,10,1,5.7,0.0,67353.0,6.9,0,0,1,0,0,0,0,0,0,0,1,0,0,0,1,0,1,0,0,0,0,1,0,0,0,0,0,0,1,0,0,0
23.0,0,2,52867.0,5,3.0,1,44,1,79,2,No,5,3,5.9,0.0,26433.5,6.4,0,0,1,0,0,0,0,0,0,0,1,0,0,0,0,0,0,1,0,0,0,1,0,0,0,0,0,0,0,0,0,1
35.0,1,0,42110.0,5,7.0,1,55,1,48,1,No,6,5,3.9,0.0,42110.0,6.5,1,0,0,0,0,0,0,1,0,0,0,0,0,0,0,1,0,0,0,0,0,0,0,0,0,0,0,0,1,0,0,1
45.0,1,4,72315.0,1,7.0,1,50,1,55,3,No,7,13,0.8,3.2,18078.75,8.0,0,0,0,0,0,0,0,0,0,0,0,0,0,0,0,0,1,0,0,0,0,0,1,0,0,1,0,0,1,0,0,0
56.0,1,28,241154.0,4,5.0,1,43,1,29,11,No,8,9,11.9,16.1,8612.64,15.3,0,1,0,0,0,0,0,0,0,0,0,0,0,1,1,0,1,0,0,0,0,1,0,0,1,0,0,1,1,0,0,1
40.0,1,1,50950.0,1,7.0,0,40,1,14,2,No,5,15,11.8,0.0,50950.0,6.0,1,0,0,0,0,0,0,1,0,0,0,0,0,0,1,0,0,0,0,0,1,1,0,0,0,0,0,0,1,0,0,0
38.0,0,12,210211.0,2,5.0,1,36,1,33,12,No,8,7,5.1,6.9,17517.58,15.6,0,0,0,1,0,0,0,0,0,0,0,0,1,0,0,0,1,0,0,0,0,1,0,0,1,0,0,1,1,0,0,0
26.0,0,5,91074.0,1,4.0,1,42,0,70,6,No,6,8,12.7,0.0,18214.8,10.2,0,0,0,0,0,0,0,0,0,0,0,0,0,0,0,0,0,0,0,0,0,1,1,0,0,1,0,0,0,0,0,0
27.0,1,3,90193.0,3,8.0,0,45,0,77,3,No,9,14,12.4,0.0,30064.33,7.5,1,0,0,0,0,0,0,1,0,0,0,0,0,0,1,0,0,0,1,0,0,1,1,0,0,1,0,0,0,1,1,0
27.0,0,4,80213.0,4,8.0,1,42,0,27,4,Yes,4,0,13.9,0.0,20053.25,8.2,0,0,1,0,0,0,0,0,1,0,0,0,0,0,0,1,0,0,0,0,0,0,1,0,0,1,0,0,0,1,0,1
44.0,0,2,69161.0,5,7.0,0,35,1,16,1,Yes,5,11,15.0,0.0,34580.5,4.5,0,0,0,1,0,0,0,0,0,0,0,0,1,0,1,0,0,0,0,0,1,0,0,0,0,0,0,0,1,0,0,1
33.0,0,6,142404.0,2,7.0,1,46,0,5,10,No,4,11,8.2,0.0,23734.0,14.6,0,0,1,0,0,0,0,0,1,0,0,0,0,0,0,1,0,0,1,0,0,1,0,1,0,0,1,0,1,0,0,0
28.0,0,6,119197.5,5,6.0,0,53,0,65,10,No,4,5,6.1,0.0,19866.25,15.3,0,1,0,0,1,0,0,0,0,0,0,0,0,0,0,0,0,0,0,0,0,0,1,0,0,0,1,0,1,0,0,1
25.0,1,1,42200.0,4,8.0,0,39,1,70,3,No,8,8,10.6,0.0,42200.0,6.9,0,0,1,0,0,0,0,0,1,0,0,0,0,0,1,0,0,0,0,0,0,1,0,0,0,0,0,0,0,1,0,1
28.0,0,2,40039.0,2,7.0,0,41,1,34,1,No,8,4,11.5,0.0,20019.5,5.1,0,1,0,0,0,1,0,0,0,0,0,0,0,0,0,1,0,0,0,0,1,1,0,0,0,0,0,0,1,0,0,0
27.0,1,2,63958.0,5,7.0,1,38,0,51,1,Yes,9,6,4.4,0.0,31979.0,4.8,0,1,0,0,1,0,0,0,0,0,0,0,0,0,1,0,1,0,0,0,0,1,0,0,0,0,0,0,1,0,0,1
30.0,0,3,77176.0,2,7.0,0,49,0,21,4,No,9,3,4.5,0.0,25725.33,8.9,1,0,0,0,0,0,0,1,0,0,0,0,0,0,0,0,1,0,0,0,0,1,1,0,0,1,0,0,1,0,0,0
24.0,0,0,53341.0,4,6.0,1,35,0,34,2,No,5,14,8.2,0.0,53341.0,5.5,0,0,0,0,0,0,0,0,0,0,0,0,0,0,1,0,1,0,0,0,0,1,0,0,0,0,0,0,1,0,0,1
59.0,0,34,239625.0,2,9.0,0,37,1,65,8,No,8,9,4.7,29.3,7047.79,11.7,0,0,0,0,0,0,1,0,0,0,0,0,0,0,0,0,0,0,1,0,0,1,0,0,1,0,0,1,0,1,0,0
32.0,0,1,119197.5,5,4.0,1,43,0,55,3,Yes,10,5,1.1,0.0,119197.5,7.3,0,0,1,0,0,0,0,0,1,0,0,0,0,0,0,0,1,0,0,0,0,1,1,0,0,0,0,0,0,0,0,1
53.0,0,32,223030.0,4,9.0,0,47,1,54,13,Yes,10,7,3.2,28.8,6969.69,17.7,0,1,0,0,1,0,0,0,0,0,0,0,0,0,0,0,1,0,0,0,0,0,0,0,1,0,0,1,0,1,0,1
54.0,1,23,226180.0,3,4.0,1,55,0,60,12,No,6,12,5.6,17.4,9833.91,17.5,0,1,0,0,0,1,0,0,0,0,0,0,0,0,1,0,0,1,0,0,0,0,0,0,1,0,0,1,0,0,1,0
36.0,1,11,171925.0,2,6.0,0,40,1,60,15,No,5,3,5.1,5.9,15629.55,19.0,0,0,0,0,0,0,0,0,0,0,0,0,0,0,0,0,1,0,0,0,0,0,0,1,0,0,0,1,1,0,0,0
38.0,0,13,235792.0,3,7.0,1,39,1,73,13,No,9,15,1.0,12.0,18137.85,16.9,0,0,0,0,0,0,0,0,0,0,0,0,0,0,0,1,0,0,1,0,0,0,0,0,1,0,0,1,1,0,1,0
48.0,0,20,243220.0,5,7.0,0,47,1,30,9,Yes,8,10,8.6,11.4,12161.0,13.7,0,0,1,0,0,0,0,0,1,0,0,0,0,0,0,0,0,0,0,1,0,0,0,0,1,0,0,1,1,0,0,1
33.0,1,10,114739.0,3,8.0,1,36,1,15,7,No,5,11,6.8,3.2,11473.9,10.6,0,0,0,0,0,0,1,0,0,0,0,0,0,0,0,0,1,0,0,0,0,1,1,0,0,0,1,0,0,1,1,0
47.0,0,11,211198.0,5,10.0,0,43,0,63,14,No,9,12,5.3,5.7,19199.82,18.3,0,0,1,0,0,0,0,0,0,0,1,0,0,0,0,1,1,0,0,0,0,0,0,0,1,0,0,1,0,1,0,1
45.0,0,13,185501.0,4,8.0,0,54,1,60,14,Yes,9,6,1.4,11.6,14269.31,19.4,0,0,0,0,0,0,0,0,0,0,0,0,0,0,1,0,0,0,0,0,0,0,0,0,1,0,0,1,0,1,0,1
43.0,1,11,225063.0,5,7.0,1,51,0,28,13,Yes,6,12,2.6,8.4,20460.27,18.1,0,1,0,0,0,0,0,0,0,0,0,0,0,1,0,0,0,0,0,0,0,1,0,0,1,0,0,1,1,0,0,1
58.0,1,25,164790.0,1,5.0,1,43,1,52,11,No,7,3,13.9,11.1,6591.6,15.3,0,0,0,0,0,0,1,0,0,0,0,0,0,0,1,0,0,0,0,0,1,1,0,1,0,0,0,1,1,0,0,0
29.0,1,0,48120.0,4,6.0,0,38,0,44,1,No,10,6,12.5,0.0,48120.0,4.8,1,0,0,0,0,0,0,0,0,1,0,0,0,0,0,1,1,0,0,0,0,1,0,0,0,0,0,0,1,0,0,1
36.0,1,7,101965.0,1,6.0,0,51,1,23,10,No,7,3,10.4,0.0,14566.43,15.1,0,0,1,0,0,0,0,0,0,0,1,0,0,0,0,0,0,0,0,1,0,1,1,0,0,0,1,0,1,0,0,0
27.0,1,2,66727.0,3,9.0,0,40,0,38,3,No,9,8,3.8,0.0,33363.5,7.0,0,0,0,0,0,0,1,0,0,0,0,0,0,0,0,0,0,0,1,0,0,0,0,0,0,0,0,0,0,1,1,0
53.0,0,10,145318.0,4,6.0,1,45,1,61,10,Yes,10,14,6.5,3.5,14531.8,14.5,0,1,0,0,0,0,0,0,0,0,0,0,0,1,0,1,0,0,0,1,0,1,0,1,0,0,1,0,1,0,0,1
47.0,1,13,150446.0,3,7.0,1,55,0,24,9,No,4,14,10.7,2.3,11572.77,14.5,0,0,1,0,0,0,0,0,0,0,1,0,0,0,0,0,0,0,1,0,0,0,0,1,0,0,0,1,1,0,1,0
45.0,1,20,154766.0,2,5.0,1,40,1,44,8,No,7,5,13.1,6.9,7738.3,12.0,0,1,0,0,0,0,0,0,0,0,0,0,0,1,0,1,0,0,0,1,0,1,0,1,0,0,0,1,1,0,0,0
29.0,1,0,58797.0,1,6.0,0,41,1,68,3,No,10,5,4.7,0.0,58797.0,7.1,0,0,0,1,0,0,0,0,0,0,0,1,0,0,0,1,1,0,0,0,0,1,0,0,0,0,0,0,1,0,0,0
34.0,1,9,133954.0,2,4.0,1,35,0,36,9,No,9,11,4.5,4.5,14883.78,12.5,1,0,0,0,0,0,0,1,0,0,0,0,0,0,1,0,1,0,0,0,0,1,0,1,0,0,1,0,0,0,0,0
35.0,0,2,47433.0,5,6.0,1,51,1,41,3,Yes,5,11,0.9,1.1,23716.5,8.1,0,0,0,0,0,0,1,0,0,0,0,0,0,0,0,0,0,0,1,0,0,0,0,0,0,0,0,0,1,0,0,1
30.0,0,6,102277.0,4,9.0,0,36,1,70,9,No,4,5,7.5,0.0,17046.17,12.6,0,0,0,0,0,0,0,0,0,0,0,0,0,0,1,0,0,1,0,0,0,0,1,0,0,0,1,0,0,1,0,1
32.0,0,6,132203.0,2,6.0,0,38,1,76,6,No,7,5,7.6,0.0,22033.83,9.8,0,1,0,0,0,1,0,0,0,0,0,0,0,0,0,0,0,1,0,0,0,1,0,1,0,0,1,0,1,0,0,0
38.0,1,12,208014.0,2,8.0,1,41,1,23,12,No,5,5,13.8,0.0,17334.5,16.1,0,0,0,1,0,0,0,0,0,0,0,0,1,0,1,0,0,0,1,0,0,0,0,0,1,0,0,1,0,1,0,0
28.0,1,4,93506.0,2,10.0,0,46,1,53,4,No,9,5,14.4,0.0,23376.5,8.6,0,0,1,0,0,0,0,0,1,0,0,0,0,0,0,0,1,0,0,0,0,1,1,0,0,1,0,0,0,1,0,0
45.0,0,12,182065.0,1,6.0,0,36,0,67,9,No,8,8,8.5,3.5,15172.08,12.6,0,0,0,0,0,0,0,0,0,0,0,0,0,0,0,0,0,0,0,1,0,0,0,1,0,0,0,1,1,0,0,0
53.0,1,14,235616.0,2,8.0,1,37,0,27,13,No,4,12,10.2,3.8,16829.71,16.7,1,0,0,0,0,0,0,1,0,0,0,0,0,0,0,1,1,0,0,0,0,1,0,0,1,0,0,1,0,1,0,0
40.0,1,7,143047.0,4,8.0,0,45,0,10,8,No,4,11,11.3,0.0,20435.29,12.5,0,1,0,0,0,1,0,0,0,0,0,0,0,0,0,1,0,0,0,1,0,0,0,1,0,0,1,0,0,1,0,1
33.0,0,5,72359.0,5,10.0,0,45,0,39,3,Yes,10,0,13.6,0.0,14471.8,7.5,0,0,1,0,0,0,0,0,1,0,0,0,0,0,0,0,0,0,0,0,1,0,1,0,0,1,0,0,0,1,0,1
59.0,0,37,196891.0,1,6.0,1,35,1,37,10,No,7,5,0.6,36.4,5321.38,13.5,0,0,1,0,0,0,0,0,0,0,1,0,0,0,1,0,0,0,0,0,1,0,0,0,1,0,0,1,1,0,0,0
26.0,1,0,44904.0,1,7.0,1,53,0,56,2,No,5,14,2.5,0.0,44904.0,7.3,1,0,0,0,0,0,0,1,0,0,0,0,0,0,0,0,0,0,0,1,0,1,0,0,0,0,0,0,1,0,0,0
47.0,0,18,159724.0,4,6.0,1,50,1,28,10,No,7,4,6.4,11.6,8873.56,15.0,0,0,1,0,0,0,0,0,0,0,1,0,0,0,0,1,0,0,0,0,1,1,0,1,0,0,0,1,1,0,0,1
43.0,1,20,181094.0,5,5.0,1,44,1,16,11,No,9,12,0.7,19.3,9054.7,15.4,0,1,0,0,1,0,0,0,0,0,0,0,0,0,0,1,0,0,0,0,1,0,0,1,0,0,0,1,1,0,0,1
54.0,1,11,155987.0,1,9.0,0,37,1,49,10,No,8,15,0.0,11.0,14180.64,13.7,1,0,0,0,0,0,0,1,0,0,0,0,0,0,0,0,0,1,0,0,0,1,0,1,0,0,0,1,0,1,0,0
58.0,1,18,150156.0,4,9.0,0,49,0,44,10,No,8,13,4.9,13.1,8342.0,14.9,0,0,0,0,0,0,1,0,0,0,0,0,0,0,1,0,0,1,0,0,0,1,0,1,0,0,0,1,0,1,0,1
59.0,1,19,200548.0,4,9.0,0,36,0,9,13,Yes,9,0,11.0,8.0,10555.16,16.6,0,0,0,0,0,0,1,0,0,0,0,0,0,0,0,0,0,0,0,0,1,1,0,0,1,0,0,1,0,1,0,1
36.0,1,6,117851.0,4,10.0,0,40,0,15,10,No,8,3,14.4,0.0,19641.83,14.0,0,0,0,0,0,0,1,0,0,0,0,0,0,0,0,0,0,0,0,0,0,0,1,0,0,0,1,0,0,1,0,1
36.0,1,6,138899.0,1,9.0,0,46,1,25,9,No,5,5,3.7,2.3,23149.83,13.6,1,0,0,0,0,0,0,0,0,1,0,0,0,0,0,0,0,0,0,1,0,0,0,1,0,0,1,0,0,1,0,0
49.0,1,7,119197.5,5,9.0,0,53,0,49,10,No,10,9,8.0,0.0,17028.21,15.3,0,0,0,1,0,0,0,0,0,0,0,1,0,0,0,0,1,0,0,0,0,0,1,0,0,0,1,0,0,1,0,1
43.0,1,9,146467.0,1,7.0,1,44,0,77,8,No,10,7,5.2,3.8,16274.11,12.4,1,0,0,0,0,0,0,0,0,1,0,0,0,0,0,1,0,0,1,0,0,0,0,1,0,0,1,0,1,0,0,0
39.0,1,9,126864.0,1,7.0,1,52,1,33,8,No,8,1,1.3,7.7,14096.0,13.2,1,0,0,0,0,0,0,0,0,1,0,0,0,0,0,0,0,0,0,0,0,0,0,1,0,0,1,0,1,0,0,0
30.0,1,3,73268.0,2,6.0,0,35,1,12,4,No,4,5,12.3,0.0,24422.67,7.5,0,0,0,0,0,0,1,0,0,0,0,0,0,0,0,1,0,0,0,1,0,0,1,0,0,1,0,0,1,0,0,0
52.0,1,19,187626.0,3,3.0,1,50,1,9,14,No,6,7,6.2,12.8,9875.05,19.0,0,0,0,1,0,0,0,0,0,0,0,1,0,0,0,1,1,0,0,0,0,1,0,0,1,0,0,1,0,0,1,0
58.0,1,19,244835.0,5,3.0,1,35,0,18,11,Yes,4,4,5.5,13.5,12886.05,14.5,0,0,0,0,0,0,1,0,0,0,0,0,0,0,1,0,0,1,0,0,0,1,0,0,1,0,0,1,0,0,0,1
47.0,1,16,174944.0,5,6.0,0,55,1,76,13,Yes,6,13,7.6,8.4,10934.0,18.5,0,0,0,1,0,0,0,0,0,0,0,0,1,0,0,1,0,0,0,0,0,0,0,1,0,0,0,1,1,0,0,1
45.0,1,6,125988.0,2,5.0,1,37,0,11,9,No,4,6,13.6,0.0,20998.0,12.7,0,1,0,0,1,0,0,0,0,0,0,0,0,0,1,0,0,0,0,1,0,0,0,1,0,0,1,0,1,0,0,0
40.0,0,21,182592.0,3,8.0,1,44,0,57,11,No,7,6,9.8,11.2,8694.86,15.4,1,0,0,0,0,0,0,1,0,0,0,0,0,0,0,1,0,0,1,0,0,1,0,1,0,0,0,1,0,1,1,0
41.0,0,14,119197.5,5,6.0,1,35,0,23,14,Yes,10,8,10.0,4.0,8514.11,17.5,0,1,0,0,0,0,0,0,0,0,0,0,0,1,0,1,0,0,0,0,0,0,1,0,0,0,0,1,1,0,0,1
53.0,1,18,174683.0,3,3.0,1,45,1,34,8,No,5,11,5.0,13.0,9704.61,12.5,1,0,0,0,0,0,0,1,0,0,0,0,0,0,0,0,0,0,0,0,1,0,0,1,0,0,0,1,0,0,1,0
40.0,1,10,147830.0,2,3.0,1,39,1,6,7,No,5,4,2.1,7.9,14783.0,10.9,1,0,0,0,0,0,0,0,0,1,0,0,0,0,0,0,0,0,0,0,1,0,0,1,0,0,1,0,0,0,0,0
58.0,0,13,152879.0,2,9.0,0,48,0,13,11,No,6,3,10.1,2.9,11759.92,15.8,0,0,0,0,0,0,1,0,0,0,0,0,0,0,0,0,0,1,0,0,0,1,0,1,0,0,0,1,0,1,0,0
22.0,1,1,64605.0,2,3.0,1,36,0,52,2,No,9,6,4.6,0.0,64605.0,5.6,0,0,0,1,0,0,0,0,0,0,0,0,1,0,0,0,0,0,0,0,1,0,0,0,0,0,0,0,0,0,0,0
59.0,1,31,178414.0,2,6.0,0,39,0,13,12,No,4,0,10.7,20.3,5755.29,15.9,1,0,0,0,0,0,0,1,0,0,0,0,0,0,0,0,0,0,1,0,0,1,0,1,0,0,0,1,1,0,0,0
32.0,0,4,84396.0,3,8.0,0,52,1,65,6,No,9,15,0.8,3.2,21099.0,11.2,0,0,0,1,0,0,0,0,0,0,0,1,0,0,0,0,1,0,0,0,0,1,1,0,0,1,0,0,0,1,1,0
28.0,0,4,90965.0,5,7.0,1,49,0,23,4,Yes,10,10,2.8,1.2,22741.25,8.9,0,0,0,0,0,0,1,0,0,0,0,0,0,0,0,0,0,0,0,0,1,0,1,0,0,1,0,0,1,0,0,1
42.0,0,18,201668.0,3,6.0,1,39,0,36,12,No,8,6,6.8,11.2,11203.78,15.9,1,0,0,0,0,0,0,1,0,0,0,0,0,0,0,1,1,0,0,0,0,0,0,0,1,0,0,1,1,0,1,0
33.0,0,2,43906.0,4,8.0,1,36,0,75,3,Yes,8,13,8.2,0.0,21953.0,6.6,0,0,1,0,0,0,0,0,1,0,0,0,0,0,0,0,0,1,0,0,0,1,0,0,0,0,0,0,0,1,0,1
25.0,1,2,59603.0,3,6.0,0,53,0,27,1,No,4,10,10.3,0.0,29801.5,6.3,0,1,0,0,1,0,0,0,0,0,0,0,0,0,0,1,0,1,0,0,0,1,0,0,0,0,0,0,1,0,1,0
33.0,0,2,48184.0,5,4.0,1,40,1,51,1,Yes,7,9,10.2,0.0,24092.0,5.0,0,0,0,1,0,0,0,0,0,0,0,1,0,0,1,0,0,0,0,0,1,0,0,0,0,0,0,0,0,0,0,1
46.0,1,21,175212.0,1,7.0,1,52,1,42,11,No,9,9,0.5,20.5,8343.43,16.2,0,0,0,1,0,0,0,0,0,0,0,1,0,0,1,0,0,0,0,0,0,0,0,1,0,0,0,1,1,0,0,0
41.0,1,16,151539.0,4,3.0,1,40,0,53,12,No,4,11,8.9,7.1,9471.19,16.0,0,0,0,1,0,0,0,0,0,0,0,1,0,0,0,1,0,0,0,0,0,0,0,1,0,0,0,1,0,0,0,1
38.0,0,12,170966.0,4,5.0,1,43,0,68,13,Yes,5,15,7.3,4.7,14247.17,17.3,0,0,0,1,0,0,0,0,0,0,0,0,1,0,1,0,0,0,0,1,0,1,0,1,0,0,0,1,1,0,0,1
58.0,0,1,51445.0,1,4.0,1,54,1,52,3,No,5,5,0.2,0.8,51445.0,8.4,1,0,0,0,0,0,0,0,0,1,0,0,0,0,1,0,0,1,0,0,0,0,0,0,0,0,0,0,0,0,0,0
26.0,1,3,89379.0,3,9.0,0,53,1,60,5,No,10,7,5.1,0.0,29793.0,10.3,0,0,0,0,0,0,0,0,0,0,0,0,0,0,0,0,0,1,0,0,0,1,1,0,0,1,0,0,0,1,1,0
33.0,1,10,124705.0,3,4.0,1,43,0,17,6,No,9,6,6.9,3.1,12470.5,10.3,1,0,0,0,0,0,0,0,0,1,0,0,0,0,0,0,0,1,0,0,0,0,0,1,0,0,1,0,0,0,1,0
56.0,0,2,63080.0,1,4.0,1,55,1,24,1,No,10,3,8.8,0.0,31540.0,6.5,0,1,0,0,0,0,0,0,0,0,0,0,0,1,1,0,0,0,0,0,0,1,0,0,0,0,0,0,0,0,0,0
54.0,0,23,221229.0,5,10.0,0,47,1,18,14,No,7,3,12.2,10.8,9618.65,18.7,0,0,0,0,0,0,1,0,0,0,0,0,0,0,0,1,0,0,1,0,0,0,0,0,1,0,0,1,0,1,0,1
46.0,1,9,102790.0,2,7.0,0,51,0,72,9,No,8,15,9.6,0.0,11421.11,14.1,0,0,0,0,0,0,0,0,0,0,0,0,0,0,0,0,0,0,0,1,0,1,1,0,0,0,1,0,1,0,0,0
46.0,1,9,148847.0,5,7.0,1,39,0,28,6,Yes,7,3,3.7,5.3,16538.56,9.9,0,0,0,0,0,0,1,0,0,0,0,0,0,0,1,0,0,0,0,1,0,0,0,1,0,0,1,0,1,0,0,1
33.0,0,3,92615.0,1,9.0,0,40,1,19,3,No,6,9,5.6,0.0,30871.67,7.0,0,0,0,1,0,0,0,0,0,0,0,1,0,0,0,0,0,1,0,0,0,0,1,0,0,1,0,0,0,1,0,0
40.0,1,6,149830.0,5,6.0,0,54,1,25,9,Yes,8,6,3.6,2.4,24971.67,14.4,0,0,1,0,0,0,0,0,1,0,0,0,0,0,0,1,0,0,0,0,1,1,0,1,0,0,1,0,1,0,0,1
49.0,1,13,242567.0,1,4.0,1,46,1,74,8,No,4,10,12.0,1.0,18659.0,12.6,0,1,0,0,0,0,0,0,0,0,0,0,0,1,0,0,0,0,0,1,0,1,0,0,1,0,0,1,0,0,0,0
28.0,0,5,96529.0,3,6.0,1,51,1,50,4,No,5,5,6.8,0.0,19305.8,9.1,0,0,0,1,0,0,0,0,0,0,0,1,0,0,0,1,0,1,0,0,0,0,1,0,0,1,0,0,1,0,1,0
58.0,0,3,75374.0,4,8.0,1,42,1,69,6,Yes,5,12,1.1,1.9,25124.67,10.2,0,0,1,0,0,0,0,0,1,0,0,0,0,0,1,0,0,0,0,0,1,0,1,0,0,1,0,0,0,1,0,1
48.0,0,16,232720.0,2,3.0,1,49,1,60,14,No,7,9,8.4,7.6,14545.0,18.9,1,0,0,0,0,0,0,0,0,1,0,0,0,0,1,0,0,0,0,1,0,1,0,0,1,0,0,1,0,0,0,0
31.0,0,3,73248.0,3,6.0,1,49,0,46,4,No,5,0,4.5,0.0,24416.0,8.9,0,1,0,0,0,0,0,0,0,0,0,0,0,1,0,0,0,0,0,1,0,1,1,0,0,1,0,0,1,0,1,0
46.0,0,20,226284.0,1,7.0,1,52,0,36,10,No,9,2,13.2,6.8,11314.2,15.2,0,0,0,1,0,0,0,0,0,0,0,0,1,0,0,0,0,0,0,0,1,0,0,0,1,0,0,1,1,0,0,0
60.0,1,26,196182.0,5,4.0,1,52,0,49,14,Yes,10,15,0.4,25.6,7545.46,19.2,1,0,0,0,0,0,0,0,0,1,0,0,0,0,0,0,0,0,0,0,1,1,0,0,1,0,0,1,0,0,0,1
46.0,1,22,172389.0,5,5.0,1,38,0,62,13,Yes,10,6,5.9,16.1,7835.86,16.8,1,0,0,0,0,0,0,0,0,1,0,0,0,0,1,0,0,0,0,0,0,0,0,1,0,0,0,1,1,0,0,1
36.0,1,13,208240.0,2,4.0,1,54,0,39,12,No,8,15,11.4,1.6,16018.46,17.4,0,0,0,0,0,0,1,0,0,0,0,0,0,0,0,1,0,0,0,1,0,1,0,0,1,0,0,1,0,0,0,0
59.0,1,4,85873.0,5,10.0,0,52,0,68,3,No,4,8,12.6,0.0,21468.25,8.2,0,0,0,1,0,0,0,0,0,0,0,0,1,0,1,0,0,0,0,0,0,0,1,0,0,1,0,0,0,1,0,1
47.0,1,2,43687.0,4,10.0,0,44,0,31,2,Yes,5,12,6.7,0.0,21843.5,6.4,0,0,1,0,0,0,0,0,0,0,1,0,0,0,0,1,0,0,1,0,0,0,0,0,0,0,0,0,0,1,0,1
59.0,0,16,229289.0,5,3.0,1,47,0,26,10,Yes,10,3,6.7,9.3,14330.56,14.7,0,0,0,1,0,0,0,0,0,0,0,0,1,0,1,0,1,0,0,0,0,1,0,0,1,0,0,1,0,0,0,1
24.0,1,3,70592.0,3,10.0,0,43,1,33,4,No,8,0,13.6,0.0,23530.67,8.3,1,0,0,0,0,0,0,0,0,1,0,0,0,0,1,0,0,0,0,0,0,1,1,0,0,1,0,0,0,1,1,0
24.0,1,3,90278.0,3,7.0,0,38,0,35,6,No,10,0,0.1,2.9,30092.67,9.8,0,0,1,0,0,0,0,0,1,0,0,0,0,0,1,0,0,0,0,1,0,1,1,0,0,1,0,0,1,0,1,0
22.0,0,0,63599.0,4,9.0,0,53,1,7,2,No,4,11,1.3,0.0,63599.0,7.3,0,0,0,1,0,0,0,0,0,0,0,0,1,0,0,0,0,1,0,0,0,0,0,0,0,0,0,0,0,1,0,1
38.0,0,14,206622.0,5,7.0,0,51,1,20,15,No,4,15,8.1,5.9,14758.71,20.1,0,1,0,0,0,1,0,0,0,0,0,0,0,0,0,1,0,0,0,1,0,0,0,0,1,0,0,1,1,0,0,1
29.0,0,6,103119.0,3,9.0,0,44,1,10,7,No,6,12,13.2,0.0,17186.5,11.4,0,1,0,0,0,0,0,0,0,0,0,0,0,1,1,0,0,0,0,1,0,1,1,0,0,0,1,0,0,1,1,0
49.0,1,26,155061.0,2,6.0,1,39,0,49,14,No,10,13,2.5,23.5,5963.88,17.9,0,0,0,0,0,0,1,0,0,0,0,0,0,0,1,0,0,0,1,0,0,0,0,1,0,0,0,1,1,0,0,0
49.0,0,5,80871.0,2,9.0,0,55,0,8,4,No,9,8,7.5,0.0,16174.2,9.5,1,0,0,0,0,0,0,0,0,1,0,0,0,0,0,0,0,1,0,0,0,1,1,0,0,1,0,0,0,1,0,0
46.0,1,17,198806.0,5,5.0,1,45,1,34,11,Yes,7,7,4.3,12.7,11694.47,15.5,0,0,0,0,0,0,1,0,0,0,0,0,0,0,1,0,0,0,0,1,0,0,0,0,1,0,0,1,1,0,0,1
30.0,1,5,73330.0,5,3.0,1,35,0,21,4,Yes,4,5,7.4,0.0,14666.0,7.5,0,0,0,1,0,0,0,0,0,0,0,1,0,0,0,1,1,0,0,0,0,1,1,0,0,1,0,0,0,0,0,1
31.0,1,7,135131.0,2,7.0,0,46,0,75,10,No,8,10,10.9,0.0,19304.43,14.6,0,0,0,1,0,0,0,0,0,0,0,1,0,0,0,0,0,0,0,0,1,0,0,1,0,0,1,0,1,0,0,0
32.0,1,2,53306.0,5,6.0,0,50,1,62,1,No,6,2,2.5,0.0,26653.0,6.0,1,0,0,0,0,0,0,0,0,1,0,0,0,0,0,1,1,0,0,0,0,1,0,0,0,0,0,0,1,0,0,1
25.0,1,2,54687.0,3,4.0,1,50,0,32,2,No,6,11,0.3,1.7,27343.5,7.0,0,1,0,0,0,1,0,0,0,0,0,0,0,0,0,1,0,1,0,0,0,0,0,0,0,0,0,0,0,0,1,0
29.0,1,1,63013.0,4,7.0,0,43,1,9,3,No,5,10,11.4,0.0,63013.0,7.3,0,0,0,1,0,0,0,0,0,0,0,0,1,0,1,0,0,0,0,0,0,0,0,0,0,0,0,0,1,0,0,1
36.0,0,3,72724.0,2,7.0,1,55,0,9,3,No,5,15,6.7,0.0,24241.33,8.5,0,0,1,0,0,0,0,0,1,0,0,0,0,0,0,1,0,0,1,0,0,0,1,0,0,1,0,0,1,0,0,0
57.0,0,22,175729.0,3,8.0,0,52,1,45,8,No,10,2,9.3,12.7,7987.68,13.2,0,0,1,0,0,0,0,0,1,0,0,0,0,0,0,0,0,0,0,0,1,0,0,1,0,0,0,1,0,1,1,0
50.0,1,13,192917.0,4,5.0,1,51,1,70,11,No,10,3,1.2,11.8,14839.77,16.1,1,0,0,0,0,0,0,1,0,0,0,0,0,0,1,0,0,0,0,1,0,1,0,0,1,0,0,1,1,0,0,1
40.0,1,12,208024.0,2,6.0,1,47,0,33,14,No,8,6,7.4,4.6,17335.33,18.7,0,0,0,1,0,0,0,0,0,0,0,1,0,0,1,0,0,1,0,0,0,0,0,0,1,0,0,1,1,0,0,0
46.0,1,8,145186.0,1,10.0,0,52,0,34,6,No,4,0,1.8,6.2,18148.25,11.2,1,0,0,0,0,0,0,0,0,1,0,0,0,0,1,0,0,1,0,0,0,1,0,1,0,0,1,0,0,1,0,0
32.0,0,11,236975.0,3,10.0,0,55,0,40,12,No,5,9,2.0,9.0,21543.18,17.5,1,0,0,0,0,0,0,0,0,1,0,0,0,0,0,0,0,0,0,0,0,0,0,0,1,0,0,1,0,1,1,0
59.0,1,28,214261.0,5,4.0,1,51,1,80,13,Yes,6,1,10.9,17.1,7652.18,18.1,0,0,1,0,0,0,0,0,0,0,1,0,0,0,0,0,0,0,0,0,0,0,0,0,1,0,0,1,0,0,0,1
56.0,0,8,141897.0,4,5.0,1,49,0,79,10,No,4,9,3.2,4.8,17737.12,14.9,0,0,0,1,0,0,0,0,0,0,0,0,1,0,1,0,0,0,0,0,0,1,0,1,0,0,1,0,1,0,0,1
35.0,1,7,134299.0,1,6.0,1,41,1,72,6,No,5,10,8.8,0.0,19185.57,10.1,1,0,0,0,1,0,0,0,0,0,0,0,0,0,0,0,0,0,0,0,0,0,0,1,0,0,1,0,1,0,0,0
27.0,0,4,79014.0,5,7.0,1,35,1,61,5,Yes,4,14,1.0,3.0,19753.5,8.5,0,0,1,0,0,0,0,0,1,0,0,0,0,0,1,0,0,0,0,0,0,1,1,0,0,1,0,0,1,0,0,1
31.0,1,6,124488.0,3,4.0,1,51,0,6,6,No,9,10,7.4,0.0,20748.0,11.1,0,0,0,0,0,0,1,0,0,0,0,0,0,0,0,1,0,0,1,0,0,1,0,1,0,0,1,0,0,0,1,0
29.0,0,3,78146.0,5,4.0,1,44,0,49,4,No,7,3,2.7,0.3,26048.67,8.4,0,0,0,1,0,0,0,0,0,0,0,1,0,0,0,1,0,1,0,0,0,1,1,0,0,1,0,0,0,0,0,1
55.0,1,34,155598.0,3,9.0,0,39,1,64,12,No,4,6,10.8,23.2,4576.41,15.9,0,0,1,0,0,0,0,0,1,0,0,0,0,0,0,0,0,0,0,0,0,1,0,1,0,0,0,1,0,1,1,0
55.0,1,13,207654.0,2,7.0,0,46,1,31,9,No,9,11,10.5,2.5,15973.38,13.6,0,1,0,0,1,0,0,0,0,0,0,0,0,0,1,0,0,0,0,0,1,1,0,0,1,0,0,1,1,0,0,0
22.0,1,1,60737.0,4,4.0,1,42,0,54,2,No,9,12,6.2,0.0,60737.0,6.2,0,0,1,0,0,0,0,0,1,0,0,0,0,0,1,0,0,1,0,0,0,0,0,0,0,0,0,0,0,0,0,1
44.0,0,3,82874.0,2,6.0,1,51,0,67,3,No,10,5,0.0,3.0,27624.67,8.1,1,0,0,0,0,0,0,0,0,1,0,0,0,0,1,0,1,0,0,0,0,1,1,0,0,1,0,0,1,0,0,0
56.0,1,24,182685.0,2,7.0,0,37,0,37,12,No,8,2,7.7,16.3,7611.88,15.7,0,1,0,0,0,0,0,0,0,0,0,0,0,1,1,0,0,1,0,0,0,0,0,0,1,0,0,1,1,0,0,0
28.0,1,5,87544.0,4,4.0,1,43,0,20,5,Yes,10,1,12.8,0.0,17508.8,9.3,0,1,0,0,0,0,0,0,0,0,0,0,0,1,0,1,0,0,1,0,0,0,1,0,0,1,0,0,0,0,0,1
22.0,1,0,53835.0,5,6.0,0,38,0,39,1,Yes,10,14,6.9,0.0,53835.0,4.8,0,0,0,1,0,0,0,0,0,0,0,1,0,0,1,0,0,0,0,0,1,1,0,0,0,0,0,0,1,0,0,1
35.0,0,9,127419.0,4,7.0,1,54,1,27,9,No,6,8,9.8,0.0,14157.67,14.4,0,0,1,0,0,0,0,0,0,0,1,0,0,0,1,0,0,0,0,0,0,1,0,1,0,0,1,0,1,0,0,1
44.0,0,22,167797.0,1,3.0,1,43,1,59,15,No,7,3,6.7,15.3,7627.14,19.3,0,0,0,0,0,0,1,0,0,0,0,0,0,0,0,0,1,0,0,0,0,0,0,1,0,0,0,1,0,0,0,0
34.0,1,3,86621.0,2,7.0,0,50,0,70,6,No,8,7,6.9,0.0,28873.67,11.0,0,0,0,0,0,0,0,0,0,0,0,0,0,0,0,1,0,0,0,0,0,1,1,0,0,1,0,0,1,0,0,0
40.0,1,14,180480.0,5,3.0,1,54,0,29,8,Yes,4,13,8.2,5.8,12891.43,13.4,1,0,0,0,0,0,0,0,0,1,0,0,0,0,0,0,1,0,0,0,0,1,0,1,0,0,0,1,0,0,0,1
30.0,1,4,72222.0,2,4.0,1,54,0,62,4,No,4,14,10.2,0.0,18055.5,9.4,1,0,0,0,0,0,0,0,0,1,0,0,0,0,0,0,0,1,0,0,0,0,1,0,0,1,0,0,0,0,0,0
40.0,0,0,62592.0,3,4.0,1,53,1,39,3,No,4,11,12.2,0.0,62592.0,8.3,0,0,0,0,0,0,1,0,0,0,0,0,0,0,0,1,0,0,0,1,0,0,0,0,0,0,0,0,0,0,1,0
52.0,1,6,149194.0,5,10.0,0,35,1,54,8,No,7,8,4.5,1.5,24865.67,11.5,0,1,0,0,0,0,0,0,0,0,0,0,0,1,0,1,0,0,1,0,0,1,0,1,0,0,1,0,0,1,0,1
33.0,1,1,46079.0,1,3.0,1,55,1,58,2,No,6,3,6.4,0.0,46079.0,7.5,1,0,0,0,0,0,0,1,0,0,0,0,0,0,1,0,1,0,0,0,0,1,0,0,0,0,0,0,0,0,0,0
24.0,0,2,43251.0,4,9.0,0,36,1,24,3,Yes,5,12,11.5,0.0,21625.5,6.6,0,0,1,0,0,0,0,0,1,0,0,0,0,0,1,0,0,0,0,0,0,0,0,0,0,0,0,0,0,1,0,1
24.0,0,2,63640.0,1,3.0,1,46,0,74,1,No,8,0,3.4,0.0,31820.0,5.6,0,1,0,0,0,0,0,0,0,0,0,0,0,1,0,0,0,0,0,0,1,0,0,0,0,0,0,0,0,0,0,0
60.0,1,1,47975.0,3,7.0,1,53,1,64,1,No,10,6,14.4,0.0,47975.0,6.3,0,0,0,1,0,0,0,0,0,0,0,0,1,0,0,0,0,1,0,0,0,0,0,0,0,0,0,0,1,0,1,0
34.0,0,10,106129.0,2,6.0,1,47,0,14,6,No,8,12,3.8,6.2,10612.9,10.7,0,0,0,1,0,0,0,0,0,0,0,1,0,0,1,0,0,0,1,0,0,1,1,0,0,0,1,0,1,0,0,0
29.0,0,4,94362.0,1,6.0,1,38,1,65,6,No,7,0,4.4,0.0,23590.5,9.8,1,0,0,0,0,0,0,1,0,0,0,0,0,0,1,0,0,0,0,1,0,0,1,0,0,1,0,0,1,0,0,0
37.0,1,1,49605.0,2,5.0,1,39,0,6,1,No,6,4,2.8,0.0,49605.0,4.9,0,0,0,0,0,0,1,0,0,0,0,0,0,0,0,0,0,0,1,0,0,0,0,0,0,0,0,0,1,0,0,0
59.0,1,5,89114.0,3,7.0,0,49,1,53,5,No,9,0,9.2,0.0,17822.8,9.9,1,0,0,0,0,0,0,1,0,0,0,0,0,0,0,0,0,0,0,1,0,1,1,0,0,1,0,0,1,0,1,0
44.0,1,3,83401.0,4,8.0,1,44,1,39,3,No,8,11,5.1,0.0,27800.33,7.4,1,0,0,0,0,0,0,0,0,1,0,0,0,0,0,0,0,0,1,0,0,0,1,0,0,1,0,0,0,1,0,1
29.0,1,0,58840.0,1,8.0,1,52,1,60,3,No,6,12,2.7,0.0,58840.0,8.2,0,0,1,0,0,0,0,0,0,0,1,0,0,0,0,0,0,1,0,0,0,1,0,0,0,0,0,0,0,1,0,0
38.0,1,17,166633.0,4,5.0,1,36,0,44,11,Yes,7,14,0.3,16.7,9801.94,14.6,0,0,0,0,0,0,1,0,0,0,0,0,0,0,1,0,0,0,0,0,0,0,0,1,0,0,0,1,1,0,0,1
50.0,0,18,214316.0,5,3.0,1,53,1,60,12,Yes,10,9,7.6,10.4,11906.44,17.3,0,0,1,0,0,0,0,0,1,0,0,0,0,0,0,0,0,0,0,0,0,1,0,0,1,0,0,1,0,0,0,1
47.0,0,26,186516.0,5,6.0,0,43,1,69,12,Yes,7,5,14.5,11.5,7173.69,16.3,0,0,1,0,0,0,0,0,1,0,0,0,0,0,0,0,1,0,0,0,0,1,0,0,1,0,0,1,1,0,0,1
42.0,1,13,172042.0,2,3.0,1,50,1,50,9,No,5,10,7.5,5.5,13234.0,14.0,0,0,1,0,0,0,0,0,0,0,1,0,0,0,0,0,0,0,1,0,0,1,0,1,0,0,0,1,0,0,0,0
25.0,0,0,48148.0,4,3.0,1,42,1,5,2,No,7,2,6.2,0.0,48148.0,6.2,1,0,0,0,0,0,0,1,0,0,0,0,0,0,0,1,0,0,0,0,0,0,0,0,0,0,0,0,0,0,0,1
23.0,0,1,66882.0,2,8.0,1,50,0,79,1,No,9,14,2.0,0.0,66882.0,6.0,0,0,0,1,0,0,0,0,0,0,0,1,0,0,0,1,0,0,0,1,0,1,0,0,0,0,0,0,0,1,0,0
46.0,0,17,221214.0,5,6.0,0,50,0,36,9,Yes,7,1,1.9,15.1,13012.59,14.0,0,0,1,0,0,0,0,0,1,0,0,0,0,0,0,1,1,0,0,0,0,0,0,0,1,0,0,1,1,0,0,1
36.0,0,13,208414.0,1,8.0,0,37,1,76,9,No,8,11,8.4,4.6,16031.85,12.7,0,0,1,0,0,0,0,0,0,0,1,0,0,0,0,0,0,1,0,0,0,1,0,0,1,0,0,1,0,1,0,0
58.0,1,9,143563.0,1,9.0,0,41,1,40,6,No,6,13,7.1,1.9,15951.44,10.1,0,0,0,0,0,0,0,0,0,0,0,0,0,0,0,0,0,0,1,0,0,0,0,1,0,0,1,0,0,1,0,0
42.0,1,18,187143.0,4,7.0,1,49,1,17,12,Yes,7,1,8.2,9.8,10396.83,16.9,0,1,0,0,1,0,0,0,0,0,0,0,0,0,0,1,0,0,0,0,0,0,0,0,1,0,0,1,1,0,0,1
30.0,0,8,133642.0,5,7.0,1,44,1,55,9,No,10,4,4.2,3.8,16705.25,13.4,0,0,0,0,0,0,0,0,0,0,0,0,0,0,0,0,0,0,1,0,0,1,0,1,0,0,1,0,1,0,0,1
38.0,1,4,90878.0,4,3.0,1,40,0,63,4,No,6,0,8.9,0.0,22719.5,8.0,0,1,0,0,1,0,0,0,0,0,0,0,0,0,1,0,0,0,1,0,0,0,1,0,0,1,0,0,0,0,0,1
57.0,0,35,221952.0,4,5.0,1,55,0,49,9,No,4,0,5.2,29.8,6341.49,14.5,1,0,0,0,0,0,0,1,0,0,0,0,0,0,0,1,1,0,0,0,0,1,0,0,1,0,0,1,1,0,0,1
25.0,1,4,78667.0,4,7.0,1,36,1,76,6,Yes,4,7,12.7,0.0,19666.75,9.6,0,1,0,0,0,0,0,0,0,0,0,0,0,1,0,0,0,0,1,0,0,1,1,0,0,1,0,0,1,0,0,1
23.0,0,2,69624.0,5,7.0,0,55,1,49,1,Yes,9,2,8.0,0.0,34812.0,6.5,0,0,0,1,0,0,0,0,0,0,0,1,0,0,0,1,0,0,1,0,0,1,0,0,0,0,0,0,1,0,0,1
22.0,1,1,66702.0,3,6.0,1,47,0,27,3,No,6,4,0.5,0.5,66702.0,7.7,0,0,0,0,0,0,1,0,0,0,0,0,0,0,1,0,1,0,0,0,0,1,0,0,0,0,0,0,1,0,1,0
41.0,1,0,50908.0,1,5.0,1,50,0,67,1,No,6,4,9.9,0.0,50908.0,6.0,0,0,0,1,0,0,0,0,0,0,0,1,0,0,0,0,0,0,0,0,0,1,0,0,0,0,0,0,1,0,0,0
57.0,1,5,75347.0,1,6.0,0,39,1,55,5,No,9,14,4.6,0.4,15069.4,8.9,1,0,0,0,0,0,0,0,0,1,0,0,0,0,1,0,0,0,0,0,1,1,1,0,0,1,0,0,1,0,0,0
48.0,1,11,167042.0,1,10.0,0,49,0,70,12,No,8,8,5.3,5.7,15185.64,16.9,0,0,1,0,0,0,0,0,0,0,1,0,0,0,0,1,0,0,0,0,1,1,0,1,0,0,0,1,0,1,0,0
51.0,0,21,233769.0,3,10.0,0,36,1,70,11,No,4,9,2.2,18.8,11131.86,14.6,0,0,0,0,0,0,1,0,0,0,0,0,0,0,0,0,0,0,0,0,0,1,0,0,1,0,0,1,0,1,1,0
41.0,0,4,96597.0,3,6.0,0,44,0,75,4,No,4,4,2.2,1.8,24149.25,8.4,0,0,1,0,0,0,0,0,0,0,1,0,0,0,0,0,1,0,0,0,0,0,1,0,0,1,0,0,1,0,1,0
43.0,1,8,110723.0,3,8.0,1,40,0,40,8,No,8,9,2.1,5.9,13840.38,12.0,1,0,0,0,0,0,0,1,0,0,0,0,0,0,0,1,0,0,0,1,0,0,1,0,0,0,1,0,0,1,1,0
28.0,1,3,87406.0,4,8.0,0,35,1,44,4,No,5,7,9.3,0.0,29135.33,7.5,0,1,0,0,0,0,0,0,0,0,0,0,0,1,0,1,0,0,0,0,0,1,1,0,0,1,0,0,0,1,0,1
26.0,1,4,83276.0,3,7.0,0,35,1,17,6,No,10,1,10.3,0.0,20819.0,9.5,0,0,1,0,0,0,0,0,1,0,0,0,0,0,1,0,0,0,0,0,0,1,1,0,0,1,0,0,1,0,1,0
45.0,1,6,105391.0,2,7.0,1,35,0,11,7,No,10,9,4.2,1.8,17565.17,10.5,0,1,0,0,0,0,0,0,0,0,0,0,0,1,0,1,0,0,0,1,0,0,1,0,0,0,1,0,1,0,0,0
22.0,0,1,41732.0,2,3.0,1,36,1,62,1,No,5,1,3.6,0.0,41732.0,4.6,0,0,1,0,0,0,0,0,0,0,1,0,0,0,0,0,0,1,0,0,0,0,0,0,0,0,0,0,0,0,0,0
22.0,0,1,43504.0,4,9.0,0,38,0,10,3,Yes,9,3,1.9,0.0,43504.0,6.8,0,0,0,0,0,0,0,0,0,0,0,0,0,0,1,0,0,1,0,0,0,1,0,0,0,0,0,0,0,1,0,1
54.0,1,6,141689.0,5,6.0,1,46,1,14,9,No,6,6,14.5,0.0,23614.83,13.6,0,0,0,0,0,0,0,0,0,0,0,0,0,0,0,1,0,0,0,1,0,0,0,1,0,0,1,0,1,0,0,1
55.0,0,7,136576.0,4,7.0,0,35,1,64,10,No,8,1,14.0,0.0,19510.86,13.5,1,0,0,0,0,0,0,0,0,1,0,0,0,0,0,0,0,0,0,0,1,1,0,1,0,0,1,0,1,0,0,1
28.0,1,0,65532.0,4,5.0,1,39,1,80,3,No,10,12,5.5,0.0,65532.0,6.9,0,1,0,0,1,0,0,0,0,0,0,0,0,0,0,1,0,0,0,1,0,1,0,0,0,0,0,0,1,0,0,1
56.0,0,31,208642.0,5,8.0,1,38,1,41,14,No,10,0,1.2,29.8,6730.39,17.8,0,0,0,1,0,0,0,0,0,0,0,1,0,0,1,0,0,0,1,0,0,1,0,0,1,0,0,1,0,1,0,1
54.0,0,0,61926.0,2,3.0,1,39,0,28,2,No,10,5,0.0,0.0,61926.0,5.9,0,0,0,0,0,0,1,0,0,0,0,0,0,0,0,0,0,0,0,1,0,0,0,0,0,0,0,0,0,0,0,0
46.0,1,17,119197.5,1,7.0,0,49,1,60,15,No,7,3,3.8,13.2,7011.62,19.9,0,0,1,0,0,0,0,0,1,0,0,0,0,0,1,0,0,0,0,0,1,0,1,0,0,0,0,1,1,0,0,0
31.0,0,5,97483.0,3,6.0,0,39,1,5,6,No,10,15,8.5,0.0,19496.6,9.9,0,0,1,0,0,0,0,0,0,0,1,0,0,0,0,0,0,0,0,1,0,1,1,0,0,1,0,0,1,0,1,0
45.0,0,20,119197.5,1,7.0,1,52,1,41,11,No,8,9,13.5,6.5,5959.88,16.2,1,0,0,0,0,0,0,1,0,0,0,0,0,0,0,1,1,0,0,0,0,1,1,0,0,0,0,1,1,0,0,0
23.0,0,1,59683.0,1,3.0,1,42,1,17,1,No,6,11,5.5,0.0,59683.0,5.2,0,1,0,0,0,0,0,0,0,0,0,0,0,1,0,0,0,0,0,1,0,0,0,0,0,0,0,0,0,0,0,0
40.0,1,18,180289.0,2,3.0,1,52,1,5,13,No,6,10,1.9,16.1,10016.06,18.2,0,0,0,1,0,0,0,0,0,0,0,0,1,0,1,0,0,0,0,1,0,1,0,1,0,0,0,1,0,0,0,0
48.0,1,24,166027.0,4,10.0,0,52,0,19,13,Yes,5,4,8.4,15.6,6917.79,18.2,1,0,0,0,0,0,1,0,0,0,0,0,0,0,0,0,0,0,0,0,1,0,0,1,0,0,0,1,0,1,0,1
43.0,0,4,95070.0,5,6.0,0,45,0,24,6,No,4,12,4.6,0.0,23767.5,10.5,0,0,0,1,0,0,0,0,0,0,0,0,1,0,0,0,0,0,0,0,0,0,1,0,0,1,0,0,1,0,0,1
46.0,0,4,94850.0,3,6.0,0,49,1,9,5,No,7,11,1.5,2.5,23712.5,9.9,1,0,0,0,0,0,0,1,0,0,0,0,0,0,1,0,1,0,0,0,0,0,1,0,0,1,0,0,1,0,1,0
23.0,1,0,44014.0,4,7.0,0,43,1,66,2,Yes,10,1,14.3,0.0,44014.0,6.3,0,0,0,1,0,0,0,0,0,0,0,1,0,0,0,0,0,0,0,0,0,0,0,0,0,0,0,0,1,0,0,1
41.0,0,16,188863.0,3,7.0,0,45,1,54,9,No,8,1,3.1,12.9,11803.94,13.5,0,0,0,1,0,0,0,0,0,0,0,0,1,0,0,0,0,0,1,0,0,0,0,0,1,0,0,1,1,0,1,0
43.0,1,12,169333.0,2,9.0,0,51,1,62,15,No,8,13,10.6,1.4,14111.08,20.1,0,0,1,0,0,0,0,0,1,0,0,0,0,0,0,1,0,0,0,0,0,0,0,1,0,0,0,1,0,1,0,0
22.0,1,1,55670.0,2,8.0,0,41,0,58,1,No,6,4,9.4,0.0,55670.0,5.1,0,0,0,0,0,0,0,0,0,0,0,0,0,0,0,1,0,0,1,0,0,1,0,0,0,0,0,0,0,1,0,0
35.0,1,11,203272.0,3,8.0,0,51,1,27,8,No,8,1,12.8,0.0,18479.27,13.1,0,0,1,0,0,0,0,0,1,0,0,0,0,0,0,1,0,0,0,0,1,1,0,0,1,0,0,1,0,1,1,0
38.0,0,11,212162.0,5,6.0,0,37,0,59,11,No,7,8,7.0,4.0,19287.45,14.7,0,0,0,0,0,0,0,0,0,0,0,0,0,0,0,0,0,0,0,1,0,1,0,0,1,0,0,1,1,0,0,1
48.0,1,1,56377.0,3,4.0,1,43,0,14,3,No,6,0,6.5,0.0,56377.0,7.3,1,0,0,0,0,0,0,0,0,1,0,0,0,0,0,1,0,0,0,0,1,0,0,0,0,0,0,0,0,0,1,0
33.0,1,3,119197.5,2,3.0,1,40,1,66,4,No,4,3,3.1,0.0,39732.5,8.0,0,0,0,0,0,0,0,0,0,0,0,0,0,0,1,0,0,0,0,1,0,1,1,0,0,1,0,0,0,0,0,0
53.0,1,7,110772.0,3,10.0,0,54,1,41,6,No,5,8,12.5,0.0,15824.57,11.4,0,0,0,1,0,0,0,0,0,0,0,0,1,0,1,0,0,1,0,0,0,0,1,0,0,0,1,0,0,1,1,0
24.0,1,1,46793.0,2,3.0,1,35,0,77,3,No,5,0,13.8,0.0,46793.0,6.5,0,0,0,1,0,0,0,0,0,0,0,1,0,0,0,0,0,0,0,0,1,1,0,0,0,0,0,0,0,0,0,0
39.0,1,2,68454.0,4,6.0,1,35,1,56,1,Yes,7,6,1.9,0.1,34227.0,4.5,1,0,0,0,0,0,0,0,0,1,0,0,0,0,0,0,0,0,0,0,1,1,0,0,0,0,0,0,1,0,0,1
24.0,1,1,67365.0,2,7.0,0,43,1,19,2,No,6,14,5.7,0.0,67365.0,6.3,0,0,0,0,0,0,0,0,0,0,0,0,0,0,0,0,0,0,1,0,0,0,0,0,0,0,0,0,1,0,0,0
50.0,1,7,136885.0,4,10.0,0,45,1,25,6,No,10,11,11.4,0.0,19555.0,10.5,0,0,1,0,0,0,0,0,0,0,1,0,0,0,0,1,0,1,0,0,0,1,0,1,0,0,1,0,0,1,0,1
60.0,0,38,241844.0,4,6.0,1,52,1,78,10,Yes,5,3,1.3,36.7,6364.32,15.2,0,1,0,0,0,1,0,0,0,0,0,0,0,0,0,0,0,0,1,0,0,0,0,0,1,0,0,1,1,0,0,1
41.0,1,1,54829.0,3,8.0,0,40,1,75,2,No,10,9,12.9,0.0,54829.0,6.0,0,0,0,0,0,0,0,0,0,0,0,0,0,0,0,0,0,0,0,0,1,0,0,0,0,0,0,0,0,1,1,0
38.0,1,0,56569.0,4,6.0,0,35,0,51,3,Yes,6,13,8.1,0.0,56569.0,6.5,1,0,0,0,0,0,0,0,0,1,0,0,0,0,1,0,0,0,0,1,0,1,0,0,0,0,0,0,1,0,0,1
22.0,0,0,46100.0,3,7.0,1,44,1,40,1,No,10,8,11.2,0.0,46100.0,5.4,0,1,0,0,0,1,0,0,0,0,0,0,0,0,0,1,0,1,0,0,0,1,0,0,0,0,0,0,1,0,1,0
59.0,0,11,182409.0,2,4.0,1,40,0,13,11,No,4,1,11.2,0.0,16582.64,15.0,0,0,1,0,0,0,0,0,1,0,0,0,0,0,0,0,1,0,0,0,0,1,0,1,0,0,0,1,0,0,0,0
25.0,0,4,79295.0,1,7.0,0,47,1,29,5,No,5,7,14.9,0.0,19823.75,9.7,0,0,0,0,0,0,1,0,0,0,0,0,0,0,0,1,0,0,1,0,0,0,1,0,0,1,0,0,1,0,0,0
37.0,1,5,70237.0,3,5.0,1,52,1,21,3,No,8,8,2.9,2.1,14047.4,8.2,1,0,0,0,0,0,0,0,0,1,0,0,0,0,0,1,0,0,0,0,1,1,1,0,0,1,0,0,1,0,1,0
40.0,0,28,191032.0,1,3.0,1,39,0,56,10,No,4,6,1.5,26.5,6822.57,13.9,0,1,0,0,0,0,0,0,0,0,0,0,0,1,1,0,0,0,0,0,0,0,0,0,1,0,0,1,0,0,0,0
59.0,1,17,200322.0,5,7.0,1,43,1,62,10,Yes,10,10,4.8,12.2,11783.65,14.3,0,0,0,1,0,0,0,0,0,0,0,0,1,0,0,0,0,1,0,0,0,1,0,0,1,0,0,1,1,0,0,1
33.0,1,7,106545.0,3,5.0,1,47,0,40,9,No,5,15,12.6,0.0,15220.71,13.7,0,0,1,0,0,0,0,0,1,0,0,0,0,0,0,0,0,0,0,1,0,1,1,0,0,0,1,0,1,0,1,0
38.0,1,3,99175.0,1,8.0,1,42,1,78,6,No,7,5,8.4,0.0,33058.33,10.2,1,0,0,0,0,0,0,0,0,1,0,0,0,0,0,0,0,0,0,1,0,1,1,0,0,1,0,0,0,1,0,0
42.0,0,8,146212.0,1,6.0,0,42,0,6,6,No,6,10,9.8,0.0,18276.5,10.2,0,0,1,0,0,0,0,0,0,0,1,0,0,0,0,0,0,0,1,0,0,1,0,1,0,0,1,0,1,0,0,0
30.0,0,9,115582.0,5,9.0,0,49,0,22,6,Yes,10,8,6.2,2.8,12842.44,10.9,0,0,0,0,0,0,0,0,0,0,0,0,0,0,0,1,0,1,0,0,0,0,1,0,0,0,1,0,0,1,0,1
30.0,0,1,63206.0,3,7.0,1,52,1,5,2,No,9,9,5.4,0.0,63206.0,7.2,0,0,0,0,0,0,1,0,0,0,0,0,0,0,0,1,0,0,0,0,0,1,0,0,0,0,0,0,1,0,1,0
24.0,1,3,76847.0,2,10.0,0,53,0,17,4,No,8,11,8.6,0.0,25615.67,9.3,0,0,0,1,0,0,0,0,0,0,0,0,1,0,0,1,0,0,0,0,1,1,1,0,0,1,0,0,0,1,0,0
43.0,1,22,206792.0,1,8.0,0,45,1,74,12,No,8,5,11.3,10.7,9399.64,16.5,0,1,0,0,0,0,0,0,0,0,0,0,0,1,0,1,0,0,0,1,0,0,0,0,1,0,0,1,0,1,0,0
30.0,1,2,53038.0,2,8.0,1,53,0,44,2,No,9,6,2.3,0.0,26519.0,7.3,0,0,0,1,0,0,0,0,0,0,0,0,1,0,0,0,0,0,0,1,0,0,0,0,0,0,0,0,0,1,0,0
27.0,1,1,46015.0,1,5.0,1,38,0,56,2,No,10,5,12.0,0.0,46015.0,5.8,0,0,0,0,0,0,1,0,0,0,0,0,0,0,0,1,0,0,1,0,0,1,0,0,0,0,0,0,1,0,0,0
57.0,1,12,234688.0,1,5.0,1,40,1,40,8,No,10,2,9.2,2.8,19557.33,12.0,0,0,0,1,0,0,0,0,0,0,0,1,0,0,0,1,1,0,0,0,0,1,0,0,1,0,0,1,1,0,0,0
60.0,0,0,52924.0,4,8.0,0,39,0,5,1,Yes,4,8,7.8,0.0,52924.0,4.9,0,0,1,0,0,0,0,0,1,0,0,0,0,0,0,1,0,0,0,1,0,0,0,0,0,0,0,0,0,1,0,1
49.0,0,5,91201.0,1,4.0,1,42,1,15,3,No,9,7,11.4,0.0,18240.2,7.2,0,0,1,0,0,0,0,0,0,0,1,0,0,0,0,0,0,0,0,0,1,0,1,0,0,1,0,0,0,0,0,0
30.0,0,4,89394.0,4,6.0,1,35,0,7,4,No,10,4,6.4,0.0,22348.5,7.5,1,0,0,0,0,0,0,1,0,0,0,0,0,0,1,0,0,1,0,0,0,1,1,0,0,1,0,0,1,0,0,1
47.0,1,12,157194.0,4,6.0,0,39,0,32,15,Yes,10,11,6.4,5.6,13099.5,18.9,0,1,0,0,1,0,0,0,0,0,0,0,0,0,0,0,0,0,0,1,0,0,0,1,0,0,0,1,1,0,0,1
40.0,1,5,72953.0,4,6.0,1,39,1,31,6,Yes,9,6,0.1,4.9,14590.6,9.9,0,0,1,0,0,0,0,0,0,0,1,0,0,0,0,0,1,0,0,0,0,0,1,0,0,1,0,0,1,0,0,1
38.0,1,2,46555.0,1,9.0,0,46,0,19,3,No,7,6,10.6,0.0,23277.5,7.6,0,1,0,0,0,1,0,0,0,0,0,0,0,0,1,0,1,0,0,0,0,1,0,0,0,0,0,0,0,1,0,0
52.0,1,23,205311.0,3,3.0,1,44,1,40,11,No,8,13,0.3,22.7,8926.57,15.4,1,0,0,0,0,0,0,0,0,1,0,0,0,0,1,0,0,0,0,0,1,1,0,0,1,0,0,1,0,0,1,0
28.0,1,0,45650.0,2,8.0,0,40,1,61,2,No,4,9,5.1,0.0,45650.0,6.0,0,0,0,0,0,0,1,0,0,0,0,0,0,0,0,0,0,0,0,0,1,1,0,0,0,0,0,0,0,1,0,0
53.0,0,14,193940.0,5,7.0,0,47,0,77,11,No,10,0,10.9,3.1,13852.86,15.7,0,0,0,0,0,0,0,0,0,0,0,0,0,0,1,0,1,0,0,0,0,0,0,0,1,0,0,1,1,0,0,1
36.0,1,4,79203.0,2,6.0,0,51,0,13,6,No,5,0,6.5,0.0,19800.75,11.1,0,0,0,0,0,0,1,0,0,0,0,0,0,0,1,0,0,0,0,0,0,1,1,0,0,1,0,0,1,0,0,0
36.0,1,10,111428.0,4,3.0,1,43,0,80,6,Yes,9,0,4.7,5.3,11142.8,10.3,0,0,1,0,0,0,0,0,0,0,1,0,0,0,1,0,0,0,0,1,0,0,1,0,0,0,1,0,0,0,0,1
38.0,1,1,64151.0,3,6.0,0,49,0,32,1,No,5,14,3.8,0.0,64151.0,5.9,0,0,1,0,0,0,0,0,1,0,0,0,0,0,1,0,0,0,0,0,1,0,0,0,0,0,0,0,1,0,1,0
27.0,1,6,116803.0,4,5.0,1,47,0,75,9,No,5,2,14.3,0.0,19467.17,13.7,0,0,0,1,0,0,0,0,0,0,0,0,1,0,0,1,1,0,0,0,0,0,1,0,0,0,1,0,1,0,0,1
45.0,0,1,62799.0,5,8.0,1,38,0,47,1,No,10,1,5.9,0.0,62799.0,4.8,0,1,0,0,0,1,0,0,0,0,0,0,0,0,0,0,0,0,0,0,1,0,0,0,0,0,0,0,0,1,0,1
23.0,1,0,41090.0,1,7.0,0,42,0,59,2,No,5,7,7.6,0.0,41090.0,6.2,0,0,1,0,0,0,0,0,0,0,1,0,0,0,1,0,0,0,0,0,1,0,0,0,0,0,0,0,1,0,0,0
52.0,1,13,241860.0,5,7.0,1,40,0,57,9,No,5,15,1.4,11.6,18604.62,13.0,0,1,0,0,1,0,0,0,0,0,0,0,0,0,0,0,0,0,0,0,1,0,0,0,1,0,0,1,1,0,0,1
23.0,1,2,50783.0,5,7.0,1,45,0,65,1,No,10,6,10.7,0.0,25391.5,5.5,0,1,0,0,0,1,0,0,0,0,0,0,0,0,0,1,0,0,0,0,0,0,0,0,0,0,0,0,1,0,0,1
32.0,1,6,141791.0,1,9.0,0,55,1,22,8,No,10,3,3.0,3.0,23631.83,13.5,1,0,0,0,0,0,0,0,0,1,0,0,0,0,0,0,0,0,0,1,0,0,0,1,0,0,1,0,0,1,0,0
57.0,1,4,70974.0,4,7.0,1,40,1,56,6,Yes,5,5,5.9,0.0,17743.5,10.0,0,1,0,0,1,0,0,0,0,0,0,0,0,0,0,1,0,0,0,0,1,0,1,0,0,1,0,0,1,0,0,1
59.0,0,32,214295.0,5,6.0,0,48,1,34,9,No,5,14,9.7,22.3,6696.72,13.8,0,0,0,1,0,0,0,0,0,0,0,1,0,0,0,1,0,1,0,0,0,1,0,0,1,0,0,1,1,0,0,1
49.0,1,19,226980.0,2,5.0,1,41,1,35,12,No,4,10,5.5,13.5,11946.32,16.1,0,1,0,0,0,1,0,0,0,0,0,0,0,0,1,0,0,0,1,0,0,0,0,0,1,0,0,1,1,0,0,0
29.0,1,5,84733.0,4,4.0,1,40,0,73,3,Yes,8,14,5.7,0.0,16946.6,7.0,0,0,1,0,0,0,0,0,1,0,0,0,0,0,0,1,0,0,0,0,0,0,1,0,0,1,0,0,0,0,0,1
39.0,0,17,236335.0,1,6.0,1,39,0,73,11,No,9,3,4.8,12.2,13902.06,14.9,0,0,0,0,0,0,0,0,0,0,0,0,0,0,0,1,0,0,0,1,0,0,0,0,1,0,0,1,1,0,0,0
46.0,1,20,238840.0,3,7.0,1,51,1,53,9,No,9,8,4.2,15.8,11942.0,14.1,0,0,0,1,0,0,0,0,0,0,0,1,0,0,1,0,0,0,0,1,0,1,0,0,1,0,0,1,1,0,1,0
43.0,0,6,131192.0,5,7.0,0,48,1,62,6,Yes,5,1,5.1,0.9,21865.33,10.8,1,0,0,0,0,0,0,1,0,0,0,0,0,0,1,0,0,1,0,0,0,1,0,1,0,0,1,0,1,0,0,1
55.0,0,29,219296.0,5,3.0,1,52,0,43,10,Yes,7,10,2.4,26.6,7561.93,15.2,0,0,1,0,0,0,0,0,1,0,0,0,0,0,0,0,0,0,0,0,1,1,0,0,1,0,0,1,0,0,0,1
58.0,0,29,159864.0,5,6.0,1,48,0,19,14,No,4,5,5.6,23.4,5512.55,18.8,1,0,0,0,0,0,0,0,0,1,0,0,0,0,0,1,1,0,0,0,0,1,0,1,0,0,0,1,1,0,0,1
22.0,0,0,54951.0,2,8.0,0,41,0,39,1,No,7,6,1.5,0.0,54951.0,5.1,0,0,0,1,0,0,0,0,0,0,0,1,0,0,0,0,0,0,1,0,0,1,0,0,0,0,0,0,0,1,0,0
33.0,1,5,99490.0,1,8.0,0,35,1,43,3,No,5,5,5.3,0.0,19898.0,6.5,0,0,1,0,0,0,0,0,0,0,1,0,0,0,0,1,0,0,0,1,0,0,1,0,0,1,0,0,0,1,0,0
60.0,0,37,119197.5,2,7.0,0,40,0,56,13,No,4,1,10.4,26.6,3221.55,17.0,1,0,0,0,0,0,0,0,0,1,0,0,0,0,0,0,0,0,1,0,0,1,1,0,0,0,0,1,1,0,0,0
50.0,0,4,80428.0,3,10.0,0,46,1,59,4,No,4,8,8.4,0.0,20107.0,8.6,0,0,1,0,0,0,0,0,0,0,1,0,0,0,1,0,0,0,1,0,0,0,1,0,0,1,0,0,0,1,1,0
56.0,1,23,181859.0,3,6.0,1,51,1,50,14,No,10,14,6.3,16.7,7906.91,19.1,0,1,0,0,0,1,0,0,0,0,0,0,0,0,1,0,0,0,0,1,0,1,0,1,0,0,0,1,1,0,1,0
39.0,1,13,180254.0,1,7.0,0,47,0,41,14,No,7,2,4.0,9.0,13865.69,18.7,1,0,0,0,0,0,0,0,0,1,0,0,0,0,0,0,0,0,1,0,0,1,0,1,0,0,0,1,1,0,0,0
58.0,1,11,183629.0,5,3.0,1,47,1,57,10,No,8,4,13.7,0.0,16693.55,14.7,0,0,0,0,0,0,1,0,0,0,0,0,0,0,0,0,0,0,0,1,0,1,0,0,1,0,0,1,0,0,0,1
51.0,1,5,89997.0,5,6.0,1,54,1,46,4,No,9,15,10.6,0.0,17999.4,9.4,0,0,0,1,0,0,0,0,0,0,0,1,0,0,0,0,1,0,0,0,0,0,1,0,0,1,0,0,1,0,0,1
33.0,1,12,165914.0,3,5.0,1,40,0,36,11,No,8,3,3.8,8.2,13826.17,15.0,0,0,0,1,0,0,0,0,0,0,0,0,1,0,1,0,0,1,0,0,0,0,0,1,0,0,0,1,1,0,1,0
60.0,0,9,101922.0,1,7.0,1,44,0,56,6,No,6,4,12.4,0.0,11324.67,10.4,1,0,0,0,0,0,0,1,0,0,0,0,0,0,0,0,0,0,0,0,1,1,1,0,0,0,1,0,1,0,0,0
36.0,0,9,114268.0,1,7.0,0,41,0,24,8,No,4,15,13.0,0.0,12696.44,12.1,0,1,0,0,1,0,0,0,0,0,0,0,0,0,0,1,0,0,0,0,0,1,1,0,0,0,1,0,1,0,0,0
56.0,1,20,170941.0,3,4.0,1,45,1,71,10,No,4,5,6.9,13.1,8547.05,14.5,0,1,0,0,0,1,0,0,0,0,0,0,0,0,0,1,0,0,0,0,1,0,0,1,0,0,0,1,0,0,1,0
58.0,1,27,231577.0,5,7.0,1,47,1,52,12,Yes,8,12,0.4,26.6,8576.93,16.7,1,0,0,0,0,0,0,1,0,0,0,0,0,0,1,0,0,0,0,0,0,1,0,0,1,0,0,1,1,0,0,1
52.0,1,15,230699.0,4,8.0,0,51,0,66,14,Yes,4,4,7.0,8.0,15379.93,19.1,0,1,0,0,0,0,0,0,0,0,0,0,0,1,0,1,0,1,0,0,0,0,0,0,1,0,0,1,0,1,0,1
41.0,1,8,120839.0,1,6.0,0,41,0,56,7,No,9,3,1.3,6.7,15104.88,11.1,0,0,0,0,0,0,0,0,0,0,0,0,0,0,0,0,0,0,0,1,0,1,0,1,0,0,1,0,1,0,0,0
53.0,1,12,215054.0,1,8.0,1,48,1,10,13,No,5,4,2.5,9.5,17921.17,17.8,0,1,0,0,1,0,0,0,0,0,0,0,0,0,0,1,0,0,1,0,0,1,0,0,1,0,0,1,0,1,0,0
40.0,0,33,210243.0,2,8.0,0,40,0,40,8,No,6,14,11.2,21.8,6371.0,12.0,1,0,0,0,0,0,0,0,0,0,0,0,0,0,1,0,0,0,1,0,0,1,0,0,1,0,0,1,0,1,0,0
39.0,1,13,166865.0,3,10.0,0,35,0,46,11,No,4,2,2.6,10.4,12835.77,14.5,0,0,1,0,0,0,0,0,1,0,0,0,0,0,0,0,0,0,0,0,1,0,0,1,0,0,0,1,0,1,1,0
24.0,1,0,61542.0,5,4.0,1,46,0,50,1,No,8,12,7.8,0.0,61542.0,5.6,0,1,0,0,1,0,0,0,0,0,0,0,0,0,1,0,0,0,0,1,0,1,0,0,0,0,0,0,0,0,0,1
57.0,1,32,221382.0,1,7.0,0,49,0,55,9,No,6,11,2.9,29.1,6918.19,13.9,0,0,1,0,0,0,0,0,1,0,0,0,0,0,0,0,1,0,0,0,0,0,0,0,1,0,0,1,1,0,0,0
47.0,0,20,156629.0,1,3.0,1,42,0,45,12,No,8,9,3.8,16.2,7831.45,16.2,0,0,1,0,0,0,0,0,1,0,0,0,0,0,1,0,0,0,0,0,1,1,0,1,0,0,0,1,0,0,0,0
37.0,0,5,92314.0,5,7.0,1,47,1,35,4,No,7,11,9.9,0.0,18462.8,8.7,0,0,0,0,0,0,0,0,0,0,0,0,0,0,0,0,0,1,0,0,0,1,1,0,0,1,0,0,1,0,0,1
50.0,0,4,89925.0,1,8.0,0,44,1,31,5,No,7,7,13.3,0.0,22481.25,9.4,0,0,0,0,0,0,0,0,0,0,0,0,0,0,1,0,1,0,0,0,0,1,1,0,0,1,0,0,0,1,0,0
34.0,0,3,78639.0,5,6.0,0,36,0,10,3,Yes,8,15,0.6,2.4,26213.0,6.6,0,0,0,1,0,0,0,0,0,0,0,1,0,0,0,1,0,0,0,0,1,0,1,0,0,1,0,0,1,0,0,1
29.0,0,8,114572.0,1,8.0,0,39,0,17,6,No,5,3,12.9,0.0,14321.5,9.9,0,1,0,0,0,1,0,0,0,0,0,0,0,0,0,1,0,1,0,0,0,0,1,0,0,0,1,0,0,1,0,0
57.0,1,35,202342.0,2,6.0,1,38,0,9,11,No,9,9,0.5,34.5,5781.2,14.8,0,0,1,0,0,0,0,0,0,0,1,0,0,0,0,0,1,0,0,0,0,1,0,0,1,0,0,1,1,0,0,0
23.0,1,0,55599.0,3,7.0,0,43,0,12,2,No,6,4,2.1,0.0,55599.0,6.3,1,0,0,0,0,0,0,1,0,0,0,0,0,0,0,1,0,0,0,0,1,1,0,0,0,0,0,0,1,0,1,0
26.0,1,3,93894.0,5,9.0,0,48,0,57,4,Yes,6,4,4.1,0.0,31298.0,8.8,0,1,0,0,1,0,0,0,0,0,0,0,0,0,0,1,0,1,0,0,0,0,1,0,0,1,0,0,0,1,0,1
58.0,1,0,44517.0,4,9.0,0,52,1,21,3,No,4,11,0.3,0.0,44517.0,8.2,1,0,0,0,0,0,0,0,0,1,0,0,0,0,1,0,0,0,1,0,0,1,0,0,0,0,0,0,0,1,0,1
46.0,1,1,47749.0,4,7.0,0,42,1,52,1,Yes,7,1,0.5,0.5,47749.0,5.2,0,1,0,0,0,0,0,0,0,0,0,0,0,1,1,0,0,1,0,0,0,0,0,0,0,0,0,0,1,0,0,1
22.0,0,0,59410.0,2,3.0,1,42,1,51,1,No,4,4,2.9,0.0,59410.0,5.2,0,0,0,1,0,0,0,0,0,0,0,0,1,0,0,0,0,0,0,0,0,1,0,0,0,0,0,0,0,0,0,0
32.0,0,7,145620.0,3,7.0,1,38,0,10,10,No,5,1,9.5,0.0,20802.86,13.8,0,0,0,0,0,0,1,0,0,0,0,0,0,0,1,0,0,0,0,0,0,0,0,1,0,0,1,0,1,0,1,0
24.0,0,3,91678.0,3,8.0,1,43,1,45,5,No,10,9,3.1,0.0,30559.33,9.3,0,0,1,0,0,0,0,0,0,0,1,0,0,0,1,0,0,0,0,0,1,0,1,0,0,1,0,0,0,1,1,0
40.0,1,7,136532.0,5,8.0,0,52,0,49,6,No,4,6,14.8,0.0,19504.57,11.2,0,0,1,0,0,0,0,0,0,0,1,0,0,0,0,1,0,1,0,0,0,1,0,1,0,0,1,0,0,1,0,1
47.0,0,5,74895.0,4,3.0,1,50,0,57,3,Yes,8,12,7.0,0.0,14979.0,8.0,0,0,0,0,0,0,1,0,0,0,0,0,0,0,0,1,0,1,0,0,0,0,1,0,0,1,0,0,0,0,0,1
30.0,1,8,100687.0,4,4.0,1,55,0,56,8,Yes,10,0,8.2,0.0,12585.88,13.5,0,1,0,0,1,0,0,0,0,0,0,0,0,0,1,0,0,1,0,0,0,0,1,0,0,0,1,0,0,0,0,1
54.0,1,1,62311.0,1,5.0,1,42,0,68,1,No,7,3,4.9,0.0,62311.0,5.2,0,1,0,0,1,0,0,0,0,0,0,0,0,0,0,0,1,0,0,0,0,1,0,0,0,0,0,0,1,0,0,0
44.0,1,18,173493.0,3,7.0,1,41,0,44,12,No,4,14,4.9,13.1,9638.5,16.1,0,0,0,1,0,0,0,0,0,0,0,1,0,0,0,0,1,0,0,0,0,1,0,1,0,0,0,1,1,0,1,0
46.0,1,23,162723.0,4,10.0,0,36,0,20,13,No,8,2,6.2,16.8,7074.91,16.6,0,0,0,0,0,0,0,0,0,0,0,0,0,0,0,1,1,0,0,0,0,1,0,1,0,0,0,1,0,1,0,1
47.0,0,13,222578.0,2,9.0,0,54,0,76,11,No,6,14,2.7,10.3,17121.38,16.4,0,0,0,1,0,0,0,0,0,0,0,0,1,0,1,0,0,0,0,0,1,1,0,0,1,0,0,1,0,1,0,0
45.0,1,1,67773.0,1,4.0,1,43,1,17,2,No,8,5,0.9,0.1,67773.0,6.3,0,0,1,0,0,0,0,0,1,0,0,0,0,0,0,0,0,0,1,0,0,0,0,0,0,0,0,0,0,0,0,0
49.0,1,7,145233.0,4,3.0,1,39,0,42,10,Yes,5,8,13.4,0.0,20747.57,13.9,0,0,1,0,0,0,0,0,0,0,1,0,0,0,0,0,0,0,1,0,0,1,0,1,0,0,1,0,0,0,0,1
37.0,0,12,183854.0,4,8.0,1,42,1,73,10,Yes,7,10,11.5,0.5,15321.17,14.2,1,0,0,0,0,0,0,0,0,1,0,0,0,0,1,0,0,0,0,0,1,1,0,0,1,0,0,1,0,1,0,1
37.0,0,0,62568.0,1,5.0,1,54,1,27,1,No,7,8,14.6,0.0,62568.0,6.4,0,1,0,0,0,0,0,0,0,0,0,0,0,1,0,1,0,1,0,0,0,0,0,0,0,0,0,0,1,0,0,0
41.0,1,2,69145.0,1,8.0,0,50,0,15,3,No,10,10,1.7,0.3,34572.5,8.0,1,0,0,0,0,0,0,1,0,0,0,0,0,0,0,1,0,0,0,0,0,1,0,0,0,0,0,0,0,1,0,0
46.0,0,14,176442.0,1,7.0,0,35,0,36,11,No,4,6,6.6,7.4,12603.0,14.5,0,0,0,0,0,0,0,0,0,0,0,0,0,0,1,0,0,0,0,0,1,1,0,1,0,0,0,1,1,0,0,0
31.0,0,7,114309.0,1,8.0,1,51,0,56,7,No,7,9,1.3,5.7,16329.86,12.1,1,0,0,0,0,0,0,0,0,1,0,0,0,0,1,0,0,0,0,0,1,0,1,0,0,0,1,0,0,1,0,0
50.0,0,6,115600.0,1,7.0,0,54,1,69,9,No,6,9,11.7,0.0,19266.67,14.4,0,0,0,1,0,0,0,0,0,0,0,1,0,0,0,1,1,0,0,0,0,1,1,0,0,0,1,0,1,0,0,0
24.0,1,2,69419.0,3,9.0,0,55,0,51,2,No,4,5,14.1,0.0,34709.5,7.5,0,0,0,0,0,0,0,0,0,0,0,0,0,0,0,1,0,1,0,0,0,1,0,0,0,0,0,0,0,1,1,0
30.0,1,9,100903.0,2,7.0,1,47,0,56,6,No,9,8,2.7,6.3,11211.44,10.7,0,0,0,1,0,0,0,0,0,0,0,0,1,0,0,0,0,0,0,0,1,1,1,0,0,0,1,0,1,0,0,0
58.0,1,17,234631.0,1,10.0,0,41,0,14,11,No,8,8,1.4,15.6,13801.82,15.1,0,1,0,0,1,0,0,0,0,0,0,0,0,0,1,0,0,0,0,0,0,0,0,0,1,0,0,1,0,1,0,0
40.0,1,2,44683.0,4,6.0,1,41,1,33,2,Yes,6,8,10.5,0.0,22341.5,6.1,0,0,1,0,0,0,0,0,0,0,1,0,0,0,0,0,1,0,0,0,0,1,0,0,0,0,0,0,1,0,0,1
32.0,0,10,136856.0,2,6.0,1,35,1,28,8,No,6,14,8.9,1.1,13685.6,11.5,1,0,0,0,0,0,0,1,0,0,0,0,0,0,0,0,1,0,0,0,0,0,0,1,0,0,1,0,1,0,0,0
34.0,1,7,122348.0,4,7.0,0,51,1,70,9,Yes,9,4,12.9,0.0,17478.29,14.1,1,0,0,0,0,0,0,1,0,0,0,0,0,0,1,0,0,0,1,0,0,1,0,1,0,0,1,0,1,0,0,1
25.0,1,4,87110.0,4,6.0,1,37,0,78,3,No,9,11,0.8,3.2,21777.5,6.7,0,0,0,1,0,0,0,0,0,0,0,0,1,0,1,0,0,1,0,0,0,0,1,0,0,1,0,0,1,0,0,1
47.0,0,24,240006.0,5,6.0,0,53,1,74,15,No,6,7,10.4,13.6,10000.25,20.3,0,0,0,1,0,0,0,0,0,0,0,0,1,0,0,1,1,0,0,0,0,0,0,0,1,0,0,1,1,0,0,1
47.0,0,1,53670.0,4,5.0,1,39,1,58,1,No,7,10,7.6,0.0,53670.0,4.9,1,0,0,0,0,0,0,1,0,0,0,0,0,0,0,1,0,1,0,0,0,1,0,0,0,0,0,0,1,0,0,1
39.0,1,15,192267.0,3,6.0,1,46,1,37,13,No,7,15,13.5,1.5,12817.8,17.6,0,0,0,1,0,0,0,0,0,0,0,0,1,0,0,1,0,0,0,0,0,0,0,0,1,0,0,1,1,0,1,0
22.0,0,1,57072.0,5,9.0,0,39,1,50,2,No,10,2,1.7,0.0,57072.0,5.9,0,0,0,0,0,0,0,0,0,0,0,0,0,0,0,1,0,0,0,0,1,0,0,0,0,0,0,0,0,1,0,1
42.0,0,4,78520.0,5,7.0,0,54,0,5,3,Yes,8,4,13.0,0.0,19630.0,8.4,0,0,0,0,0,0,1,0,0,0,0,0,0,0,0,0,1,0,0,0,0,0,1,0,0,1,0,0,1,0,0,1
56.0,1,1,66888.0,1,7.0,0,37,1,36,2,No,9,13,8.2,0.0,66888.0,5.7,0,0,1,0,0,0,0,0,0,0,1,0,0,0,0,1,0,0,1,0,0,0,0,0,0,0,0,0,1,0,0,0
41.0,1,4,119197.5,1,8.0,1,45,1,8,4,No,10,8,5.0,0.0,29799.38,8.5,1,0,0,0,0,1,0,0,0,0,0,0,0,0,0,0,0,0,0,0,0,0,1,0,0,1,0,0,0,1,0,0
39.0,0,18,229613.0,5,7.0,0,53,1,39,15,No,7,10,3.9,14.1,12756.28,20.3,0,1,0,0,0,0,0,0,0,0,0,0,0,1,1,0,0,0,0,1,0,1,0,0,1,0,0,1,1,0,0,1
45.0,1,19,189167.0,1,10.0,0,41,0,67,13,No,7,9,0.8,18.2,9956.16,17.1,0,1,0,0,0,0,0,0,0,0,0,0,0,1,1,0,0,0,0,0,0,1,0,0,1,0,0,1,0,1,0,0
42.0,1,20,238713.0,3,4.0,1,55,1,60,8,No,8,0,8.7,11.3,11935.65,13.5,0,1,0,0,0,1,0,0,0,0,0,0,0,0,0,1,0,0,1,0,0,0,0,0,1,0,0,1,0,0,1,0
39.0,0,1,69863.0,5,7.0,0,39,0,7,3,No,10,14,3.9,0.0,69863.0,6.9,0,0,1,0,0,0,0,0,0,0,1,0,0,0,0,0,0,1,0,0,0,0,1,0,0,0,0,0,1,0,0,1
36.0,0,14,187447.0,4,10.0,0,54,1,44,14,No,6,2,12.7,1.3,13389.07,19.4,1,0,0,0,0,0,0,1,0,0,0,0,0,0,0,1,0,0,0,0,1,0,0,0,1,0,0,1,0,1,0,1
34.0,0,8,139739.0,5,7.0,0,47,1,78,8,Yes,10,13,8.8,0.0,17467.38,12.7,0,0,0,0,0,0,0,0,0,0,0,0,0,0,0,1,0,0,0,1,0,1,0,1,0,0,1,0,1,0,0,1
49.0,0,23,243904.0,2,6.0,0,48,0,71,12,No,7,6,13.5,9.5,10604.52,16.8,1,0,0,0,0,0,0,1,0,0,0,0,0,0,0,1,1,0,0,0,0,0,0,0,1,0,0,1,1,0,0,0
22.0,1,1,61535.0,1,5.0,1,37,0,74,3,No,6,4,7.7,0.0,61535.0,6.7,0,0,0,1,0,0,0,0,0,0,0,1,0,0,0,0,0,0,0,0,0,1,0,0,0,0,0,0,1,0,0,0
45.0,1,18,205103.0,2,6.0,1,49,1,65,10,No,5,3,8.9,9.1,11394.61,14.9,1,0,0,0,0,0,0,0,0,1,0,0,0,0,1,0,0,1,0,0,0,1,0,0,1,0,0,1,1,0,0,0
31.0,0,3,71176.0,3,9.0,0,43,1,75,6,No,10,8,0.7,2.3,23725.33,10.3,0,0,1,0,0,0,0,0,1,0,0,0,0,0,1,0,0,0,0,1,0,1,1,0,0,1,0,0,0,1,1,0
38.0,0,14,191140.0,5,7.0,1,37,0,31,11,Yes,8,14,14.5,0.0,13652.86,14.7,0,0,0,1,0,0,0,0,0,0,0,0,1,0,1,0,0,0,0,0,1,0,0,0,1,0,0,1,1,0,0,1
42.0,1,19,198443.0,2,6.0,1,52,0,75,14,No,7,14,9.4,9.6,10444.37,19.2,0,0,0,0,0,0,0,0,0,0,0,0,0,0,0,0,0,0,0,0,0,0,0,0,1,0,0,1,1,0,0,0
31.0,0,10,109891.0,5,8.0,1,38,1,8,7,Yes,7,10,8.4,1.6,10989.1,10.8,1,0,0,0,0,0,0,1,0,0,0,0,0,0,1,0,0,0,0,0,1,1,1,0,0,0,1,0,0,1,0,1
31.0,1,10,101740.0,1,7.0,1,47,1,11,9,No,7,14,0.7,9.3,10174.0,13.7,0,0,1,0,0,0,0,0,1,0,0,0,0,0,0,0,0,0,0,0,0,1,1,0,0,0,1,0,1,0,0,0
52.0,0,9,114673.0,5,8.0,0,48,0,10,8,Yes,9,7,2.2,6.8,12741.44,12.8,1,0,0,0,0,0,0,1,0,0,0,0,0,0,1,0,0,0,0,0,0,1,1,0,0,0,1,0,0,1,0,1
42.0,1,16,175035.0,3,8.0,1,49,0,61,13,No,9,7,13.5,2.5,10939.69,17.9,0,0,0,1,0,0,0,0,0,0,0,0,1,0,0,1,0,0,0,0,1,1,0,1,0,0,0,1,0,1,1,0
