Employee_ID,Age,Gender,Department,Job_Role,Experience,Education,Salary,Performance_Score,Job_Satisfaction,Overtime,Work_Hours,Remote_Work,Training_Hours,Projects,Promotion_Last_5Yrs,Joining_Date,Attrition,City,Employment_Type,Manager_Rating,Sick_Leaves
1,40,Male,Sales,Sales Manager,3,Master,94113,5,6,Yes,46,No,70,5,No,2011-12-21,No,Rawalpindi,Contract,5,6
2,39,Female,Sales,Sales Manager,2,Master,54224,4,9,No,36,No,33,3,Yes,2015-09-20,No,Islamabad,Full-Time,4,4
3,49,Male,Finance,Financial Analyst,25,Master,166749,2,6,No,48,Yes,75,12,No,2014-12-10,No,Islamabad,Full-Time,8,2
4,54,Female,Marketing,Marketing Specialist,26,Bachelor,196590,5,4,Yes,51,Yes,64,12,No,2022-08-23,Yes,Rawalpindi,Contract,4,5
5,41,Female,IT,Data Analyst,18,PhD,231764,3,8,Yes,40,Yes,15,12,No,2021-09-29,No,Rawalpindi,Contract,10,8
6,56,Male,IT,Data Analyst,0,Master,45627,4,8,No,47,No,51,3,Yes,2024-12-23,No,Karachi,Full-Time,7,12
7,22,Male,HR,HR Executive,0,Bachelor,68148,2,3,Yes,55,Yes,60,1,No,2012-11-24,Yes,Peshawar,Full-Time,7,6
8,52,Female,Sales,Sales Executive,1,Bachelor,64208,4,4,Yes,50,No,79,3,No,2017-12-03,No,Lahore,Full-Time,7,7
9,43,Male,Sales,Sales Executive,3,PhD,83621,5,9,No,52,Yes,67,6,No,2012-01-16,No,Peshawar,Contract,8,12
10,55,Male,HR,HR Executive,27,PhD,185107,4,7,No,50,No,60,14,No,2014-11-15,No,Islamabad,Full-Time,4,0
11,44,Female,HR,Recruiter,7,PhD,139459,2,10,No,47,No,65,9,No,2019-03-05,No,Lahore,Contract,6,5
12,27,Female,HR,Recruiter,1,Bachelor,59849,1,10,No,48,No,35,2,No,2011-12-29,No,Lahore,Full-Time,10,6
13,44,Female,IT,Software Engineer,11,PhD,215991,1,6,Yes,48,Yes,20,8,No,2014-07-30,No,Lahore,Full-Time,6,7
14,44,Male,Finance,Financial Analyst,17,Master,242589,4,7,Yes,49,Yes,18,8,Yes,2021-05-05,No,Lahore,Full-Time,10,1
15,35,Female,HR,HR Executive,2,PhD,64968,4,3,Yes,38,No,47,3,Yes,2019-10-08,Yes,Islamabad,Contract,9,4
16,37,Female,Sales,Sales Executive,10,Master,105585,3,7,No,48,Yes,24,8,No,2014-11-25,No,Faisalabad,Full-Time,9,13
17,48,Female,HR,Recruiter,14,PhD,153901,2,6,Yes,35,Yes,48,15,No,2020-06-07,No,Peshawar,Contract,10,10
18,25,Female,HR,Recruiter,0,PhD,69573,1,8,No,51,No,56,3,No,2023-09-26,No,Peshawar,Full-Time,9,9
19,39,Male,Finance,Accountant,12,Master,221358,3,6,No,55,Yes,43,15,No,2011-09-10,No,Peshawar,Full-Time,10,2
20,46,Male,Marketing,SEO Executive,16,PhD,162166,5,4,Yes,55,Yes,8,12,No,2023-09-07,No,Islamabad,Full-Time,6,8
21,25,Female,Sales,Sales Executive,2,PhD,44057,1,8,Yes,44,No,48,1,No,2022-01-25,No,Faisalabad,Contract,7,7
22,44,Female,Marketing,Marketing Specialist,9,PhD,146815,5,5,Yes,42,No,71,9,No,2016-09-12,No,Peshawar,Full-Time,9,6
23,49,Female,IT,Software Engineer,2,Bachelor,69114,4,7,Yes,49,No,72,1,No,2013-12-04,No,Karachi,Contract,5,12
24,49,Female,Finance,Financial Analyst,22,Master,171344,5,7,No,50,Yes,70,10,No,2025-12-14,No,Peshawar,Contract,5,3
25,32,Female,Sales,Sales Executive,1,PhD,43960,5,5,Yes,36,Yes,52,2,No,2016-08-23,No,Rawalpindi,Full-Time,6,9
26,23,Male,Finance,Financial Analyst,0,PhD,69302,3,6,No,40,Yes,20,2,No,2012-12-26,No,Rawalpindi,Full-Time,5,11
27,52,Female,IT,Data Analyst,28,Master,244376,2,8,No,55,No,62,10,No,2013-01-16,No,Rawalpindi,Contract,8,4
28,48,Female,IT,DevOps Engineer,7,Master,143938,3,7,Yes,37,Yes,78,9,No,2024-04-22,No,Islamabad,Full-Time,9,9
29,57,Male,IT,DevOps Engineer,12,PhD,224743,4,4,Yes,35,Yes,7,11,Yes,2020-08-25,No,Faisalabad,Full-Time,8,8
30,27,Female,Marketing,SEO Executive,3,PhD,98245,3,9,No,40,Yes,72,3,No,2023-09-14,No,Karachi,Contract,7,10
31,29,Male,Finance,Accountant,8,Bachelor,111971,1,7,No,44,Yes,12,8,No,2022-07-17,No,Islamabad,Full-Time,5,10
32,25,Female,IT,DevOps Engineer,3,Bachelor,83527,3,6,Yes,38,Yes,35,5,No,2019-08-21,No,Islamabad,Full-Time,7,7
33,29,Female,Marketing,SEO Executive,0,Master,42144,1,4,Yes,55,Yes,39,2,No,2026-03-11,No,Rawalpindi,Contract,7,3
34,58,Female,HR,Recruiter,28,Bachelor,168660,5,9,No,42,No,10,13,No,2017-04-09,No,Peshawar,Full-Time,5,0
35,25,Female,HR,HR Executive,2,PhD,51515,2,8,No,51,Yes,25,3,No,2019-11-16,No,Islamabad,Contract,8,2
36,29,Male,IT,Data Analyst,8,Master,140006,3,8,No,45,No,39,10,No,2024-01-14,No,Rawalpindi,Full-Time,9,7
37,51,Female,Finance,Accountant,0,PhD,59948,1,6,No,40,No,55,2,No,2020-11-14,No,Lahore,Full-Time,4,2
38,50,Male,Marketing,Marketing Specialist,11,Master,200692,1,7,No,49,Yes,61,10,No,2024-07-09,No,Faisalabad,Contract,4,0
39,44,Male,IT,Data Analyst,2,PhD,66490,2,10,No,50,Yes,40,3,No,2020-04-03,No,Peshawar,Contract,5,15
40,34,Female,HR,HR Executive,1,Master,45586,2,8,Yes,53,Yes,80,3,No,2022-03-01,No,Faisalabad,Contract,9,4
41,38,Male,IT,Software Engineer,16,PhD,238864,5,8,No,43,Yes,59,8,No,2012-04-13,No,Islamabad,Full-Time,8,1
42,29,Female,Sales,Sales Manager,7,Master,147265,1,7,No,48,No,5,7,No,2015-01-05,No,Faisalabad,Full-Time,6,12
43,58,Male,Finance,Accountant,14,PhD,182765,2,6,Yes,44,Yes,8,11,No,2015-12-08,No,Rawalpindi,Full-Time,6,15
44,43,Female,IT,DevOps Engineer,7,Bachelor,122334,3,7,Yes,42,No,17,6,No,2012-10-16,No,Rawalpindi,Full-Time,8,14
45,25,Male,IT,Software Engineer,3,Master,95645,1,3,Yes,49,No,60,4,No,2015-02-01,No,Peshawar,Full-Time,10,2
46,25,Female,IT,DevOps Engineer,3,Master,77638,4,9,No,49,Yes,48,3,No,2013-02-09,No,Karachi,Contract,7,0
47,28,Male,Marketing,Marketing Specialist,0,PhD,59427,5,10,No,55,No,58,1,No,2015-10-07,No,Peshawar,Full-Time,5,15
48,30,Male,HR,HR Executive,0,Bachelor,56814,3,7,Yes,53,Yes,65,3,No,2021-02-16,No,Islamabad,Contract,6,9
49,45,Male,Finance,Financial Analyst,16,PhD,157512,5,4,Yes,52,No,49,11,Yes,2017-01-24,Yes,Peshawar,Full-Time,10,6
50,52,Female,Finance,Accountant,21,PhD,230753,4,4,Yes,40,No,10,12,Yes,2017-02-23,No,Faisalabad,Contract,6,15
51,51,Male,HR,HR Executive,7,Master,148501,2,5,Yes,40,No,6,9,No,2014-09-26,No,Peshawar,Contract,7,2
52,29,Male,IT,DevOps Engineer,4,Master,71438,2,5,Yes,44,Yes,38,3,No,2015-08-07,No,Lahore,Contract,5,5
53,33,Male,Marketing,Marketing Specialist,0,Bachelor,40687,2,6,Yes,55,No,31,3,No,2025-08-23,No,Islamabad,Full-Time,7,9
54,45,Male,HR,Recruiter,16,PhD,165531,2,7,Yes,41,No,52,10,No,2021-04-25,No,Rawalpindi,Full-Time,10,10
55,24,Male,Sales,Sales Executive,2,Bachelor,41745,3,10,No,39,Yes,15,3,No,2020-09-24,No,Islamabad,Full-Time,10,15
56,54,Female,IT,Software Engineer,32,Master,173461,3,10,No,50,No,39,13,No,2014-02-28,No,Rawalpindi,Contract,8,12
57,36,Male,IT,Software Engineer,14,Bachelor,190107,4,7,No,40,No,75,14,Yes,2022-07-13,No,Rawalpindi,Full-Time,8,2
58,55,Female,Finance,Financial Analyst,14,PhD,217143,4,8,No,49,No,52,13,No,2014-01-17,No,Karachi,Contract,7,15
59,33,Female,Sales,Sales Executive,3,Master,81766,3,3,Yes,51,No,34,3,No,2017-04-15,Yes,Peshawar,Full-Time,10,3
60,56,Male,Finance,Accountant,21,Bachelor,182771,3,5,Yes,54,No,6,12,No,2026-06-09,No,Peshawar,Contract,5,9
61,47,Male,Finance,Financial Analyst,15,PhD,202101,2,9,No,41,Yes,71,11,No,2021-03-12,No,Faisalabad,Full-Time,9,14
62,42,Male,Finance,Accountant,13,PhD,207498,5,6,Yes,46,Yes,44,15,No,2019-12-13,No,Rawalpindi,Full-Time,4,0
63,48,Female,Finance,Accountant,21,Master,192739,5,6,Yes,36,Yes,47,8,Yes,2021-11-12,No,Peshawar,Contract,10,12
64,56,Female,Sales,Sales Executive,12,Master,224647,3,3,Yes,40,Yes,9,15,No,2024-03-27,Yes,Karachi,Contract,4,15
65,46,Female,HR,HR Executive,6,Bachelor,129796,3,4,Yes,35,No,57,6,No,2023-03-27,Yes,Islamabad,Full-Time,8,12
66,52,Male,HR,Recruiter,24,Bachelor,190600,4,8,No,54,Yes,69,14,Yes,2015-01-11,No,Lahore,Full-Time,5,14
67,50,Male,IT,Software Engineer,26,Master,218925,5,9,No,49,Yes,16,13,No,2012-01-28,No,Faisalabad,Full-Time,7,9
68,33,Female,Finance,Financial Analyst,3,Bachelor,85002,2,4,Yes,53,No,10,6,No,2016-04-29,Yes,Faisalabad,Contract,9,7
69,26,Male,Marketing,SEO Executive,3,Master,82082,1,7,No,45,No,26,3,No,2015-08-11,No,Faisalabad,Full-Time,8,8
70,51,Male,Marketing,Marketing Specialist,2,PhD,52489,4,6,No,41,Yes,6,2,Yes,2014-10-04,No,Peshawar,Contract,10,8
71,53,Female,Finance,Financial Analyst,4,Bachelor,93382,2,4,Yes,43,Yes,7,6,No,2025-09-27,Yes,Faisalabad,Full-Time,7,3
72,47,Male,IT,DevOps Engineer,2,PhD,45029,3,8,Yes,41,Yes,61,2,No,2024-09-27,No,Karachi,Contract,5,1
73,46,Female,Marketing,Marketing Specialist,14,Bachelor,156378,2,6,Yes,46,Yes,16,14,No,2016-04-25,No,Faisalabad,Full-Time,5,0
74,43,Male,IT,Software Engineer,21,PhD,162661,2,7,Yes,48,No,46,10,No,2021-06-05,No,Karachi,Full-Time,4,6
75,49,Male,HR,Recruiter,7,Bachelor,121192,1,9,No,55,Yes,54,7,No,2017-07-12,No,Karachi,Contract,7,6
76,39,Female,HR,HR Executive,1,Bachelor,49880,4,8,Yes,52,No,17,3,No,2025-04-24,No,Lahore,Contract,4,10
77,33,Female,HR,Recruiter,10,Master,101156,5,7,Yes,47,Yes,34,10,Yes,2018-06-24,No,Karachi,Contract,7,0
78,49,Male,Finance,Accountant,19,Bachelor,199089,3,10,No,39,Yes,9,15,No,2015-07-27,No,Karachi,Full-Time,5,7
79,30,Female,Sales,Sales Manager,5,PhD,91235,1,7,No,45,Yes,31,5,No,2015-04-18,No,Karachi,Contract,5,1
80,55,Female,HR,Recruiter,11,Master,158469,1,4,Yes,36,Yes,21,15,No,2020-01-06,No,Peshawar,Full-Time,5,2
81,37,Male,Marketing,Marketing Specialist,13,PhD,171516,2,8,Yes,40,No,41,11,No,2015-07-15,No,Rawalpindi,Contract,7,14
82,52,Male,HR,Recruiter,23,Master,211697,4,9,No,54,Yes,66,15,No,2020-05-12,No,Rawalpindi,Full-Time,8,0
83,60,Male,IT,Data Analyst,35,PhD,199866,3,7,No,44,No,14,15,No,2025-01-23,No,Lahore,Contract,7,10
84,31,Male,Sales,Sales Executive,0,Bachelor,56103,4,9,No,46,No,44,2,Yes,2017-08-02,No,Faisalabad,Contract,7,2
85,58,Male,IT,Data Analyst,12,Master,216795,3,9,No,36,No,36,15,No,2014-11-19,No,Islamabad,Contract,9,7
86,23,Male,IT,Data Analyst,1,PhD,48332,5,6,Yes,40,Yes,16,1,Yes,2026-07-23,No,Rawalpindi,Full-Time,8,12
87,49,Male,Marketing,Marketing Specialist,26,Master,215620,5,4,Yes,48,Yes,78,14,No,2019-03-28,No,Islamabad,Contract,6,11
88,41,Male,HR,Recruiter,5,Master,72288,5,8,No,55,No,26,6,Yes,2012-12-16,No,Karachi,Full-Time,7,5
89,53,Male,HR,HR Executive,32,Bachelor,174331,1,8,Yes,40,No,57,11,No,2012-04-20,No,Rawalpindi,Full-Time,9,14
90,32,Male,Marketing,Marketing Specialist,4,Bachelor,79068,3,3,Yes,53,No,67,3,No,2013-03-28,Yes,Rawalpindi,Full-Time,4,3
91,59,Male,Finance,Accountant,6,Bachelor,124619,5,8,No,43,No,48,10,No,2021-01-02,No,Faisalabad,Full-Time,10,13
92,37,Female,Finance,Financial Analyst,12,Master,196665,1,10,No,49,Yes,8,13,No,2023-06-23,No,Faisalabad,Full-Time,4,3
93,45,Female,Finance,Accountant,19,PhD,217490,2,8,No,55,Yes,51,14,No,2017-12-05,No,Peshawar,Contract,4,1
94,60,Female,Sales,Sales Executive,25,PhD,195656,4,10,No,38,No,29,14,Yes,2012-07-19,No,Faisalabad,Full-Time,9,4
95,27,Female,HR,Recruiter,6,PhD,111013,1,8,Yes,52,Yes,32,9,No,2017-04-26,No,Faisalabad,Contract,7,5
96,49,Male,IT,Software Engineer,5,Master,77221,4,4,Yes,38,No,16,5,Yes,2026-07-15,No,Rawalpindi,Contract,9,10
97,46,Female,Finance,Financial Analyst,25,Bachelor,165163,1,7,No,37,Yes,19,12,No,2019-07-14,No,Lahore,Contract,4,11
98,58,Male,Finance,Financial Analyst,19,Bachelor,200875,3,3,Yes,46,Yes,18,14,No,2026-02-28,No,Faisalabad,Full-Time,10,12
99,31,Female,Sales,Sales Manager,3,Master,74830,2,8,No,36,No,69,5,No,2024-07-04,No,Peshawar,Contract,9,3
100,35,Female,Marketing,SEO Executive,4,PhD,96548,2,8,Yes,41,Yes,27,5,No,2011-10-07,No,Rawalpindi,Full-Time,10,15
101,32,Male,Sales,Sales Manager,8,Master,144426,3,8,No,47,Yes,72,9,No,2022-05-28,No,Islamabad,Contract,10,9
102,28,Male,HR,Recruiter,5,PhD,84992,5,7,No,49,No,23,4,Yes,2021-10-27,No,Karachi,Contract,5,6
103,58,Male,IT,Data Analyst,9,Master,103691,3,7,Yes,40,Yes,70,6,No,2019-08-26,No,Rawalpindi,Full-Time,7,10
104,47,Male,Sales,Sales Executive,1,Bachelor,56011,5,8,No,55,Yes,64,2,No,2015-08-06,No,Lahore,Contract,5,12
105,29,Male,Finance,Accountant,1,Bachelor,40754,5,9,No,50,Yes,80,3,No,2021-03-17,No,Rawalpindi,Full-Time,8,5
106,58,Male,Sales,Sales Manager,6,Master,126563,4,7,No,52,Yes,71,6,Yes,2013-04-08,No,Karachi,Full-Time,8,3
107,22,Female,HR,HR Executive,1,Bachelor,58844,2,10,No,52,Yes,15,1,No,2018-02-12,No,Karachi,Full-Time,4,3
108,56,Male,Finance,Financial Analyst,27,PhD,189400,5,8,No,44,Yes,78,8,No,2018-05-26,No,Karachi,Full-Time,10,15
109,28,Male,Marketing,Marketing Specialist,3,Bachelor,79820,2,8,Yes,52,No,40,4,No,2025-11-25,No,Lahore,Full-Time,8,4
110,26,Female,Marketing,SEO Executive,2,Master,53109,1,8,Yes,48,Yes,14,2,No,2024-09-24,No,Peshawar,Full-Time,6,8
111,58,Male,HR,Recruiter,26,Bachelor,199668,5,10,No,37,Yes,73,8,No,2015-07-19,No,Islamabad,Contract,5,3
112,27,Female,IT,Data Analyst,2,Master,48966,1,10,No,42,Yes,20,1,No,2019-02-07,No,Lahore,Full-Time,7,5
113,28,Female,Finance,Financial Analyst,4,PhD,99378,2,6,Yes,47,No,73,3,No,2014-04-10,No,Islamabad,Full-Time,6,12
114,38,Male,Marketing,Marketing Specialist,16,PhD,168700,5,8,Yes,43,No,36,14,No,2025-04-14,No,Lahore,Full-Time,9,13
115,44,Female,HR,Recruiter,16,Master,218235,3,6,No,37,No,45,11,No,2024-08-26,No,Islamabad,Contract,9,2
116,37,Male,IT,DevOps Engineer,5,PhD,94360,5,10,No,35,Yes,66,5,Yes,2016-01-27,No,Karachi,Full-Time,7,15
117,34,Male,Sales,Sales Executive,11,Master,182011,5,4,Yes,40,Yes,14,8,No,2021-03-06,Yes,Peshawar,Contract,7,11
118,46,Male,Sales,Sales Manager,11,Bachelor,220663,3,10,No,50,No,32,9,No,2020-09-23,No,Islamabad,Full-Time,6,0
119,41,Male,Sales,Sales Executive,14,PhD,196628,5,8,No,45,No,18,8,Yes,2013-11-20,No,Rawalpindi,Full-Time,7,0
120,22,Male,Sales,Sales Manager,1,Master,57337,2,7,No,38,Yes,24,3,No,2023-01-12,No,Lahore,Full-Time,7,8
121,45,Female,Sales,Sales Manager,11,Master,164246,4,7,No,39,No,5,15,Yes,2019-09-08,No,Lahore,Contract,5,11
122,24,Male,HR,Recruiter,3,Master,99523,2,9,No,41,No,20,3,No,2023-04-11,No,Peshawar,Contract,9,13
123,30,Female,Marketing,SEO Executive,6,PhD,108612,1,8,Yes,35,Yes,49,6,No,2019-07-20,No,Peshawar,Contract,10,0
124,43,Female,HR,HR Executive,19,PhD,212939,3,7,No,37,Yes,24,12,No,2011-08-09,No,Karachi,Contract,7,5
125,38,Male,Finance,Accountant,13,Bachelor,241900,2,6,Yes,53,Yes,20,10,No,2016-06-16,No,Rawalpindi,Full-Time,10,4
126,34,Male,IT,Data Analyst,6,Bachelor,105959,4,9,No,51,Yes,33,6,No,2011-11-20,No,Faisalabad,Full-Time,7,10
127,49,Male,IT,DevOps Engineer,9,Bachelor,118386,4,3,Yes,45,Yes,10,8,No,2025-07-13,Yes,Islamabad,Contract,5,0
128,39,Male,Finance,Financial Analyst,13,Bachelor,197655,3,8,Yes,38,Yes,47,13,No,2024-10-10,No,Islamabad,Contract,4,11
129,37,Female,Finance,Financial Analyst,6,PhD,106970,5,3,Yes,36,Yes,62,7,No,2024-01-26,Yes,Rawalpindi,Full-Time,4,3
130,56,Male,Sales,Sales Executive,2,Bachelor,58038,3,9,No,52,No,62,3,No,2016-03-16,No,Lahore,Contract,10,3
131,48,Male,IT,Data Analyst,5,PhD,79491,5,7,No,41,No,73,3,No,2012-06-18,No,Islamabad,Full-Time,4,2
132,57,Female,Marketing,SEO Executive,25,PhD,174125,2,5,Yes,41,No,69,8,No,2024-10-06,No,Islamabad,Full-Time,8,8
133,39,Male,HR,Recruiter,5,Bachelor,79563,2,10,No,39,Yes,36,3,No,2025-10-19,No,Karachi,Full-Time,6,6
134,44,Female,IT,Software Engineer,10,Bachelor,147322,4,7,No,44,Yes,6,7,No,2012-11-17,No,Peshawar,Contract,8,11
135,23,Male,HR,Recruiter,2,PhD,61424,5,7,No,41,Yes,46,2,No,2018-11-19,No,Peshawar,Contract,8,8
136,36,Female,HR,Recruiter,11,Bachelor,215006,4,3,Yes,40,No,28,10,No,2012-08-19,Yes,Rawalpindi,Full-Time,5,9
137,60,Male,HR,Recruiter,4,Bachelor,78036,4,6,Yes,51,Yes,17,6,Yes,2023-01-02,No,Karachi,Contract,4,12
138,24,Male,IT,Software Engineer,1,Bachelor,60558,1,4,Yes,35,No,15,3,No,2023-01-31,Yes,Islamabad,Full-Time,10,6
139,32,Female,Marketing,SEO Executive,5,Master,71830,5,3,Yes,35,Yes,74,5,No,2013-07-09,Yes,Lahore,Full-Time,4,9
140,23,Male,IT,Software Engineer,1,Master,61474,2,4,Yes,47,No,26,2,No,2018-09-22,Yes,Lahore,Contract,9,3
141,26,Female,Finance,Financial Analyst,0,Master,59808,2,8,No,51,Yes,59,1,No,2019-11-04,No,Karachi,Full-Time,7,4
142,44,Male,Marketing,SEO Executive,8,Master,117393,1,6,Yes,39,No,23,6,No,2015-07-28,No,Peshawar,Contract,10,12
143,29,Female,Sales,Sales Executive,4,Bachelor,74179,4,10,No,45,No,66,4,No,2024-09-06,No,Karachi,Contract,6,13
144,46,Female,HR,HR Executive,17,Master,219792,4,8,No,53,Yes,16,11,Yes,2017-12-10,No,Faisalabad,Contract,4,7
145,45,Female,HR,HR Executive,4,Bachelor,81824,3,6,No,39,Yes,31,4,No,2014-10-09,No,Karachi,Contract,7,7
146,31,Female,HR,HR Executive,0,PhD,41772,1,4,Yes,53,No,25,3,No,2019-09-07,Yes,Rawalpindi,Contract,9,0
147,37,Male,HR,HR Executive,0,PhD,65081,4,9,No,39,No,57,1,Yes,2022-07-18,No,Rawalpindi,Full-Time,9,10
148,31,Male,Finance,Accountant,10,Bachelor,132983,1,7,No,48,No,78,7,No,2014-08-12,No,Faisalabad,Full-Time,7,9
149,39,Male,Sales,Sales Executive,16,Master,202481,2,8,Yes,40,No,66,8,No,2016-04-08,No,Lahore,Full-Time,7,10
150,32,Male,Sales,Sales Manager,5,PhD,78844,1,7,No,46,Yes,35,3,No,2026-07-10,No,Rawalpindi,Full-Time,4,9
151,26,Male,Marketing,Marketing Specialist,4,Bachelor,88077,1,3,Yes,43,Yes,77,4,No,2021-05-05,Yes,Islamabad,Full-Time,5,15
152,41,Male,Finance,Accountant,11,Master,191218,3,10,No,38,No,69,14,No,2018-03-02,No,Rawalpindi,Full-Time,5,3
153,59,Female,HR,HR Executive,30,PhD,171131,4,8,Yes,55,Yes,32,10,Yes,2019-05-11,No,Karachi,Contract,4,4
154,50,Male,Marketing,SEO Executive,10,Master,102622,2,3,Yes,54,Yes,77,9,No,2013-05-29,Yes,Islamabad,Contract,5,15
155,57,Male,HR,Recruiter,31,Bachelor,172245,2,7,No,43,No,16,12,No,2014-12-19,No,Rawalpindi,Contract,4,2
156,52,Female,Sales,Sales Manager,28,PhD,224545,1,8,No,44,No,21,15,No,2016-08-31,No,Lahore,Full-Time,6,14
157,45,Male,Marketing,SEO Executive,21,Master,184449,5,5,Yes,36,Yes,24,8,No,2020-06-02,No,Faisalabad,Contract,9,3
158,26,Male,HR,Recruiter,3,Master,81433,4,6,No,52,Yes,15,6,No,2015-01-17,No,Peshawar,Full-Time,9,5
159,47,Female,Sales,Sales Executive,2,Master,46967,4,9,No,43,Yes,74,3,Yes,2014-11-24,No,Islamabad,Contract,4,4
160,58,Male,HR,Recruiter,24,Bachelor,212050,1,6,No,35,No,37,11,No,2012-08-28,No,Islamabad,Contract,5,5
161,39,Female,HR,HR Executive,2,Master,68550,5,5,Yes,43,Yes,16,2,No,2021-01-22,No,Peshawar,Contract,5,13
162,44,Female,HR,HR Executive,15,Master,241316,3,6,No,53,Yes,76,14,No,2015-01-11,No,Faisalabad,Full-Time,9,6
163,42,Female,Marketing,Marketing Specialist,0,Bachelor,56365,1,9,No,48,Yes,62,2,No,2025-03-05,No,Rawalpindi,Full-Time,10,4
164,24,Male,Marketing,Marketing Specialist,1,Master,59691,2,3,Yes,41,Yes,52,2,No,2024-06-27,Yes,Peshawar,Full-Time,6,11
165,53,Female,Finance,Accountant,26,Master,221102,5,5,Yes,45,Yes,63,14,Yes,2012-08-28,No,Islamabad,Contract,10,13
166,56,Female,Marketing,Marketing Specialist,24,Master,233113,5,7,Yes,38,Yes,16,12,No,2015-03-02,No,Peshawar,Contract,10,0
167,56,Male,IT,Data Analyst,28,PhD,237518,4,9,No,42,No,19,12,Yes,2021-08-18,No,Faisalabad,Full-Time,5,6
168,48,Female,Finance,Financial Analyst,0,Master,48769,3,3,Yes,48,Yes,58,3,No,2014-10-22,Yes,Lahore,Contract,6,1
169,55,Female,HR,Recruiter,21,Bachelor,181697,2,7,No,55,Yes,78,14,No,2013-07-30,No,Faisalabad,Contract,8,13
170,47,Female,Sales,Sales Executive,16,Bachelor,163051,5,8,No,55,No,75,10,Yes,2025-08-17,No,Rawalpindi,Full-Time,4,5
171,23,Female,IT,Software Engineer,0,PhD,40911,5,8,No,53,Yes,21,3,Yes,2020-02-28,No,Faisalabad,Full-Time,4,14
172,41,Male,HR,HR Executive,17,Bachelor,184141,3,7,Yes,39,Yes,19,8,No,2018-09-07,No,Peshawar,Contract,4,14
173,31,Female,IT,Software Engineer,4,Bachelor,86195,2,9,No,38,Yes,57,5,No,2023-05-13,No,Karachi,Full-Time,7,2
174,48,Female,IT,Software Engineer,10,PhD,111783,1,6,Yes,53,Yes,48,8,No,2023-09-16,No,Rawalpindi,Full-Time,5,11
175,32,Female,Marketing,Marketing Specialist,1,Bachelor,57562,5,3,Yes,39,No,19,1,No,2014-06-14,Yes,Faisalabad,Full-Time,8,6
176,30,Female,HR,HR Executive,4,Master,81421,4,7,No,50,No,29,5,Yes,2013-01-18,No,Lahore,Full-Time,9,8
177,28,Female,Finance,Financial Analyst,2,Bachelor,54203,4,7,No,43,Yes,54,2,No,2018-01-22,No,Peshawar,Contract,8,13
178,50,Male,Finance,Accountant,28,Bachelor,226922,3,7,No,55,No,8,14,No,2017-12-12,No,Faisalabad,Contract,8,3
179,33,Female,Finance,Financial Analyst,3,Bachelor,82188,3,9,No,35,Yes,47,4,No,2018-08-07,No,Lahore,Contract,4,6
180,36,Male,Marketing,SEO Executive,12,Master,219109,1,5,Yes,43,No,60,11,No,2022-07-13,No,Faisalabad,Full-Time,8,10
181,25,Female,HR,HR Executive,3,Bachelor,73907,4,8,No,54,No,35,3,Yes,2021-09-11,No,Islamabad,Contract,5,0
182,51,Female,Marketing,Marketing Specialist,4,Master,81055,1,8,No,38,No,40,3,No,2026-05-11,No,Karachi,Full-Time,7,10
183,57,Female,Sales,Sales Executive,31,PhD,189117,4,4,Yes,55,No,18,15,Yes,2013-01-26,Yes,Karachi,Contract,10,0
184,42,Female,HR,HR Executive,7,Bachelor,147455,5,8,No,36,Yes,19,8,Yes,2017-08-19,No,Karachi,Full-Time,4,1
185,46,Female,Finance,Financial Analyst,22,Bachelor,165715,3,10,No,39,No,20,10,No,2016-09-07,No,Lahore,Contract,10,7
186,39,Female,Sales,Sales Manager,15,Bachelor,188828,3,3,Yes,42,Yes,14,9,No,2024-07-09,Yes,Karachi,Contract,8,15
187,35,Female,IT,DevOps Engineer,13,Master,163701,2,10,No,53,No,63,13,No,2015-04-29,No,Lahore,Contract,10,4
188,36,Female,IT,Software Engineer,12,Master,202455,1,4,Yes,48,No,78,11,No,2014-06-13,Yes,Faisalabad,Full-Time,6,3
189,29,Male,IT,DevOps Engineer,0,Master,40936,5,8,No,46,Yes,75,2,No,2018-04-28,No,Lahore,Contract,7,2
190,47,Female,HR,HR Executive,16,Master,185728,1,7,No,55,No,29,13,No,2017-12-03,No,Karachi,Contract,4,9
191,60,Female,Sales,Sales Executive,33,PhD,164311,2,4,Yes,42,Yes,9,8,No,2015-10-10,Yes,Rawalpindi,Contract,4,8
192,39,Male,Marketing,Marketing Specialist,12,Master,178821,4,8,Yes,40,No,41,12,Yes,2015-05-05,No,Rawalpindi,Full-Time,5,9
193,54,Female,IT,Software Engineer,19,PhD,191302,2,9,No,45,Yes,6,9,No,2025-06-11,No,Lahore,Full-Time,5,15
194,33,Female,Finance,Accountant,1,Bachelor,59464,4,6,No,35,Yes,65,2,Yes,2018-03-29,No,Peshawar,Full-Time,8,3
195,36,Male,Marketing,SEO Executive,4,Bachelor,96341,4,9,No,46,No,37,5,Yes,2024-07-07,No,Karachi,Contract,7,11
196,43,Female,Finance,Financial Analyst,3,Master,74846,2,10,No,39,No,8,6,No,2019-11-07,No,Peshawar,Full-Time,9,7
197,35,Male,Sales,Sales Manager,3,Master,78975,5,8,No,43,No,55,6,No,2012-05-09,No,Peshawar,Full-Time,5,13
198,59,Female,HR,HR Executive,7,Master,118901,1,10,No,39,Yes,71,6,No,2026-08-02,No,Rawalpindi,Contract,7,9
199,41,Female,Marketing,Marketing Specialist,9,Bachelor,129744,2,3,Yes,53,Yes,67,6,No,2024-02-19,Yes,Islamabad,Full-Time,6,9
200,25,Female,Finance,Accountant,1,Master,42818,3,6,No,41,Yes,42,3,No,2026-02-17,No,Islamabad,Full-Time,5,7
201,37,Female,Sales,Sales Manager,13,Master,189586,2,7,No,48,Yes,30,12,No,2025-06-28,No,Karachi,Contract,8,8
202,41,Female,Sales,Sales Executive,2,Master,57885,4,8,Yes,48,Yes,72,1,No,2024-04-29,No,Faisalabad,Contract,10,14
203,51,Female,Marketing,SEO Executive,13,Master,210461,5,7,Yes,48,Yes,43,8,No,2014-02-02,No,Rawalpindi,Contract,4,7
204,25,Female,HR,Recruiter,1,Master,55165,4,5,Yes,36,Yes,39,3,Yes,2018-11-17,No,Peshawar,Full-Time,10,3
205,43,Male,Finance,Financial Analyst,3,PhD,92989,5,8,No,52,Yes,33,4,No,2014-10-20,No,Faisalabad,Full-Time,5,4
206,34,Male,IT,Data Analyst,1,Bachelor,57033,2,9,No,38,Yes,69,1,No,2017-08-11,No,Lahore,Full-Time,5,14
207,41,Female,IT,Software Engineer,15,Bachelor,230315,5,8,Yes,48,Yes,28,15,Yes,2012-06-22,No,Lahore,Contract,4,4
208,52,Female,HR,HR Executive,18,Master,227170,3,9,No,43,No,18,15,No,2017-04-12,No,Peshawar,Full-Time,9,14
209,23,Female,Sales,Sales Executive,1,Bachelor,40361,3,9,No,55,Yes,50,3,No,2026-05-17,No,Faisalabad,Contract,4,4
210,22,Male,Sales,Sales Manager,1,PhD,51430,5,8,Yes,51,Yes,24,3,No,2015-07-29,No,Faisalabad,Full-Time,7,11
211,39,Female,Sales,Sales Executive,12,Bachelor,199351,5,10,No,40,Yes,46,15,No,2023-05-10,No,Peshawar,Contract,9,11
212,23,Male,IT,Software Engineer,0,Bachelor,56365,4,6,Yes,42,Yes,27,3,Yes,2018-06-02,No,Peshawar,Full-Time,6,12
213,38,Male,IT,DevOps Engineer,1,PhD,65013,5,6,Yes,35,No,18,2,Yes,2017-12-09,No,Karachi,Contract,9,14
214,34,Female,Marketing,Marketing Specialist,7,Master,114778,2,8,Yes,51,Yes,79,7,No,2025-12-15,No,Peshawar,Contract,7,0
215,24,Male,IT,Software Engineer,0,Master,51164,5,5,Yes,41,No,69,1,Yes,2026-07-11,No,Rawalpindi,Full-Time,7,11
216,49,Female,IT,Data Analyst,27,Bachelor,166671,1,3,Yes,50,Yes,74,12,No,2019-12-07,Yes,Faisalabad,Full-Time,4,10
217,46,Female,Finance,Financial Analyst,2,Bachelor,57511,2,10,No,51,No,12,3,No,2022-05-16,No,Islamabad,Full-Time,10,3
218,23,Male,Sales,Sales Manager,1,Master,50962,2,6,No,52,Yes,35,1,No,2013-12-01,No,Islamabad,Full-Time,5,15
219,44,Male,Marketing,Marketing Specialist,13,PhD,222276,2,8,Yes,36,Yes,68,15,No,2016-01-17,No,Peshawar,Full-Time,6,7
220,52,Female,Finance,Financial Analyst,14,Bachelor,175712,1,6,Yes,50,No,53,14,No,2026-02-15,No,Karachi,Full-Time,8,4
221,29,Female,Sales,Sales Executive,1,PhD,46345,4,4,Yes,42,Yes,80,2,No,2020-04-13,No,Islamabad,Contract,4,0
222,22,Male,Marketing,Marketing Specialist,0,Bachelor,54370,3,10,No,45,Yes,42,1,No,2019-09-23,No,Karachi,Full-Time,4,4
223,29,Male,Sales,Sales Manager,1,Master,56217,3,7,No,42,No,51,3,No,2022-10-25,No,Faisalabad,Full-Time,10,9
224,42,Male,Marketing,SEO Executive,1,Master,49167,2,3,Yes,51,No,75,1,No,2012-06-14,Yes,Rawalpindi,Contract,5,6
225,37,Female,HR,HR Executive,14,Bachelor,154424,3,10,No,47,Yes,12,12,No,2020-05-10,No,Karachi,Contract,8,8
226,23,Female,Sales,Sales Manager,1,Master,46741,2,3,Yes,48,No,9,2,No,2019-02-20,No,Karachi,Full-Time,9,11
227,59,Male,Finance,Financial Analyst,1,Master,68368,1,9,No,38,No,73,2,No,2024-05-21,No,Peshawar,Contract,10,14
228,32,Female,Marketing,SEO Executive,7,PhD,100995,3,6,No,42,No,78,8,No,2013-12-15,No,Lahore,Full-Time,4,12
229,45,Female,Marketing,SEO Executive,21,Master,166293,5,6,No,45,Yes,61,12,No,2026-01-03,No,Peshawar,Full-Time,9,14
230,24,Female,IT,Data Analyst,3,PhD,83389,5,8,No,43,Yes,61,3,No,2012-10-17,No,Faisalabad,Full-Time,4,5
231,30,Male,Finance,Financial Analyst,2,Bachelor,47624,1,6,No,51,No,10,1,No,2014-05-20,No,Faisalabad,Full-Time,5,7
232,23,Female,Finance,Financial Analyst,2,PhD,51459,1,5,Yes,49,Yes,35,1,No,2020-07-09,No,Karachi,Full-Time,8,6
233,48,Male,Marketing,SEO Executive,20,Master,153236,5,8,No,46,No,52,13,Yes,2021-09-21,No,Islamabad,Full-Time,10,15
234,24,Female,HR,Recruiter,1,PhD,59956,3,7,No,51,Yes,53,1,No,2015-02-14,No,Karachi,Full-Time,8,1
235,26,Male,Sales,Sales Executive,4,PhD,87660,5,7,No,36,No,45,3,No,2013-05-23,No,Faisalabad,Contract,10,8
236,37,Female,HR,Recruiter,7,Master,145421,4,8,No,48,Yes,50,7,No,2024-12-12,No,Islamabad,Full-Time,9,2
237,50,Female,Marketing,Marketing Specialist,7,PhD,126713,2,6,No,43,No,45,10,No,2015-04-16,No,Lahore,Full-Time,8,3
238,54,Male,Sales,Sales Manager,31,PhD,209515,2,6,No,48,No,17,8,No,2020-07-06,No,Lahore,Full-Time,4,4
239,32,Male,Sales,Sales Executive,2,PhD,69630,3,5,Yes,47,No,20,2,No,2020-11-19,No,Faisalabad,Contract,5,10
240,24,Male,Marketing,Marketing Specialist,2,Master,64271,3,4,Yes,50,Yes,80,2,No,2017-11-18,Yes,Rawalpindi,Contract,10,2
241,51,Female,Marketing,SEO Executive,10,Master,106350,3,6,Yes,45,No,41,7,No,2020-05-07,No,Lahore,Contract,7,10
242,31,Male,Finance,Accountant,3,Master,88846,1,6,Yes,44,Yes,41,5,No,2019-06-09,No,Faisalabad,Contract,6,8
243,32,Female,Sales,Sales Executive,4,PhD,91837,2,3,Yes,41,Yes,10,5,No,2025-08-13,Yes,Karachi,Full-Time,4,6
244,35,Female,IT,Data Analyst,9,Master,134137,4,5,Yes,38,No,60,7,Yes,2014-08-29,No,Peshawar,Contract,6,15
245,29,Female,HR,Recruiter,1,PhD,50718,5,9,No,43,Yes,45,1,Yes,2022-05-04,No,Lahore,Full-Time,6,1
246,34,Male,Marketing,SEO Executive,10,PhD,108970,4,6,Yes,42,No,65,10,Yes,2015-03-05,No,Karachi,Full-Time,10,4
247,30,Male,Sales,Sales Manager,1,PhD,40104,1,8,Yes,52,Yes,9,2,No,2017-07-13,No,Peshawar,Full-Time,7,13
248,59,Male,Finance,Financial Analyst,22,Master,189334,3,8,No,50,No,50,11,No,2021-09-02,No,Faisalabad,Full-Time,9,15
249,29,Female,IT,Software Engineer,6,Master,143412,1,7,No,49,Yes,49,9,No,2016-02-04,No,Islamabad,Full-Time,5,12
250,60,Female,Sales,Sales Manager,15,Bachelor,216517,4,9,No,52,No,45,11,No,2016-05-03,No,Islamabad,Contract,4,13
251,38,Male,Sales,Sales Manager,8,Master,122271,3,8,Yes,48,Yes,73,6,No,2022-11-15,No,Peshawar,Full-Time,7,6
252,43,Male,IT,DevOps Engineer,19,PhD,199700,3,5,Yes,52,Yes,71,9,No,2012-09-06,No,Karachi,Full-Time,6,6
253,32,Female,Marketing,Marketing Specialist,11,Bachelor,199005,4,7,Yes,52,Yes,9,13,Yes,2018-06-20,No,Islamabad,Full-Time,5,0
254,53,Male,Marketing,SEO Executive,10,Master,115073,1,6,No,38,No,21,7,No,2026-07-28,No,Islamabad,Full-Time,6,8
255,54,Female,IT,Software Engineer,1,Bachelor,43131,5,7,Yes,47,No,46,3,Yes,2026-07-15,No,Peshawar,Full-Time,10,13
256,51,Male,Finance,Financial Analyst,3,Master,82339,4,10,No,42,No,66,5,Yes,2012-09-10,No,Peshawar,Contract,4,9
257,53,Female,Sales,Sales Executive,23,PhD,209279,5,7,Yes,47,No,52,11,Yes,2014-10-16,No,Peshawar,Full-Time,4,15
258,31,Male,Finance,Financial Analyst,1,PhD,68338,5,3,Yes,37,No,65,2,No,2015-07-29,Yes,Lahore,Full-Time,5,7
259,43,Male,Sales,Sales Manager,1,Master,68554,3,8,No,41,No,45,1,No,2025-08-05,No,Peshawar,Contract,9,7
260,54,Male,Sales,Sales Manager,6,Master,124620,1,3,Yes,51,Yes,30,7,No,2024-10-22,Yes,Peshawar,Full-Time,5,14
261,32,Female,Sales,Sales Manager,2,PhD,53087,3,10,No,48,No,71,1,No,2024-10-13,No,Faisalabad,Contract,4,10
262,31,Female,Finance,Accountant,8,PhD,134038,3,7,Yes,49,No,22,10,No,2017-02-19,No,Lahore,Contract,7,5
263,42,Female,Sales,Sales Executive,5,Bachelor,70183,2,10,No,38,No,17,5,No,2013-12-17,No,Rawalpindi,Full-Time,5,1
264,26,Female,Sales,Sales Executive,5,PhD,90605,2,8,No,44,No,52,3,No,2024-02-07,No,Lahore,Contract,6,12
265,26,Male,Marketing,Marketing Specialist,0,PhD,45843,5,10,No,39,No,78,2,No,2022-02-23,No,Lahore,Contract,4,8
266,22,Male,HR,HR Executive,0,Bachelor,44696,4,10,No,35,Yes,11,1,No,2020-10-08,No,Faisalabad,Full-Time,10,4
267,42,Female,Sales,Sales Manager,16,Bachelor,199454,4,8,No,44,Yes,32,14,Yes,2026-05-28,No,Lahore,Contract,6,5
268,53,Female,Sales,Sales Manager,7,PhD,111666,3,9,No,49,No,32,6,No,2021-05-28,No,Rawalpindi,Contract,10,6
269,22,Male,Finance,Accountant,1,Master,40183,3,10,No,38,No,69,3,No,2011-09-17,No,Faisalabad,Full-Time,6,0
270,39,Female,Finance,Accountant,12,Bachelor,185936,5,9,No,35,No,67,8,Yes,2023-11-07,No,Peshawar,Contract,10,5
271,23,Male,IT,Data Analyst,2,PhD,42713,1,4,Yes,49,No,17,2,No,2016-02-01,No,Lahore,Full-Time,4,8
272,43,Female,Marketing,Marketing Specialist,22,Bachelor,217677,4,8,Yes,36,Yes,69,8,No,2021-07-18,No,Faisalabad,Contract,7,4
273,50,Male,IT,Software Engineer,8,PhD,111335,3,10,No,52,Yes,48,6,No,2025-09-05,No,Lahore,Contract,6,14
274,51,Male,IT,DevOps Engineer,3,Bachelor,76083,5,6,Yes,35,Yes,32,5,Yes,2013-08-10,No,Lahore,Full-Time,9,11
275,34,Male,HR,Recruiter,4,Bachelor,75832,2,7,No,45,Yes,29,5,No,2013-04-29,No,Rawalpindi,Contract,8,8
276,38,Female,HR,Recruiter,8,Bachelor,137925,3,7,No,55,Yes,9,8,No,2013-03-14,No,Rawalpindi,Contract,10,12
277,49,Female,Marketing,Marketing Specialist,20,PhD,194850,1,6,No,41,Yes,64,12,No,2019-11-23,No,Islamabad,Full-Time,8,8
278,33,Female,IT,DevOps Engineer,2,Master,52198,4,3,Yes,53,No,18,3,Yes,2015-09-06,Yes,Faisalabad,Contract,9,11
279,43,Male,Sales,Sales Manager,5,Master,85297,1,7,No,54,No,56,4,No,2020-08-31,No,Islamabad,Full-Time,7,15
280,60,Female,Finance,Financial Analyst,30,PhD,155259,5,10,No,48,No,78,11,Yes,2022-05-11,No,Rawalpindi,Contract,4,12
281,41,Male,HR,HR Executive,18,Bachelor,157051,3,9,No,39,No,55,9,No,2014-08-25,No,Lahore,Contract,10,5
282,31,Male,IT,DevOps Engineer,2,Master,46048,2,3,Yes,37,Yes,76,1,No,2021-02-08,Yes,Islamabad,Full-Time,7,11
283,28,Female,HR,Recruiter,6,PhD,143806,4,4,Yes,42,No,21,9,No,2015-07-22,Yes,Lahore,Contract,9,10
284,60,Female,Finance,Financial Analyst,34,Bachelor,237802,2,7,Yes,40,No,51,8,No,2018-12-03,No,Islamabad,Contract,8,10
285,60,Female,IT,DevOps Engineer,4,PhD,86382,1,7,No,44,Yes,48,4,No,2025-03-05,No,Lahore,Full-Time,5,12
286,40,Female,Sales,Sales Executive,12,PhD,184212,2,8,Yes,47,No,15,14,No,2024-04-14,No,Rawalpindi,Full-Time,5,11
287,47,Male,IT,DevOps Engineer,5,Master,92488,1,9,No,55,No,11,6,No,2012-12-23,No,Lahore,Contract,7,9
288,60,Female,Finance,Accountant,32,Master,220126,1,6,No,40,No,15,13,No,2017-12-12,No,Rawalpindi,Contract,10,4
289,34,Female,Finance,Financial Analyst,6,Bachelor,102611,4,5,Yes,46,No,37,6,No,2015-09-29,No,Rawalpindi,Contract,7,13
290,39,Male,IT,DevOps Engineer,9,Master,129279,3,4,Yes,36,No,9,8,No,2011-08-25,Yes,Rawalpindi,Full-Time,9,12
291,28,Male,IT,DevOps Engineer,2,PhD,69252,3,5,Yes,54,No,10,2,No,2023-02-28,No,Rawalpindi,Contract,7,2
292,31,Male,Finance,Accountant,6,PhD,122136,4,3,Yes,35,No,15,8,Yes,2021-02-24,No,Peshawar,Full-Time,7,13
293,54,Male,Finance,Financial Analyst,3,Master,77051,3,8,No,40,Yes,56,6,No,2015-07-11,No,Faisalabad,Contract,9,5
294,48,Male,Finance,Accountant,0,Master,49003,4,6,No,55,Yes,33,2,No,2022-09-18,No,Peshawar,Full-Time,8,7
295,40,Female,HR,HR Executive,18,Master,220969,4,9,No,35,No,45,14,Yes,2019-11-14,No,Peshawar,Contract,8,11
296,35,Male,Sales,Sales Manager,10,Master,102114,1,8,No,50,Yes,31,10,No,2018-01-04,No,Islamabad,Contract,9,11
297,50,Female,Finance,Financial Analyst,0,Bachelor,60455,5,4,Yes,48,No,76,2,No,2011-09-27,No,Faisalabad,Full-Time,7,15
298,60,Male,HR,Recruiter,6,Master,107250,3,9,No,40,No,50,10,No,2012-09-21,No,Lahore,Full-Time,5,6
299,42,Female,Marketing,SEO Executive,20,Bachelor,215838,2,7,No,47,No,41,14,No,2024-11-03,No,Peshawar,Contract,10,14
300,40,Male,HR,Recruiter,17,Master,239568,4,6,No,55,No,57,9,Yes,2025-02-25,No,Rawalpindi,Full-Time,8,6
301,60,Female,HR,HR Executive,1,Master,45454,4,7,No,37,Yes,54,3,No,2019-10-12,No,Faisalabad,Full-Time,9,6
302,33,Female,Finance,Accountant,11,Bachelor,188401,1,7,No,53,No,36,9,No,2024-02-11,No,Islamabad,Full-Time,5,14
303,54,Male,HR,Recruiter,21,Bachelor,244640,1,9,No,36,No,54,9,No,2020-05-01,No,Lahore,Contract,9,2
304,60,Male,Finance,Accountant,28,Master,188399,1,7,No,47,No,20,14,No,2013-10-25,No,Peshawar,Full-Time,6,3
305,32,Female,Finance,Accountant,6,PhD,115929,2,7,No,38,Yes,63,9,No,2013-07-04,No,Islamabad,Full-Time,6,15
306,40,Female,Finance,Financial Analyst,10,Master,137239,5,5,Yes,39,No,8,8,No,2016-03-20,No,Peshawar,Contract,4,7
307,32,Female,Finance,Financial Analyst,7,PhD,110121,2,7,No,44,No,34,7,No,2025-01-29,No,Rawalpindi,Contract,8,0
308,31,Male,Marketing,SEO Executive,4,Master,85629,3,7,No,39,No,53,4,No,2023-07-15,No,Peshawar,Contract,9,15
309,33,Female,Marketing,SEO Executive,6,Bachelor,122437,3,5,Yes,42,No,20,7,No,2024-07-03,No,Peshawar,Full-Time,5,6
310,58,Male,Sales,Sales Manager,33,Bachelor,197652,4,6,No,38,Yes,39,8,No,2025-01-29,No,Peshawar,Full-Time,9,2
311,37,Female,Marketing,Marketing Specialist,5,PhD,77482,2,6,No,54,No,16,6,No,2014-09-30,No,Peshawar,Full-Time,4,6
312,25,Male,HR,Recruiter,1,Bachelor,55213,5,6,No,36,Yes,30,1,No,2015-05-04,No,Faisalabad,Contract,10,15
313,34,Male,IT,Data Analyst,8,PhD,119658,1,3,Yes,48,No,29,10,No,2013-02-19,Yes,Lahore,Contract,8,14
314,53,Male,Sales,Sales Manager,21,PhD,234578,3,8,Yes,52,No,40,12,No,2023-04-19,No,Rawalpindi,Contract,10,9
315,33,Female,Sales,Sales Executive,0,Master,56245,2,10,No,48,Yes,61,1,No,2024-11-09,No,Faisalabad,Contract,4,10
316,28,Male,HR,HR Executive,3,Master,80486,1,4,Yes,44,Yes,46,6,No,2017-09-09,Yes,Faisalabad,Contract,9,5
317,32,Female,HR,HR Executive,8,Master,147609,2,8,No,50,No,23,8,No,2020-11-26,No,Peshawar,Contract,6,9
318,50,Female,Finance,Financial Analyst,13,PhD,150743,1,8,Yes,46,No,40,14,No,2013-11-29,No,Rawalpindi,Contract,7,0
319,38,Female,HR,HR Executive,11,Bachelor,200122,5,3,Yes,41,No,40,13,Yes,2025-07-17,Yes,Islamabad,Contract,8,3
320,59,Female,Finance,Financial Analyst,2,PhD,48186,5,5,Yes,47,Yes,12,2,No,2024-07-25,No,Rawalpindi,Contract,8,10
321,29,Female,Sales,Sales Manager,2,PhD,65403,4,7,Yes,39,No,78,3,Yes,2026-03-28,No,Karachi,Contract,10,6
322,42,Female,Sales,Sales Executive,17,PhD,168411,3,9,No,46,Yes,28,9,No,2023-10-04,No,Islamabad,Full-Time,10,10
323,45,Female,HR,Recruiter,6,PhD,116735,1,6,No,38,No,55,10,No,2024-10-25,No,Peshawar,Contract,5,15
324,54,Female,Marketing,Marketing Specialist,1,PhD,56522,5,10,No,44,Yes,14,2,Yes,2011-12-19,No,Rawalpindi,Full-Time,7,2
325,54,Male,Marketing,Marketing Specialist,29,PhD,248554,4,6,No,43,No,24,9,Yes,2022-08-23,No,Peshawar,Full-Time,10,10
326,51,Female,Marketing,SEO Executive,28,Bachelor,150832,1,7,No,42,No,24,14,No,2016-07-30,No,Rawalpindi,Contract,4,8
327,56,Female,Marketing,SEO Executive,12,PhD,174752,2,4,Yes,40,Yes,73,10,No,2025-07-22,No,Islamabad,Full-Time,6,1
328,42,Female,Finance,Accountant,7,PhD,119852,4,6,Yes,42,No,8,7,Yes,2023-08-18,No,Lahore,Full-Time,6,4
329,50,Male,Sales,Sales Executive,12,Bachelor,202321,2,4,Yes,47,Yes,27,11,No,2024-07-22,Yes,Rawalpindi,Contract,10,3
330,60,Female,IT,Data Analyst,20,Master,161900,4,6,Yes,51,No,7,13,No,2023-10-04,No,Lahore,Full-Time,6,0
331,44,Female,Sales,Sales Executive,9,Bachelor,115031,4,7,No,35,No,10,6,Yes,2015-08-06,No,Rawalpindi,Contract,7,4
332,30,Male,Marketing,Marketing Specialist,2,PhD,42004,2,7,No,44,No,25,3,No,2023-05-29,No,Rawalpindi,Full-Time,10,13
333,33,Female,HR,HR Executive,1,Bachelor,46687,4,8,No,46,No,8,2,Yes,2013-03-20,No,Karachi,Contract,9,0
334,31,Female,Sales,Sales Executive,0,PhD,45182,1,6,Yes,42,No,13,1,No,2024-09-04,No,Rawalpindi,Full-Time,6,3
335,56,Female,Sales,Sales Manager,8,PhD,120409,4,9,No,39,No,17,9,Yes,2024-06-22,No,Peshawar,Full-Time,6,15
336,54,Male,HR,HR Executive,9,Bachelor,148705,4,4,Yes,54,Yes,33,6,No,2014-12-06,Yes,Peshawar,Full-Time,6,8
337,30,Female,Sales,Sales Manager,6,Master,137969,4,8,Yes,36,Yes,6,6,Yes,2023-11-05,No,Peshawar,Full-Time,9,4
338,47,Female,HR,HR Executive,0,PhD,68104,2,10,No,53,No,32,2,No,2018-07-02,No,Rawalpindi,Contract,9,14
339,29,Female,Finance,Financial Analyst,8,Master,116730,4,6,No,52,Yes,48,8,No,2016-03-04,No,Islamabad,Full-Time,10,8
340,56,Male,Sales,Sales Executive,6,Bachelor,107882,3,10,No,46,No,60,10,No,2023-07-11,No,Rawalpindi,Full-Time,5,2
341,54,Male,HR,Recruiter,9,PhD,113020,5,8,Yes,39,No,74,8,Yes,2015-01-03,No,Lahore,Full-Time,8,7
342,28,Male,Finance,Accountant,3,PhD,98124,3,9,No,47,No,71,4,No,2011-12-13,No,Lahore,Contract,4,13
343,30,Female,Sales,Sales Manager,0,Bachelor,46840,5,6,Yes,37,No,22,3,Yes,2014-06-29,No,Islamabad,Contract,8,4
344,32,Female,HR,Recruiter,6,PhD,122964,2,7,No,39,Yes,79,6,No,2016-07-08,No,Lahore,Full-Time,6,4
345,39,Female,Sales,Sales Executive,0,PhD,57178,5,7,No,42,No,20,1,Yes,2024-07-23,No,Karachi,Contract,7,14
346,24,Female,Finance,Financial Analyst,2,Bachelor,53956,2,6,No,50,Yes,71,3,No,2026-02-05,No,Peshawar,Contract,9,3
347,37,Female,Marketing,SEO Executive,13,Master,186726,3,6,No,51,No,37,12,No,2015-10-13,No,Karachi,Full-Time,9,11
348,53,Male,IT,Software Engineer,31,Bachelor,237245,1,10,No,50,No,10,12,No,2021-03-20,No,Faisalabad,Contract,10,3
349,28,Male,IT,DevOps Engineer,3,Master,96715,1,9,No,55,No,78,6,No,2017-08-03,No,Faisalabad,Contract,6,1
350,35,Male,Sales,Sales Executive,0,PhD,49577,1,7,No,49,No,49,2,No,2026-04-24,No,Islamabad,Full-Time,9,11
351,25,Female,Finance,Financial Analyst,3,PhD,95185,2,9,No,52,No,49,4,No,2019-08-21,No,Peshawar,Contract,8,5
352,44,Male,IT,Data Analyst,10,Master,141907,3,8,Yes,50,No,30,9,No,2025-09-07,No,Karachi,Full-Time,8,8
353,43,Female,Sales,Sales Manager,11,Bachelor,152087,2,7,No,44,Yes,55,9,No,2013-04-28,No,Lahore,Contract,8,2
354,60,Female,IT,Software Engineer,16,Bachelor,219838,4,5,Yes,47,No,77,13,Yes,2026-02-24,No,Peshawar,Contract,5,2
355,37,Male,Sales,Sales Executive,8,Bachelor,145552,2,4,Yes,49,Yes,6,7,No,2014-04-10,Yes,Rawalpindi,Full-Time,5,9
356,50,Female,Marketing,SEO Executive,17,PhD,204044,5,9,No,47,No,51,10,No,2026-01-12,No,Faisalabad,Full-Time,8,8
357,42,Female,Finance,Accountant,2,PhD,68178,2,7,Yes,52,Yes,69,3,No,2015-07-30,No,Lahore,Contract,10,15
358,60,Male,Finance,Accountant,22,PhD,210986,5,6,No,36,No,68,12,Yes,2013-03-21,No,Peshawar,Full-Time,10,13
359,50,Male,IT,DevOps Engineer,28,Master,158359,1,7,No,43,Yes,67,13,No,2018-02-10,No,Rawalpindi,Full-Time,9,13
360,50,Female,Sales,Sales Executive,17,PhD,193323,5,6,No,51,Yes,74,11,Yes,2022-07-10,No,Peshawar,Contract,10,10
361,26,Male,Finance,Accountant,4,Master,94004,2,5,Yes,40,Yes,68,4,No,2016-04-19,No,Peshawar,Full-Time,8,3
362,47,Female,IT,Software Engineer,25,Master,168154,2,9,No,44,Yes,60,13,No,2020-09-08,No,Rawalpindi,Contract,4,8
363,38,Female,IT,Software Engineer,6,Bachelor,122263,1,8,Yes,43,Yes,76,9,No,2019-04-08,No,Islamabad,Full-Time,8,1
364,32,Male,Finance,Accountant,8,Bachelor,125215,1,10,No,53,Yes,27,8,No,2017-05-16,No,Karachi,Contract,10,6
365,56,Male,Sales,Sales Executive,22,Bachelor,228606,5,7,Yes,49,Yes,61,13,Yes,2020-03-30,No,Peshawar,Full-Time,5,0
366,41,Female,Marketing,Marketing Specialist,3,Master,89336,1,6,Yes,41,No,63,4,No,2015-06-01,No,Peshawar,Full-Time,7,12
367,57,Male,IT,DevOps Engineer,21,Bachelor,181385,2,8,Yes,47,No,12,15,No,2022-03-24,No,Islamabad,Full-Time,10,15
368,55,Male,Marketing,Marketing Specialist,20,PhD,249211,3,9,No,39,Yes,42,11,No,2011-08-15,No,Faisalabad,Contract,6,13
369,27,Female,Sales,Sales Manager,0,Master,58391,5,7,No,44,No,12,2,Yes,2025-06-24,No,Karachi,Contract,7,1
370,42,Male,Finance,Accountant,17,Bachelor,200449,3,6,No,36,Yes,70,11,No,2019-09-03,No,Karachi,Contract,8,11
371,51,Male,HR,HR Executive,28,Bachelor,159563,4,8,Yes,53,Yes,53,11,Yes,2022-05-21,No,Peshawar,Contract,5,6
372,37,Female,Finance,Accountant,5,Master,97452,1,4,Yes,39,No,59,6,No,2022-09-22,No,Lahore,Contract,5,9
373,22,Female,Finance,Financial Analyst,1,Master,66762,3,7,No,35,Yes,62,2,No,2021-08-27,No,Islamabad,Full-Time,8,4
374,29,Male,IT,DevOps Engineer,2,Master,57594,2,8,No,43,No,73,2,No,2017-01-21,No,Karachi,Full-Time,9,9
375,28,Male,Marketing,SEO Executive,6,Bachelor,113158,5,6,No,50,Yes,19,7,No,2012-08-23,No,Karachi,Contract,4,7
376,26,Male,HR,HR Executive,3,PhD,94194,4,7,Yes,36,Yes,45,4,Yes,2021-07-23,No,Islamabad,Contract,8,1
377,38,Male,HR,Recruiter,11,Master,201290,2,5,Yes,51,Yes,28,14,No,2016-07-19,No,Lahore,Full-Time,6,6
378,50,Male,Sales,Sales Executive,26,Bachelor,222987,2,7,Yes,45,Yes,13,10,No,2016-04-20,No,Faisalabad,Contract,8,13
379,32,Female,Marketing,Marketing Specialist,5,Bachelor,92423,1,4,Yes,35,No,77,4,No,2024-04-25,No,Lahore,Full-Time,7,3
380,56,Male,IT,DevOps Engineer,1,PhD,49255,5,8,Yes,49,No,37,3,No,2022-05-23,No,Rawalpindi,Contract,7,11
381,51,Female,Sales,Sales Executive,7,Bachelor,125457,2,9,No,35,No,23,8,No,2016-02-06,No,Islamabad,Full-Time,6,1
382,47,Male,Sales,Sales Executive,26,PhD,203188,4,8,No,49,No,64,14,No,2016-03-26,No,Islamabad,Full-Time,7,11
383,55,Male,Sales,Sales Executive,15,Bachelor,224499,5,9,No,49,No,44,11,Yes,2017-09-20,No,Peshawar,Full-Time,6,6
384,56,Female,Sales,Sales Executive,19,PhD,176137,3,6,No,40,No,28,11,No,2017-08-18,No,Rawalpindi,Full-Time,8,14
385,58,Male,HR,Recruiter,17,PhD,234048,5,4,Yes,41,No,45,14,Yes,2016-01-11,Yes,Peshawar,Full-Time,10,14
386,28,Male,Finance,Accountant,1,Bachelor,50862,3,5,Yes,41,Yes,44,1,No,2013-07-03,No,Karachi,Full-Time,6,2
387,59,Female,Marketing,SEO Executive,30,Master,187976,1,3,Yes,52,Yes,25,12,No,2017-11-25,No,Peshawar,Full-Time,10,13
388,32,Female,Marketing,SEO Executive,11,Master,164858,4,6,Yes,36,No,65,10,Yes,2025-09-13,No,Peshawar,Full-Time,4,12
389,45,Female,IT,DevOps Engineer,18,PhD,152602,5,4,Yes,45,No,13,15,No,2021-10-03,No,Lahore,Contract,6,5
390,29,Male,Sales,Sales Executive,5,Master,81623,1,7,No,53,Yes,51,6,No,2025-02-19,No,Peshawar,Full-Time,8,8
391,55,Male,Marketing,SEO Executive,31,Master,235118,3,9,No,49,No,10,11,No,2020-10-29,No,Lahore,Full-Time,6,8
392,57,Male,IT,Data Analyst,8,PhD,119838,2,8,No,47,Yes,39,9,No,2016-02-09,No,Karachi,Full-Time,7,12
393,48,Female,Finance,Financial Analyst,4,Master,88100,4,7,Yes,43,No,15,4,Yes,2019-10-25,No,Peshawar,Contract,6,10
394,28,Male,IT,Software Engineer,1,Bachelor,45046,2,7,Yes,37,Yes,6,3,No,2011-08-08,No,Islamabad,Full-Time,10,10
395,59,Female,IT,Software Engineer,21,PhD,157361,2,6,Yes,37,Yes,16,10,No,2015-11-25,No,Karachi,Full-Time,9,0
396,25,Male,HR,HR Executive,3,Master,85599,4,9,No,40,No,80,4,Yes,2018-01-16,No,Peshawar,Full-Time,8,1
397,27,Male,Marketing,Marketing Specialist,1,Master,62936,1,10,No,40,Yes,25,1,No,2020-04-17,No,Lahore,Full-Time,5,12
398,54,Female,Finance,Financial Analyst,13,Master,246396,5,6,No,55,No,25,11,Yes,2021-06-01,No,Islamabad,Contract,4,2
399,25,Female,Sales,Sales Manager,0,PhD,40393,1,8,No,53,Yes,77,3,No,2018-07-27,No,Peshawar,Contract,6,8
400,52,Female,Sales,Sales Manager,31,Master,221554,2,6,Yes,40,No,57,11,No,2018-03-24,No,Rawalpindi,Contract,8,14
401,51,Female,Finance,Financial Analyst,14,Bachelor,204997,2,6,No,45,Yes,56,8,No,2014-10-19,No,Lahore,Contract,10,11
402,31,Male,Sales,Sales Executive,3,Bachelor,85475,3,5,Yes,41,No,55,4,No,2018-09-10,No,Karachi,Contract,6,5
403,36,Male,Marketing,SEO Executive,15,PhD,206735,2,9,No,36,Yes,13,14,No,2025-02-10,No,Peshawar,Contract,7,10
404,31,Male,Marketing,SEO Executive,8,Master,132145,3,10,No,40,No,59,6,No,2023-07-15,No,Lahore,Contract,9,3
405,43,Female,HR,Recruiter,22,Bachelor,158273,4,5,Yes,48,Yes,46,8,No,2014-02-20,No,Islamabad,Contract,6,7
406,58,Female,Finance,Financial Analyst,12,Bachelor,242812,2,9,No,53,Yes,45,11,No,2012-11-12,No,Islamabad,Full-Time,7,3
407,27,Female,HR,Recruiter,3,PhD,72193,4,9,No,41,Yes,51,6,Yes,2019-04-30,No,Peshawar,Contract,10,1
408,42,Female,HR,HR Executive,19,Master,185750,4,8,Yes,54,Yes,20,13,Yes,2021-02-01,No,Faisalabad,Full-Time,6,9
409,37,Female,HR,Recruiter,13,PhD,184208,2,6,Yes,35,No,15,11,No,2016-08-15,No,Karachi,Contract,6,11
410,46,Male,HR,Recruiter,19,Master,185855,3,8,No,54,No,25,15,No,2023-11-15,No,Islamabad,Full-Time,5,4
411,25,Female,IT,Software Engineer,4,Master,80330,5,8,No,55,No,55,6,Yes,2022-11-11,No,Islamabad,Full-Time,4,5
412,58,Male,Finance,Financial Analyst,32,Bachelor,215100,1,5,Yes,39,Yes,35,9,No,2021-09-08,No,Peshawar,Full-Time,5,2
413,27,Female,Finance,Financial Analyst,2,Bachelor,57862,5,7,No,55,Yes,75,1,No,2014-12-18,No,Rawalpindi,Contract,7,2
414,38,Male,HR,HR Executive,7,Bachelor,103439,4,7,Yes,36,Yes,24,7,No,2014-08-01,No,Peshawar,Full-Time,4,4
415,47,Male,Finance,Financial Analyst,16,Master,237771,5,7,Yes,36,Yes,31,14,No,2011-12-17,No,Rawalpindi,Full-Time,4,7
416,27,Female,IT,Data Analyst,4,Bachelor,74989,5,10,No,43,No,25,3,No,2015-04-08,No,Rawalpindi,Full-Time,6,6
417,42,Female,Finance,Accountant,12,Bachelor,209198,4,6,No,55,Yes,28,8,No,2018-09-21,No,Peshawar,Contract,8,3
418,35,Male,IT,DevOps Engineer,12,PhD,240406,5,10,No,44,No,11,11,No,2024-05-04,No,Peshawar,Contract,10,7
419,41,Male,HR,HR Executive,6,Bachelor,132741,3,8,Yes,47,No,66,9,No,2012-09-08,No,Islamabad,Full-Time,7,9
420,28,Male,HR,HR Executive,0,PhD,48986,3,4,Yes,47,Yes,11,1,No,2017-10-23,No,Karachi,Full-Time,7,11
421,45,Male,HR,Recruiter,8,Master,119494,1,6,No,39,No,31,6,No,2021-01-15,No,Peshawar,Full-Time,6,3
422,22,Male,Sales,Sales Executive,0,PhD,68501,5,4,Yes,43,No,13,3,Yes,2014-07-06,Yes,Lahore,Contract,6,4
423,24,Female,Sales,Sales Executive,3,Master,70434,1,6,No,43,No,30,3,No,2022-01-15,No,Rawalpindi,Full-Time,10,8
424,37,Female,Finance,Accountant,0,PhD,58315,4,7,Yes,42,No,51,3,No,2019-01-04,No,Karachi,Contract,10,2
425,56,Male,Sales,Sales Manager,23,PhD,192036,4,8,No,53,No,64,13,Yes,2015-04-03,No,Islamabad,Full-Time,5,11
426,45,Female,Sales,Sales Manager,2,PhD,50905,4,7,Yes,52,Yes,48,2,No,2021-06-08,No,Islamabad,Full-Time,7,4
427,58,Male,Marketing,Marketing Specialist,13,PhD,204916,5,8,Yes,36,Yes,37,9,Yes,2011-09-05,No,Rawalpindi,Full-Time,8,5
428,29,Female,Finance,Financial Analyst,5,PhD,77178,4,8,Yes,38,No,24,5,Yes,2022-11-10,No,Rawalpindi,Contract,9,6
429,53,Male,Marketing,Marketing Specialist,4,PhD,94766,3,3,Yes,41,Yes,8,6,No,2023-02-23,Yes,Islamabad,Full-Time,10,0
430,33,Male,IT,Software Engineer,1,Master,53825,4,7,No,54,No,54,2,No,2013-03-11,No,Rawalpindi,Full-Time,4,11
431,59,Male,Sales,Sales Manager,31,Bachelor,196071,3,9,No,50,Yes,59,8,No,2017-12-21,No,Rawalpindi,Contract,9,11
432,24,Female,IT,Data Analyst,0,Master,42718,1,8,No,47,Yes,65,1,No,2014-03-26,No,Islamabad,Full-Time,7,1
433,35,Female,Finance,Financial Analyst,1,Bachelor,59445,1,8,Yes,49,Yes,64,3,No,2025-12-18,No,Peshawar,Full-Time,8,8
434,56,Male,Marketing,SEO Executive,16,PhD,172795,3,3,Yes,40,No,47,15,No,2019-05-13,No,Karachi,Contract,10,13
435,34,Female,HR,HR Executive,7,Bachelor,148793,4,4,Yes,44,Yes,48,7,No,2012-05-07,No,Karachi,Contract,4,15
436,32,Male,IT,Software Engineer,2,PhD,54355,3,6,Yes,48,No,74,2,No,2015-05-02,No,Faisalabad,Full-Time,10,3
437,39,Female,Sales,Sales Executive,17,PhD,158542,3,7,No,46,No,69,9,No,2024-04-27,No,Rawalpindi,Full-Time,9,7
438,32,Male,IT,Software Engineer,9,Bachelor,129235,3,6,No,43,Yes,28,10,No,2018-06-10,No,Peshawar,Full-Time,8,13
439,36,Male,Marketing,Marketing Specialist,4,Master,70366,1,5,Yes,35,No,79,5,No,2023-08-13,No,Lahore,Contract,8,0
440,37,Female,HR,Recruiter,6,Bachelor,131344,2,10,No,40,Yes,23,9,No,2021-08-10,No,Peshawar,Contract,4,4
441,52,Male,HR,HR Executive,10,Bachelor,141000,2,8,No,43,Yes,60,8,No,2026-05-31,No,Peshawar,Contract,10,1
442,34,Female,Sales,Sales Executive,6,Master,149060,4,9,No,51,Yes,35,7,Yes,2020-07-11,No,Faisalabad,Full-Time,8,9
443,48,Male,Sales,Sales Executive,17,Bachelor,234069,3,10,No,47,No,48,8,No,2025-11-05,No,Peshawar,Full-Time,6,9
444,41,Female,Marketing,SEO Executive,16,Master,211515,1,8,No,50,Yes,37,13,No,2024-12-19,No,Rawalpindi,Full-Time,9,8
445,42,Female,Finance,Accountant,7,PhD,120076,3,10,No,48,No,59,7,No,2020-10-13,No,Lahore,Contract,8,6
446,34,Female,HR,Recruiter,11,PhD,176799,5,7,Yes,40,No,36,15,No,2022-05-20,No,Faisalabad,Contract,8,6
447,45,Male,HR,Recruiter,12,Master,224473,5,9,No,39,Yes,37,15,No,2019-03-02,No,Peshawar,Contract,6,3
448,34,Female,IT,Software Engineer,7,Master,133496,4,6,Yes,43,No,67,10,No,2024-01-20,No,Faisalabad,Contract,5,3
449,29,Male,Sales,Sales Manager,2,Bachelor,41344,3,7,No,52,Yes,17,1,No,2019-10-24,No,Islamabad,Full-Time,4,13
450,58,Male,IT,DevOps Engineer,0,Bachelor,49312,2,6,No,42,No,35,2,No,2025-01-19,No,Islamabad,Contract,5,4
451,36,Male,Marketing,SEO Executive,12,Bachelor,171023,5,7,No,54,No,20,9,No,2022-10-01,No,Faisalabad,Full-Time,9,3
452,51,Male,HR,HR Executive,28,Bachelor,164075,2,7,No,44,No,62,8,No,2018-09-18,No,Lahore,Contract,9,6
453,48,Female,IT,Software Engineer,14,Bachelor,230616,1,5,Yes,43,No,60,14,No,2015-06-26,No,Peshawar,Contract,8,10
454,54,Female,IT,Data Analyst,28,PhD,168941,5,5,Yes,47,No,31,9,No,2015-04-21,No,Lahore,Contract,10,6
455,37,Female,Sales,Sales Manager,7,Master,101590,2,8,No,37,Yes,54,10,No,2021-02-27,No,Faisalabad,Contract,9,11
456,53,Female,Sales,Sales Executive,28,Master,183413,2,7,No,46,No,25,13,No,2023-01-30,No,Karachi,Contract,6,5
457,24,Female,Marketing,Marketing Specialist,2,Bachelor,63170,1,6,Yes,52,No,15,1,No,2019-06-01,No,Lahore,Full-Time,8,8
458,31,Female,HR,Recruiter,4,Bachelor,80210,5,5,Yes,42,Yes,78,4,No,2020-12-29,No,Lahore,Contract,4,5
459,37,Male,Sales,Sales Executive,6,PhD,104415,3,8,Yes,40,No,75,6,No,2015-09-18,No,Peshawar,Full-Time,10,11
460,56,Male,HR,HR Executive,15,Bachelor,185695,5,9,No,36,Yes,26,8,Yes,2012-10-03,No,Islamabad,Full-Time,8,1
461,60,Female,HR,HR Executive,36,Master,209630,1,4,Yes,42,Yes,13,10,No,2015-11-18,Yes,Rawalpindi,Full-Time,9,12
462,55,Female,Finance,Financial Analyst,25,PhD,218819,5,7,No,54,No,72,15,No,2015-09-02,No,Faisalabad,Contract,6,13
463,35,Male,HR,HR Executive,9,Master,139609,4,7,No,44,Yes,45,9,Yes,2016-05-22,No,Islamabad,Full-Time,7,15
464,31,Female,HR,Recruiter,9,PhD,125975,2,9,No,42,No,67,7,No,2019-09-12,No,Lahore,Contract,4,12
465,35,Female,Sales,Sales Manager,2,Master,44768,1,8,Yes,46,No,64,3,No,2013-09-02,No,Karachi,Full-Time,6,12
466,60,Female,Sales,Sales Executive,22,PhD,155311,1,3,Yes,45,No,69,15,No,2015-01-24,Yes,Faisalabad,Contract,6,5
467,25,Male,HR,Recruiter,4,Bachelor,70791,4,8,No,54,No,46,6,Yes,2022-01-02,No,Peshawar,Contract,6,9
468,50,Female,Marketing,Marketing Specialist,13,PhD,170097,3,6,No,49,Yes,23,14,No,2022-03-11,No,Karachi,Full-Time,9,6
469,39,Female,Marketing,SEO Executive,7,Bachelor,100793,2,7,Yes,53,No,24,7,No,2012-07-22,No,Karachi,Contract,7,13
470,35,Male,Marketing,SEO Executive,1,Bachelor,63830,1,8,Yes,49,No,19,2,No,2017-09-16,No,Karachi,Contract,5,2
471,45,Female,Sales,Sales Manager,8,PhD,141387,5,9,No,53,Yes,33,8,No,2019-09-25,No,Faisalabad,Contract,5,0
472,54,Female,Finance,Financial Analyst,31,PhD,227554,3,4,Yes,39,Yes,36,12,No,2017-10-31,Yes,Rawalpindi,Full-Time,4,14
473,48,Female,Marketing,SEO Executive,13,PhD,160633,2,6,Yes,50,No,12,11,No,2014-09-12,No,Islamabad,Contract,8,13
474,48,Female,Sales,Sales Executive,0,Master,50092,4,5,Yes,47,No,60,1,Yes,2017-11-23,No,Islamabad,Full-Time,7,7
475,43,Male,Marketing,Marketing Specialist,19,Master,160863,1,8,Yes,35,No,68,9,No,2025-03-02,No,Faisalabad,Contract,4,2
476,22,Female,HR,HR Executive,0,Bachelor,67642,3,5,Yes,53,Yes,26,2,No,2020-05-10,No,Lahore,Contract,9,9
477,59,Male,IT,Software Engineer,2,PhD,65871,4,7,Yes,50,No,80,1,Yes,2022-01-10,No,Karachi,Full-Time,10,9
478,30,Male,Marketing,SEO Executive,7,PhD,142170,1,5,Yes,54,No,9,10,No,2024-06-12,No,Islamabad,Full-Time,7,12
479,50,Female,HR,Recruiter,16,Master,204784,3,8,Yes,45,Yes,64,11,No,2023-01-29,No,Islamabad,Contract,9,4
480,27,Male,HR,HR Executive,4,Bachelor,84710,2,9,No,37,No,45,4,No,2017-04-20,No,Lahore,Full-Time,9,7
481,29,Female,Sales,Sales Manager,3,Master,81934,4,6,Yes,46,Yes,9,4,Yes,2011-09-07,No,Peshawar,Full-Time,5,8
482,47,Female,Sales,Sales Manager,14,Bachelor,236298,5,3,Yes,40,Yes,37,13,No,2016-11-14,Yes,Islamabad,Contract,10,13
483,30,Male,HR,HR Executive,8,PhD,113255,4,6,No,35,No,52,7,Yes,2022-11-24,No,Rawalpindi,Contract,4,10
484,35,Male,Sales,Sales Executive,5,PhD,87395,5,8,Yes,54,No,10,6,No,2024-05-25,No,Peshawar,Contract,8,14
485,24,Female,Marketing,SEO Executive,2,Bachelor,55548,4,6,Yes,53,No,80,2,No,2025-11-23,No,Rawalpindi,Full-Time,8,7
486,36,Female,Finance,Accountant,12,Master,155314,4,5,Yes,47,No,11,11,No,2017-11-17,No,Karachi,Full-Time,5,2
487,41,Male,IT,DevOps Engineer,15,PhD,165187,4,3,Yes,45,Yes,6,11,No,2022-10-22,No,Lahore,Contract,8,13
488,23,Male,HR,Recruiter,0,PhD,45538,3,7,No,43,Yes,59,3,No,2019-10-15,No,Peshawar,Contract,9,6
489,40,Female,Finance,Accountant,17,PhD,159991,1,3,Yes,35,Yes,39,10,No,2020-08-23,Yes,Faisalabad,Full-Time,10,5
490,54,Female,Finance,Accountant,32,Bachelor,160914,1,6,No,40,Yes,74,13,No,2014-11-26,No,Rawalpindi,Contract,6,8
491,26,Male,Marketing,Marketing Specialist,1,Master,55685,3,7,No,45,No,18,3,No,2014-11-20,No,Lahore,Full-Time,4,12
492,52,Male,HR,HR Executive,14,PhD,200760,3,7,Yes,36,No,29,13,No,2018-02-17,No,Rawalpindi,Contract,5,0
493,45,Female,Finance,Accountant,13,PhD,210749,2,7,Yes,38,Yes,65,9,No,2012-01-12,No,Karachi,Contract,10,15
494,29,Male,Marketing,SEO Executive,5,Bachelor,79615,1,5,Yes,44,No,53,3,No,2016-08-20,No,Islamabad,Contract,4,4
495,26,Female,Finance,Financial Analyst,0,Master,53332,1,5,Yes,45,Yes,22,1,No,2021-10-13,No,Islamabad,Contract,6,3
496,38,Female,IT,Software Engineer,10,Bachelor,138156,2,10,No,43,Yes,75,6,No,2017-08-29,No,Lahore,Full-Time,4,9
497,47,Male,Finance,Accountant,9,Master,117632,2,6,Yes,38,Yes,66,6,No,2014-01-26,No,Karachi,Contract,4,1
498,56,Male,Finance,Financial Analyst,16,Bachelor,160749,2,8,Yes,55,Yes,65,13,No,2018-08-09,No,Faisalabad,Full-Time,5,6
499,54,Male,HR,HR Executive,26,Bachelor,225588,4,4,Yes,42,No,32,11,No,2013-07-05,Yes,Peshawar,Contract,8,12
500,59,Female,HR,Recruiter,37,Master,230790,4,10,No,55,Yes,19,9,Yes,2020-12-05,No,Islamabad,Full-Time,6,12
501,58,Male,Finance,Accountant,37,Bachelor,167360,2,5,Yes,36,No,22,8,No,2011-12-31,No,Peshawar,Full-Time,5,6
502,22,Male,IT,DevOps Engineer,0,PhD,43504,2,6,Yes,39,Yes,52,2,No,2017-07-03,No,Karachi,Contract,7,10
503,50,Male,Sales,Sales Manager,27,PhD,201014,2,6,No,42,No,40,13,No,2020-01-23,No,Lahore,Full-Time,10,13
504,49,Female,Finance,Accountant,5,Bachelor,87179,2,7,No,38,Yes,41,5,No,2012-01-01,No,Karachi,Contract,7,8
505,52,Male,Sales,Sales Executive,29,Master,208896,3,7,No,50,No,25,11,No,2021-03-27,No,Islamabad,Full-Time,10,15
506,23,Male,Sales,Sales Executive,2,Master,58079,2,10,No,43,No,17,3,No,2013-08-18,No,Rawalpindi,Full-Time,4,8
507,23,Male,Finance,Financial Analyst,2,Bachelor,48260,5,4,Yes,54,No,72,1,Yes,2018-07-09,Yes,Lahore,Contract,10,0
508,58,Female,Marketing,SEO Executive,0,Master,43554,3,9,No,48,No,80,3,No,2012-05-07,No,Lahore,Full-Time,9,6
509,28,Female,Marketing,SEO Executive,7,PhD,121280,3,6,Yes,50,No,68,6,No,2017-04-13,No,Lahore,Full-Time,6,7
510,26,Male,Marketing,Marketing Specialist,4,Bachelor,98395,2,8,Yes,48,Yes,75,3,No,2014-10-08,No,Lahore,Contract,7,14
511,35,Male,HR,HR Executive,5,Bachelor,70383,1,7,No,55,Yes,16,6,No,2016-06-30,No,Karachi,Contract,6,10
512,27,Female,Marketing,Marketing Specialist,6,PhD,102894,3,5,Yes,40,No,32,9,No,2023-01-05,No,Faisalabad,Full-Time,8,13
513,54,Male,IT,Software Engineer,17,Bachelor,196779,5,8,Yes,40,Yes,78,15,No,2017-04-13,No,Rawalpindi,Contract,9,0
514,32,Male,HR,HR Executive,11,Bachelor,175671,2,10,No,44,Yes,62,11,No,2022-11-16,No,Peshawar,Full-Time,5,7
515,29,Male,HR,HR Executive,5,PhD,75043,2,7,Yes,47,Yes,52,3,No,2024-01-28,No,Islamabad,Contract,7,1
516,28,Male,HR,Recruiter,2,Bachelor,53600,4,10,No,40,No,62,1,Yes,2015-05-19,No,Karachi,Full-Time,5,5
517,33,Female,Sales,Sales Manager,4,Master,94032,2,7,No,44,No,16,3,No,2012-10-27,No,Islamabad,Full-Time,7,3
518,56,Male,IT,Software Engineer,35,Master,156924,5,4,Yes,39,Yes,70,10,Yes,2011-11-20,Yes,Rawalpindi,Full-Time,5,2
519,38,Female,Marketing,Marketing Specialist,10,PhD,102884,4,7,Yes,41,Yes,16,9,No,2019-09-08,No,Lahore,Full-Time,10,4
520,56,Male,IT,Data Analyst,20,Master,194260,1,5,Yes,35,Yes,8,8,No,2026-08-05,No,Lahore,Contract,10,2
521,27,Male,HR,HR Executive,3,Bachelor,71875,2,8,No,45,Yes,69,3,No,2016-11-04,No,Rawalpindi,Contract,6,9
522,27,Male,Finance,Accountant,4,PhD,79410,5,5,Yes,37,Yes,41,6,No,2021-05-07,No,Faisalabad,Contract,10,1
523,54,Female,Sales,Sales Executive,29,Bachelor,150366,2,10,No,46,Yes,51,12,No,2023-04-25,No,Karachi,Full-Time,7,8
524,46,Male,HR,Recruiter,7,Master,133533,3,6,No,36,No,26,7,No,2021-05-15,No,Lahore,Contract,6,12
525,52,Male,Marketing,Marketing Specialist,26,Bachelor,228918,5,5,Yes,35,Yes,13,15,Yes,2022-11-28,No,Lahore,Contract,6,1
526,38,Male,IT,Data Analyst,17,PhD,184289,2,9,No,50,Yes,71,12,No,2025-11-02,No,Peshawar,Full-Time,8,6
527,47,Female,HR,HR Executive,7,Bachelor,109273,5,4,Yes,44,No,57,9,Yes,2014-08-02,Yes,Peshawar,Full-Time,9,9
528,45,Female,Sales,Sales Executive,6,Bachelor,105384,1,8,No,47,No,25,9,No,2011-11-25,No,Islamabad,Contract,10,11
529,33,Female,Finance,Accountant,12,Bachelor,194555,3,6,Yes,35,No,53,10,No,2013-11-17,No,Peshawar,Contract,5,9
530,54,Male,Finance,Financial Analyst,14,PhD,181646,3,8,No,39,Yes,48,10,No,2013-06-27,No,Karachi,Contract,6,1
531,37,Male,IT,Data Analyst,6,Bachelor,134485,5,6,No,38,Yes,23,8,Yes,2021-08-20,No,Islamabad,Full-Time,6,3
532,55,Female,Marketing,SEO Executive,7,PhD,115800,1,8,No,41,Yes,22,10,No,2020-01-20,No,Karachi,Full-Time,9,12
533,48,Male,HR,HR Executive,23,Bachelor,249404,4,7,No,49,Yes,6,13,Yes,2014-11-12,No,Karachi,Contract,4,5
534,28,Female,IT,DevOps Engineer,6,Bachelor,139137,1,8,No,47,No,68,10,No,2022-02-01,No,Faisalabad,Full-Time,5,8
535,48,Male,Marketing,Marketing Specialist,19,PhD,198222,2,6,No,37,Yes,20,13,No,2023-02-05,No,Lahore,Contract,4,9
536,36,Male,Marketing,SEO Executive,12,PhD,153457,4,3,Yes,40,Yes,69,10,Yes,2014-02-10,Yes,Rawalpindi,Contract,5,4
537,43,Female,Finance,Financial Analyst,2,Bachelor,62787,3,8,No,51,Yes,51,3,No,2020-09-14,No,Islamabad,Full-Time,5,0
538,47,Female,HR,Recruiter,13,PhD,165271,4,5,Yes,35,Yes,12,10,No,2022-10-24,No,Karachi,Full-Time,10,6
539,23,Female,Sales,Sales Executive,0,PhD,50498,2,3,Yes,40,No,48,3,No,2013-04-24,Yes,Rawalpindi,Full-Time,4,11
540,49,Male,Marketing,Marketing Specialist,15,PhD,223580,5,7,No,51,No,10,10,No,2023-11-19,No,Rawalpindi,Contract,5,3
541,55,Female,Marketing,Marketing Specialist,12,Master,212506,4,3,Yes,41,No,20,10,No,2026-01-24,Yes,Islamabad,Full-Time,4,1
542,25,Female,IT,DevOps Engineer,4,PhD,96322,3,6,Yes,40,No,37,5,No,2013-03-20,No,Peshawar,Full-Time,8,5
543,58,Female,Marketing,SEO Executive,18,PhD,161751,2,10,No,46,Yes,23,12,No,2011-12-24,No,Peshawar,Contract,8,10
544,23,Female,IT,Data Analyst,2,PhD,69181,1,10,No,42,Yes,60,1,No,2016-04-10,No,Lahore,Full-Time,5,12
545,48,Male,Marketing,Marketing Specialist,17,Master,233917,4,5,Yes,48,No,27,9,Yes,2021-10-03,No,Lahore,Contract,10,6
546,42,Female,Marketing,Marketing Specialist,20,Bachelor,236148,3,10,No,35,No,20,8,No,2025-12-19,No,Faisalabad,Full-Time,10,4
547,43,Male,Marketing,SEO Executive,17,Bachelor,221368,4,5,Yes,43,No,78,10,No,2017-07-18,No,Rawalpindi,Contract,9,12
548,22,Female,IT,Software Engineer,1,Bachelor,65116,5,8,No,53,Yes,37,1,No,2022-04-27,No,Peshawar,Full-Time,6,6
549,37,Female,Marketing,Marketing Specialist,16,Master,153860,4,7,Yes,42,Yes,70,10,No,2012-09-25,No,Peshawar,Full-Time,10,13
550,25,Male,Sales,Sales Executive,3,PhD,72661,5,7,Yes,35,Yes,53,4,No,2021-12-14,No,Lahore,Full-Time,6,1
551,60,Male,IT,Data Analyst,20,Bachelor,173224,5,7,No,55,Yes,11,11,No,2021-01-01,No,Rawalpindi,Contract,7,11
552,53,Female,Finance,Accountant,28,PhD,171274,4,6,No,47,Yes,22,8,Yes,2013-02-14,No,Islamabad,Contract,5,11
553,46,Male,Sales,Sales Manager,5,PhD,95202,1,7,No,51,Yes,29,5,No,2023-03-08,No,Peshawar,Full-Time,7,6
554,27,Male,Sales,Sales Executive,2,Master,46639,4,4,Yes,49,No,6,2,Yes,2024-05-07,Yes,Peshawar,Full-Time,4,6
555,22,Female,Marketing,Marketing Specialist,0,Bachelor,67039,3,7,No,49,No,53,3,No,2020-08-07,No,Rawalpindi,Full-Time,5,3
556,26,Female,HR,Recruiter,2,Master,63789,5,3,Yes,36,No,42,1,No,2013-05-30,Yes,Faisalabad,Full-Time,6,1
557,37,Female,Finance,Accountant,6,PhD,126106,5,7,No,39,No,70,9,Yes,2026-05-09,No,Islamabad,Full-Time,4,5
558,27,Female,IT,Software Engineer,6,PhD,106706,3,4,Yes,48,No,67,7,No,2023-05-03,Yes,Faisalabad,Full-Time,8,14
559,29,Male,HR,HR Executive,8,PhD,101910,2,6,Yes,49,No,80,8,No,2016-10-20,No,Islamabad,Contract,8,13
560,52,Male,IT,Data Analyst,25,Master,217931,1,7,No,35,Yes,15,10,No,2018-01-08,No,Lahore,Contract,6,5
561,42,Male,HR,Recruiter,2,Master,40486,5,6,No,38,No,77,2,Yes,2017-02-25,No,Peshawar,Contract,7,4
562,30,Female,IT,DevOps Engineer,9,Master,136538,5,7,Yes,43,No,74,10,Yes,2019-03-09,No,Rawalpindi,Full-Time,10,9
563,24,Female,HR,HR Executive,0,PhD,61702,4,10,No,54,No,21,3,No,2016-09-17,No,Peshawar,Full-Time,9,9
564,27,Female,Marketing,Marketing Specialist,2,Master,66550,4,6,Yes,46,Yes,74,1,No,2024-05-03,No,Peshawar,Contract,4,12
565,56,Male,Sales,Sales Executive,1,PhD,52466,5,9,No,55,No,73,1,Yes,2023-12-06,No,Rawalpindi,Contract,4,15
566,54,Female,Marketing,SEO Executive,9,Bachelor,132368,5,5,Yes,51,No,28,6,Yes,2013-03-06,No,Islamabad,Full-Time,6,7
567,45,Female,Finance,Accountant,12,PhD,239864,5,8,Yes,35,Yes,40,15,No,2026-01-03,No,Faisalabad,Contract,4,5
568,38,Male,Finance,Financial Analyst,16,Master,175704,3,10,No,54,Yes,36,10,No,2021-02-16,No,Rawalpindi,Contract,10,4
569,47,Male,Marketing,SEO Executive,6,PhD,122294,2,9,No,37,Yes,73,9,No,2024-01-10,No,Faisalabad,Full-Time,6,10
570,46,Male,HR,Recruiter,18,Bachelor,241042,3,10,No,54,Yes,33,11,No,2022-03-16,No,Rawalpindi,Full-Time,8,3
571,45,Male,Sales,Sales Manager,20,Master,200630,1,6,No,45,No,38,13,No,2018-02-16,No,Faisalabad,Contract,8,7
572,29,Male,HR,Recruiter,1,Master,45400,2,5,Yes,45,No,9,1,No,2022-08-08,No,Faisalabad,Contract,8,2
573,41,Male,HR,Recruiter,10,Master,121415,2,6,Yes,41,No,32,8,No,2026-01-28,No,Rawalpindi,Full-Time,4,13
574,37,Female,Marketing,Marketing Specialist,14,Master,231365,2,5,Yes,55,No,16,12,No,2015-08-24,No,Karachi,Full-Time,9,1
575,46,Male,HR,Recruiter,22,PhD,223595,5,7,No,39,Yes,39,8,Yes,2023-09-20,No,Faisalabad,Contract,9,11
576,47,Male,Marketing,SEO Executive,4,Master,83634,3,8,No,53,No,73,3,No,2019-09-01,No,Faisalabad,Contract,10,14
577,30,Female,Finance,Accountant,5,PhD,87738,5,8,No,46,No,27,5,Yes,2018-11-06,No,Islamabad,Contract,7,4
578,49,Female,IT,DevOps Engineer,0,Bachelor,41404,3,4,Yes,55,Yes,14,1,No,2018-02-16,No,Karachi,Full-Time,6,7
579,42,Male,IT,Data Analyst,6,Bachelor,131491,5,8,No,55,Yes,17,6,No,2022-07-24,No,Islamabad,Contract,5,9
580,46,Female,Marketing,SEO Executive,4,Master,83863,4,8,No,44,Yes,5,6,Yes,2015-08-15,No,Peshawar,Full-Time,9,4
581,35,Male,Finance,Financial Analyst,8,Bachelor,148303,2,8,Yes,37,Yes,23,7,No,2024-05-15,No,Lahore,Full-Time,10,0
582,25,Female,Finance,Accountant,0,Bachelor,53610,4,9,No,41,No,8,2,No,2024-01-21,No,Faisalabad,Full-Time,5,5
583,51,Male,Marketing,Marketing Specialist,25,Bachelor,210851,3,7,No,46,No,22,13,No,2012-11-22,No,Islamabad,Contract,9,12
584,42,Male,Marketing,Marketing Specialist,19,Bachelor,200123,1,4,Yes,36,No,20,11,No,2024-10-26,Yes,Faisalabad,Contract,7,15
585,34,Female,Sales,Sales Executive,12,PhD,223988,1,8,Yes,40,Yes,78,10,No,2015-04-03,No,Peshawar,Full-Time,6,6
586,28,Female,Sales,Sales Executive,5,PhD,90983,2,8,Yes,52,Yes,26,5,No,2018-07-26,No,Faisalabad,Full-Time,8,10
587,58,Male,Finance,Accountant,20,PhD,204771,4,9,No,55,No,33,9,No,2020-10-01,No,Islamabad,Contract,9,5
588,58,Female,HR,HR Executive,16,Master,230112,2,9,No,54,Yes,28,9,No,2017-04-12,No,Faisalabad,Contract,7,5
589,25,Female,IT,Software Engineer,1,PhD,64895,4,7,Yes,38,No,46,3,Yes,2012-01-10,No,Faisalabad,Contract,9,4
590,23,Male,HR,HR Executive,0,Master,57956,2,8,No,36,No,64,1,No,2024-05-11,No,Rawalpindi,Full-Time,4,14
591,54,Female,HR,Recruiter,11,Bachelor,157979,2,10,No,43,Yes,54,8,No,2014-04-28,No,Peshawar,Contract,4,2
592,29,Female,Marketing,SEO Executive,1,Master,68573,5,8,Yes,37,Yes,78,3,No,2014-10-11,No,Lahore,Full-Time,10,5
593,41,Male,IT,Software Engineer,15,Master,157430,1,6,No,48,Yes,31,11,No,2023-07-25,No,Peshawar,Full-Time,8,15
594,31,Female,Marketing,Marketing Specialist,0,PhD,43786,2,6,No,49,No,22,1,No,2016-09-12,No,Lahore,Full-Time,4,1
595,29,Male,Marketing,Marketing Specialist,6,Master,111842,1,7,No,36,Yes,48,6,No,2024-10-19,No,Karachi,Full-Time,8,14
596,24,Female,HR,HR Executive,1,Master,46828,1,7,No,40,No,71,3,No,2022-02-10,No,Rawalpindi,Contract,9,3
597,28,Male,Finance,Accountant,4,Bachelor,90491,3,9,No,35,Yes,24,4,No,2015-09-27,No,Faisalabad,Contract,10,9
598,59,Male,HR,HR Executive,23,Master,158653,2,6,No,53,Yes,79,8,No,2011-09-30,No,Peshawar,Contract,9,15
599,51,Male,IT,Software Engineer,4,Master,81764,5,8,No,47,Yes,32,5,Yes,2025-10-25,No,Lahore,Contract,6,0
600,31,Female,HR,HR Executive,0,Master,60127,4,10,No,52,No,12,1,Yes,2012-11-17,No,Karachi,Contract,5,5
601,49,Female,Sales,Sales Executive,27,PhD,179910,2,4,Yes,44,No,45,10,No,2022-05-25,No,Karachi,Contract,10,8
602,40,Male,IT,Software Engineer,7,Bachelor,140379,4,10,No,53,No,59,8,Yes,2018-12-03,No,Karachi,Full-Time,7,9
603,59,Female,Finance,Financial Analyst,23,Master,182256,4,3,Yes,38,No,64,12,Yes,2022-12-19,Yes,Rawalpindi,Full-Time,10,13
604,29,Male,Marketing,Marketing Specialist,0,Bachelor,58148,1,9,No,47,Yes,67,1,No,2021-12-14,No,Karachi,Contract,7,5
605,56,Male,Marketing,Marketing Specialist,33,Bachelor,208688,2,3,Yes,35,No,12,9,No,2021-04-13,Yes,Peshawar,Contract,8,14
606,48,Female,Marketing,Marketing Specialist,3,Bachelor,93351,3,9,No,36,No,72,4,No,2018-12-16,No,Karachi,Contract,4,8
607,47,Male,Finance,Accountant,3,PhD,70571,2,10,No,52,No,59,6,No,2023-06-28,No,Lahore,Full-Time,6,13
608,23,Male,Finance,Financial Analyst,0,PhD,46519,2,6,Yes,47,No,37,3,No,2012-12-27,No,Karachi,Contract,8,13
609,27,Female,Sales,Sales Executive,4,Bachelor,97220,4,6,Yes,36,No,56,4,Yes,2014-12-02,No,Faisalabad,Full-Time,4,13
610,59,Male,Finance,Financial Analyst,4,Bachelor,89284,4,7,Yes,43,Yes,38,6,Yes,2021-12-21,No,Karachi,Contract,4,7
611,58,Male,Marketing,SEO Executive,20,Bachelor,191506,1,7,Yes,54,No,68,10,No,2016-03-09,No,Peshawar,Full-Time,6,12
612,36,Male,Marketing,SEO Executive,6,Master,144902,4,6,No,54,Yes,57,6,Yes,2020-04-26,No,Faisalabad,Contract,7,12
613,40,Male,HR,Recruiter,15,Master,182537,2,10,No,45,Yes,31,11,No,2018-09-10,No,Faisalabad,Contract,10,9
614,50,Male,Marketing,Marketing Specialist,2,PhD,68948,2,10,No,41,Yes,70,2,No,2019-07-23,No,Islamabad,Full-Time,4,14
615,27,Female,HR,HR Executive,0,Bachelor,60670,3,4,Yes,52,Yes,52,3,No,2017-12-23,Yes,Peshawar,Full-Time,4,14
616,23,Female,IT,Data Analyst,2,PhD,57911,3,5,Yes,52,Yes,20,2,No,2022-10-13,No,Karachi,Full-Time,6,14
617,58,Female,Marketing,Marketing Specialist,32,Master,220660,1,8,No,35,Yes,58,10,No,2016-07-22,No,Rawalpindi,Full-Time,10,15
618,33,Male,Sales,Sales Executive,6,PhD,139038,1,8,Yes,55,Yes,70,9,No,2022-02-19,No,Karachi,Contract,10,15
619,32,Female,Marketing,SEO Executive,8,PhD,147592,5,4,Yes,50,No,10,9,Yes,2015-08-29,Yes,Lahore,Contract,9,11
620,49,Male,IT,DevOps Engineer,11,Master,222331,2,3,Yes,44,No,53,11,No,2015-05-14,Yes,Karachi,Contract,7,11
621,33,Female,Marketing,SEO Executive,10,Bachelor,146006,5,5,Yes,47,No,59,8,No,2013-05-28,No,Faisalabad,Contract,7,0
622,31,Male,Marketing,SEO Executive,7,Bachelor,106698,2,3,Yes,46,No,40,9,No,2014-06-26,No,Lahore,Contract,5,4
623,39,Female,Marketing,Marketing Specialist,17,PhD,230488,4,10,No,43,No,24,8,Yes,2013-05-22,No,Faisalabad,Full-Time,5,14
624,26,Male,Sales,Sales Executive,2,Bachelor,59218,2,4,Yes,54,Yes,57,3,No,2019-08-19,Yes,Lahore,Full-Time,6,3
625,22,Female,Sales,Sales Manager,0,Bachelor,50525,5,8,No,47,Yes,26,3,No,2023-01-11,No,Karachi,Contract,4,11
626,38,Male,Sales,Sales Executive,3,Master,98607,3,9,No,35,No,13,4,No,2014-05-16,No,Islamabad,Full-Time,6,15
627,30,Female,IT,DevOps Engineer,9,PhD,135828,1,6,No,47,Yes,17,10,No,2014-11-03,No,Faisalabad,Full-Time,10,8
628,48,Male,Sales,Sales Manager,25,Bachelor,201710,3,5,Yes,48,No,75,14,No,2018-11-09,No,Islamabad,Full-Time,8,14
629,58,Female,Marketing,SEO Executive,5,Master,80274,1,5,Yes,54,Yes,12,3,No,2022-06-19,No,Islamabad,Contract,4,15
630,24,Female,HR,Recruiter,0,Bachelor,53843,1,7,No,54,Yes,58,3,No,2026-03-30,No,Rawalpindi,Full-Time,5,10
631,28,Female,Sales,Sales Executive,5,Master,82418,1,7,No,35,Yes,43,6,No,2019-06-19,No,Faisalabad,Full-Time,4,8
632,46,Female,IT,Data Analyst,21,Master,206536,4,8,No,45,No,25,15,No,2015-11-03,No,Peshawar,Contract,4,0
633,53,Female,Sales,Sales Manager,21,PhD,190438,2,5,Yes,51,No,21,13,No,2013-02-06,No,Karachi,Contract,5,7
634,46,Male,Finance,Financial Analyst,20,Bachelor,241828,1,6,No,47,No,34,12,No,2014-07-04,No,Rawalpindi,Contract,4,1
635,33,Male,Sales,Sales Executive,2,Bachelor,64970,4,10,No,50,No,22,2,Yes,2015-01-03,No,Islamabad,Full-Time,7,10
636,28,Male,Sales,Sales Executive,2,Master,43024,5,6,No,43,Yes,5,2,No,2014-04-15,No,Peshawar,Full-Time,10,0
637,52,Female,Marketing,SEO Executive,8,Bachelor,137869,3,8,No,35,No,22,10,No,2011-10-22,No,Karachi,Full-Time,7,13
638,26,Male,HR,Recruiter,5,Bachelor,76681,2,10,No,50,Yes,60,5,No,2019-08-10,No,Lahore,Full-Time,9,11
639,51,Female,Sales,Sales Executive,26,PhD,184698,3,5,Yes,38,No,37,10,No,2015-09-16,No,Lahore,Contract,5,11
640,49,Female,IT,Software Engineer,9,PhD,142743,3,4,Yes,39,Yes,19,9,No,2026-03-18,Yes,Islamabad,Contract,9,4
641,56,Female,Sales,Sales Manager,5,Master,95039,2,4,Yes,44,No,26,4,No,2019-11-23,No,Rawalpindi,Contract,9,0
642,32,Male,Marketing,SEO Executive,7,Master,142929,1,8,No,37,Yes,10,10,No,2022-01-21,No,Peshawar,Full-Time,10,8
643,46,Male,HR,HR Executive,10,PhD,117482,2,10,No,42,Yes,9,10,No,2013-06-27,No,Faisalabad,Full-Time,6,3
644,47,Female,IT,DevOps Engineer,15,PhD,205703,2,9,No,43,No,38,13,No,2024-08-15,No,Islamabad,Full-Time,6,8
645,35,Female,IT,DevOps Engineer,11,Bachelor,209026,1,10,No,55,Yes,20,9,No,2018-12-16,No,Rawalpindi,Full-Time,9,4
646,56,Female,Sales,Sales Manager,27,PhD,240518,3,6,Yes,50,No,18,8,No,2024-09-07,No,Faisalabad,Full-Time,6,8
647,46,Male,HR,Recruiter,1,Bachelor,63280,2,4,Yes,39,Yes,80,2,No,2020-03-16,No,Peshawar,Contract,6,14
648,58,Male,HR,HR Executive,9,Bachelor,101971,2,4,Yes,41,Yes,78,9,No,2018-08-20,Yes,Peshawar,Contract,8,6
649,29,Male,IT,Software Engineer,2,Bachelor,40533,5,6,No,49,No,19,1,No,2018-03-15,No,Lahore,Full-Time,7,1
650,22,Male,Sales,Sales Executive,1,Bachelor,66111,3,10,No,42,No,36,1,No,2014-05-12,No,Islamabad,Contract,4,2
651,52,Female,Marketing,Marketing Specialist,26,PhD,175557,3,7,No,53,Yes,9,13,No,2012-05-13,No,Peshawar,Full-Time,7,0
652,47,Male,IT,Data Analyst,0,Master,64320,4,9,No,37,Yes,10,3,No,2025-09-17,No,Islamabad,Contract,7,13
653,27,Male,Sales,Sales Manager,0,PhD,49800,1,6,No,42,Yes,62,1,No,2018-10-05,No,Rawalpindi,Contract,9,10
654,52,Male,Sales,Sales Manager,0,Master,54086,5,4,Yes,44,No,73,2,No,2023-12-05,No,Faisalabad,Full-Time,5,12
655,55,Male,Sales,Sales Executive,34,Master,211928,5,4,Yes,46,No,80,15,No,2017-08-09,Yes,Faisalabad,Full-Time,4,13
656,51,Female,IT,DevOps Engineer,0,PhD,44145,1,9,No,48,No,71,1,No,2012-09-14,No,Faisalabad,Full-Time,5,5
657,27,Male,IT,Data Analyst,6,PhD,104773,3,9,No,51,Yes,63,9,No,2021-01-13,No,Islamabad,Full-Time,6,15
658,30,Female,Finance,Accountant,4,Master,95692,1,4,Yes,55,No,16,3,No,2012-05-25,Yes,Faisalabad,Full-Time,8,12
659,32,Male,Finance,Accountant,9,Master,129443,3,8,No,46,Yes,18,6,No,2013-10-31,No,Islamabad,Full-Time,9,11
660,24,Female,Finance,Financial Analyst,3,PhD,97686,2,6,No,46,Yes,78,4,No,2020-01-14,No,Lahore,Full-Time,10,0
661,47,Male,IT,DevOps Engineer,22,Master,156925,2,10,No,39,No,27,15,No,2016-02-25,No,Rawalpindi,Contract,5,5
662,39,Male,Marketing,SEO Executive,1,Bachelor,45272,3,3,Yes,49,Yes,22,3,No,2026-07-03,Yes,Rawalpindi,Full-Time,9,13
663,22,Female,Marketing,SEO Executive,0,Bachelor,42997,5,5,Yes,35,No,18,1,Yes,2013-05-15,No,Islamabad,Full-Time,6,2
664,24,Female,Sales,Sales Executive,1,Master,46540,1,9,No,37,No,6,1,No,2023-01-23,No,Karachi,Full-Time,7,0
665,54,Female,Finance,Accountant,20,PhD,234654,5,7,No,49,Yes,57,10,No,2020-09-09,No,Islamabad,Full-Time,8,11
666,29,Female,Finance,Financial Analyst,1,PhD,55536,3,5,Yes,52,Yes,14,1,No,2023-06-16,No,Peshawar,Full-Time,10,1
667,31,Female,Finance,Accountant,8,PhD,114534,1,7,Yes,44,No,61,7,No,2014-12-24,No,Faisalabad,Contract,7,8
668,31,Female,HR,Recruiter,8,Bachelor,135761,1,8,No,48,Yes,80,9,No,2019-06-08,No,Rawalpindi,Contract,9,7
669,57,Female,Finance,Accountant,11,Master,232656,4,6,Yes,52,No,47,12,No,2018-05-09,No,Lahore,Contract,5,1
670,47,Female,Finance,Accountant,14,PhD,160493,4,5,Yes,41,Yes,9,13,Yes,2018-03-27,No,Islamabad,Contract,5,10
671,41,Male,IT,Data Analyst,19,Bachelor,160922,4,8,No,51,Yes,7,9,No,2024-06-30,No,Lahore,Full-Time,10,4
672,25,Male,Sales,Sales Manager,1,PhD,63497,3,6,No,45,Yes,27,3,No,2026-06-12,No,Karachi,Contract,5,0
673,50,Female,HR,HR Executive,25,PhD,151386,4,4,Yes,36,No,19,10,Yes,2016-03-05,Yes,Islamabad,Full-Time,10,10
674,50,Female,Marketing,SEO Executive,1,Master,67353,1,5,Yes,49,Yes,64,2,No,2020-11-28,No,Islamabad,Full-Time,10,1
675,23,Male,Marketing,SEO Executive,2,Bachelor,52867,5,3,Yes,44,Yes,79,2,No,2020-09-27,Yes,Karachi,Full-Time,5,3
676,35,Female,HR,HR Executive,0,PhD,42110,5,7,Yes,55,Yes,48,1,No,2022-09-11,No,Faisalabad,Contract,6,5
677,45,Female,Finance,Accountant,4,Bachelor,72315,1,7,Yes,50,Yes,55,3,No,2025-10-22,No,Islamabad,Contract,7,13
678,56,Female,IT,Software Engineer,28,Master,241154,4,5,Yes,43,Yes,29,11,No,2014-09-17,No,Islamabad,Full-Time,8,9
679,22,Female,HR,HR Executive,1,Master,50950,1,7,No,40,Yes,14,2,No,2014-10-05,No,Rawalpindi,Full-Time,5,15
680,38,Male,Sales,Sales Manager,12,Bachelor,210211,2,5,Yes,36,Yes,33,12,No,2021-07-02,No,Islamabad,Full-Time,8,7
681,26,Male,Finance,Accountant,5,Bachelor,91074,1,4,Yes,42,No,70,6,No,2013-12-13,Yes,Faisalabad,Full-Time,6,8
682,27,Female,HR,HR Executive,3,Master,90193,3,8,No,45,No,77,3,No,2014-03-15,No,Lahore,Full-Time,9,14
683,27,Male,Marketing,Marketing Specialist,4,PhD,80213,4,8,Yes,42,No,27,4,Yes,2012-09-20,No,Faisalabad,Contract,4,0
684,44,Male,Sales,Sales Manager,2,Master,69161,5,7,No,35,Yes,16,1,Yes,2011-08-20,No,Rawalpindi,Contract,5,11
685,33,Male,Marketing,Marketing Specialist,6,PhD,142404,2,7,Yes,46,No,5,10,No,2018-05-09,No,Lahore,Full-Time,4,11
686,28,Male,IT,Data Analyst,6,Bachelor,121778,5,6,No,53,No,65,10,No,2020-07-02,No,Faisalabad,Contract,4,5
687,25,Female,Marketing,Marketing Specialist,1,Master,42200,4,8,No,39,Yes,70,3,No,2015-12-18,No,Faisalabad,Full-Time,8,8
688,28,Male,IT,DevOps Engineer,2,PhD,40039,2,7,No,41,Yes,34,1,No,2015-01-25,No,Rawalpindi,Full-Time,8,4
689,27,Female,IT,Data Analyst,2,Master,63958,5,8,Yes,38,No,51,1,Yes,2022-03-14,No,Islamabad,Full-Time,9,6
690,30,Male,HR,HR Executive,3,Bachelor,77176,2,7,No,49,No,21,4,No,2022-02-20,No,Islamabad,Full-Time,9,3
691,24,Male,Finance,Accountant,0,Master,53341,4,6,Yes,35,No,34,2,No,2018-05-28,No,Islamabad,Full-Time,5,14
692,59,Male,Finance,Financial Analyst,34,Bachelor,239625,2,9,No,37,Yes,65,8,No,2021-11-27,No,Lahore,Full-Time,8,9
693,32,Male,Marketing,Marketing Specialist,1,Bachelor,67595,5,4,Yes,43,No,55,3,Yes,2025-06-15,Yes,Islamabad,Full-Time,10,5
694,53,Male,IT,Data Analyst,32,Bachelor,223030,4,9,No,47,Yes,54,13,Yes,2023-05-31,No,Islamabad,Contract,10,7
695,54,Female,IT,DevOps Engineer,23,Master,226180,3,4,Yes,55,No,60,12,No,2020-12-20,No,Karachi,Contract,6,12
696,36,Female,Finance,Accountant,11,Bachelor,171925,2,6,No,40,Yes,60,15,No,2021-07-06,No,Islamabad,Contract,5,3
697,38,Male,Finance,Accountant,13,PhD,235792,3,7,Yes,39,Yes,73,13,No,2025-08-07,No,Lahore,Contract,9,15
698,48,Male,Marketing,Marketing Specialist,20,Bachelor,243220,5,7,No,47,Yes,30,9,Yes,2017-12-21,No,Peshawar,Contract,8,10
699,33,Female,Finance,Financial Analyst,10,Bachelor,114739,3,8,Yes,36,Yes,15,7,No,2019-10-06,No,Islamabad,Full-Time,5,11
700,47,Male,Marketing,SEO Executive,11,PhD,211198,5,10,No,43,No,63,14,No,2021-04-23,No,Islamabad,Contract,9,12
701,45,Male,Finance,Accountant,13,Master,185501,4,8,No,54,Yes,60,14,Yes,2025-03-22,No,Faisalabad,Contract,9,6
702,43,Female,IT,Software Engineer,11,Bachelor,225063,5,7,Yes,51,No,28,13,Yes,2023-12-30,No,Faisalabad,Full-Time,6,12
703,58,Female,Finance,Financial Analyst,25,Master,164790,1,5,Yes,43,Yes,52,11,No,2012-08-31,No,Rawalpindi,Full-Time,7,3
704,29,Female,HR,Recruiter,0,PhD,48120,4,6,No,38,No,44,1,No,2014-01-31,No,Islamabad,Full-Time,10,6
705,36,Female,Marketing,SEO Executive,7,Bachelor,101965,1,6,No,51,Yes,23,10,No,2016-03-17,No,Peshawar,Full-Time,7,3
706,27,Female,Finance,Financial Analyst,2,Bachelor,66727,3,9,No,40,No,38,3,No,2022-10-30,No,Lahore,Contract,9,8
707,53,Male,IT,Software Engineer,10,PhD,145318,4,6,Yes,45,Yes,61,10,Yes,2020-02-18,No,Peshawar,Full-Time,10,14
708,47,Female,Marketing,SEO Executive,13,Bachelor,150446,3,7,Yes,55,No,24,9,No,2015-12-04,No,Lahore,Contract,4,14
709,45,Female,IT,Software Engineer,20,PhD,154766,2,5,Yes,40,Yes,44,8,No,2013-06-17,No,Peshawar,Full-Time,7,5
710,29,Female,Sales,Sales Executive,0,PhD,58797,1,6,No,41,Yes,68,3,No,2021-12-04,No,Islamabad,Full-Time,10,5
711,34,Female,HR,HR Executive,9,Master,133954,2,4,Yes,35,No,36,9,No,2022-02-02,No,Islamabad,Full-Time,9,11
712,35,Male,Finance,Financial Analyst,2,Bachelor,47433,5,6,Yes,51,Yes,41,3,Yes,2025-09-25,No,Lahore,Contract,5,11
713,30,Male,Finance,Accountant,6,Master,102277,4,9,No,36,Yes,70,9,No,2019-02-07,No,Karachi,Contract,4,5
714,32,Male,IT,DevOps Engineer,6,Bachelor,132203,2,6,No,38,Yes,76,6,No,2019-01-01,No,Karachi,Full-Time,7,5
715,38,Female,Sales,Sales Manager,12,Master,208014,2,8,Yes,41,Yes,23,12,No,2012-10-19,No,Lahore,Contract,5,5
716,28,Female,Marketing,Marketing Specialist,4,Bachelor,93506,2,10,No,46,Yes,53,4,No,2012-03-11,No,Islamabad,Full-Time,9,5
717,45,Male,Finance,Accountant,12,Bachelor,182065,1,6,No,36,No,67,9,No,2018-01-28,No,Peshawar,Contract,8,8
718,53,Female,HR,HR Executive,14,PhD,235616,2,8,Yes,37,No,27,13,No,2016-06-05,No,Islamabad,Full-Time,4,12
719,40,Female,IT,DevOps Engineer,7,PhD,143047,4,8,No,45,No,10,8,No,2015-05-08,No,Peshawar,Contract,4,11
720,33,Male,Marketing,Marketing Specialist,5,Bachelor,72359,5,10,No,45,No,39,3,Yes,2012-12-18,No,Rawalpindi,Contract,10,0
721,59,Male,Marketing,SEO Executive,37,Master,196891,1,6,Yes,35,Yes,37,10,No,2026-01-09,No,Rawalpindi,Contract,7,5
722,26,Female,HR,HR Executive,0,Bachelor,44904,1,7,Yes,53,No,56,2,No,2024-02-19,No,Peshawar,Full-Time,5,14
723,47,Male,Marketing,SEO Executive,18,PhD,159724,4,6,Yes,50,Yes,28,10,No,2020-03-22,No,Rawalpindi,Full-Time,7,4
724,43,Female,IT,Data Analyst,20,PhD,181094,5,5,Yes,44,Yes,16,11,No,2025-11-09,No,Rawalpindi,Contract,9,12
725,54,Female,HR,HR Executive,11,Bachelor,155987,1,9,No,37,Yes,49,10,No,2026-08-03,No,Karachi,Full-Time,8,15
726,58,Female,Finance,Financial Analyst,18,Master,150156,4,9,No,49,No,44,10,No,2021-09-05,No,Karachi,Full-Time,8,13
727,59,Female,Finance,Financial Analyst,19,Bachelor,200548,4,9,No,36,No,9,13,Yes,2015-08-21,No,Rawalpindi,Full-Time,9,0
728,36,Female,Finance,Financial Analyst,6,Bachelor,117851,4,10,No,40,No,15,10,No,2012-03-13,No,Faisalabad,Contract,8,3
729,36,Female,HR,Recruiter,6,Bachelor,138899,1,9,No,46,Yes,25,9,No,2022-12-09,No,Peshawar,Contract,5,5
730,49,Female,Sales,Sales Executive,7,Bachelor,134374,5,9,No,53,No,49,10,No,2018-08-26,No,Islamabad,Contract,10,9
731,43,Female,HR,Recruiter,9,PhD,146467,1,7,Yes,44,No,77,8,No,2021-05-14,No,Lahore,Contract,10,7
732,39,Female,HR,Recruiter,9,Bachelor,126864,1,7,Yes,52,Yes,33,8,No,2025-05-03,No,Faisalabad,Contract,8,1
733,30,Female,Finance,Financial Analyst,3,PhD,73268,2,6,No,35,Yes,12,4,No,2014-04-26,No,Peshawar,Contract,4,5
734,52,Female,Sales,Sales Executive,19,PhD,187626,3,3,Yes,50,Yes,9,14,No,2020-05-17,Yes,Islamabad,Full-Time,6,7
735,58,Female,Finance,Financial Analyst,19,Master,244835,5,3,Yes,35,No,18,11,Yes,2021-02-11,No,Karachi,Full-Time,4,4
736,47,Female,Sales,Sales Manager,16,PhD,174944,5,6,No,55,Yes,76,13,Yes,2018-12-21,No,Faisalabad,Contract,6,13
737,45,Female,IT,Data Analyst,6,Master,125988,2,5,Yes,37,No,11,9,No,2012-12-17,No,Peshawar,Contract,4,6
738,48,Male,HR,HR Executive,21,PhD,182592,3,8,Yes,44,No,57,11,No,2016-10-24,No,Lahore,Full-Time,7,6
739,41,Male,IT,Software Engineer,14,PhD,216117,5,6,Yes,35,No,23,14,Yes,2016-08-05,No,Faisalabad,Contract,10,8
740,53,Female,HR,HR Executive,18,Bachelor,174683,3,3,Yes,45,Yes,34,8,No,2021-08-24,Yes,Rawalpindi,Contract,5,11
741,49,Female,HR,Recruiter,10,Bachelor,147830,2,3,Yes,39,Yes,6,7,No,2024-06-17,Yes,Rawalpindi,Contract,5,4
742,58,Male,Finance,Financial Analyst,13,Bachelor,152879,2,9,No,48,No,13,11,No,2016-07-16,No,Karachi,Full-Time,6,3
743,22,Female,Sales,Sales Manager,1,Bachelor,64605,2,3,Yes,36,No,52,2,No,2021-12-31,Yes,Rawalpindi,Contract,9,6
744,59,Female,HR,HR Executive,31,Bachelor,178414,2,6,No,39,No,13,12,No,2015-12-02,No,Lahore,Full-Time,4,0
745,32,Male,Sales,Sales Executive,4,Bachelor,84396,3,8,No,52,Yes,65,6,No,2025-10-09,No,Islamabad,Full-Time,9,15
746,28,Male,Finance,Financial Analyst,4,Bachelor,90965,5,7,Yes,49,No,23,4,Yes,2023-10-19,No,Rawalpindi,Contract,10,10
747,42,Male,HR,HR Executive,18,PhD,201668,3,6,Yes,39,No,36,12,No,2019-11-05,No,Islamabad,Contract,8,6
748,33,Male,Marketing,Marketing Specialist,2,Bachelor,43906,4,8,Yes,36,No,75,3,Yes,2018-06-01,No,Karachi,Full-Time,8,13
749,25,Female,IT,Data Analyst,2,PhD,59603,3,6,No,53,No,27,1,No,2016-04-24,No,Karachi,Full-Time,4,10
750,33,Male,Sales,Sales Executive,2,Master,48184,5,4,Yes,40,Yes,51,1,Yes,2016-06-11,Yes,Rawalpindi,Contract,7,9
751,46,Female,Sales,Sales Executive,21,Master,175212,1,5,Yes,52,Yes,42,11,No,2026-02-23,No,Faisalabad,Contract,9,9
752,41,Female,Sales,Sales Executive,16,PhD,151539,4,3,Yes,40,No,53,12,No,2017-08-28,Yes,Faisalabad,Contract,4,11
753,38,Male,Sales,Sales Manager,12,Master,170966,4,5,Yes,43,No,68,13,Yes,2019-04-25,No,Peshawar,Full-Time,5,15
754,58,Male,HR,Recruiter,1,Master,51445,1,4,Yes,54,Yes,52,3,No,2026-06-01,No,Karachi,Contract,5,5
755,26,Female,Finance,Accountant,3,Bachelor,89379,3,9,No,53,Yes,60,5,No,2021-06-17,No,Karachi,Full-Time,10,7
756,33,Female,HR,Recruiter,10,Bachelor,124705,3,4,Yes,43,No,17,6,No,2019-09-25,No,Karachi,Contract,9,6
757,56,Male,IT,Software Engineer,2,Master,63080,1,4,Yes,55,Yes,24,1,No,2017-10-17,Yes,Faisalabad,Full-Time,10,3
758,54,Male,Finance,Financial Analyst,23,PhD,221229,5,10,No,47,Yes,18,14,No,2014-05-29,No,Lahore,Contract,7,3
759,46,Female,Finance,Accountant,9,Bachelor,102790,2,7,No,51,No,72,9,No,2017-01-08,No,Peshawar,Full-Time,8,15
760,46,Female,Finance,Financial Analyst,9,Master,148847,5,7,Yes,39,No,28,6,Yes,2022-12-10,No,Peshawar,Contract,7,3
761,33,Male,Sales,Sales Executive,3,Bachelor,92615,1,9,No,40,Yes,19,3,No,2020-12-22,No,Karachi,Contract,6,9
762,27,Female,Marketing,Marketing Specialist,6,PhD,149830,5,6,No,54,Yes,25,9,Yes,2022-12-29,No,Rawalpindi,Full-Time,8,6
763,49,Female,IT,Software Engineer,13,Bachelor,242567,1,4,Yes,46,Yes,74,8,No,2014-08-25,No,Peshawar,Full-Time,4,10
764,28,Male,Sales,Sales Executive,5,PhD,96529,3,6,Yes,51,Yes,50,4,No,2019-11-01,No,Karachi,Contract,5,5
765,58,Male,Marketing,Marketing Specialist,3,Master,75374,4,8,Yes,42,Yes,69,6,Yes,2025-07-05,No,Rawalpindi,Contract,5,12
766,48,Male,HR,Recruiter,16,Master,232720,2,3,Yes,49,Yes,60,14,No,2018-03-02,Yes,Peshawar,Full-Time,7,9
767,31,Male,IT,Software Engineer,3,Bachelor,73248,3,6,Yes,49,No,46,4,No,2022-01-25,No,Peshawar,Full-Time,5,0
768,46,Male,Sales,Sales Manager,20,Bachelor,226284,1,7,Yes,52,No,36,10,No,2013-06-01,No,Rawalpindi,Contract,9,2
769,60,Female,HR,Recruiter,26,Bachelor,196182,5,4,Yes,52,No,49,14,Yes,2026-03-11,No,Rawalpindi,Full-Time,10,15
770,46,Female,HR,Recruiter,22,Master,172389,5,5,Yes,38,No,62,13,Yes,2020-09-23,No,Faisalabad,Contract,10,6
771,36,Female,Finance,Financial Analyst,13,PhD,208240,2,4,Yes,54,No,39,12,No,2015-03-09,No,Peshawar,Full-Time,8,15
772,59,Female,Sales,Sales Manager,4,Master,85873,5,10,No,52,No,68,3,No,2013-12-20,No,Faisalabad,Contract,4,8
773,47,Female,Marketing,SEO Executive,2,PhD,43687,4,10,No,44,No,31,2,Yes,2019-11-10,No,Lahore,Contract,5,12
774,59,Male,Sales,Sales Manager,16,Master,229289,5,3,Yes,47,No,26,10,Yes,2019-11-17,Yes,Islamabad,Full-Time,10,3
775,24,Female,HR,Recruiter,3,Master,70592,3,10,No,43,Yes,33,4,No,2012-12-28,No,Faisalabad,Full-Time,8,0
776,24,Female,Marketing,Marketing Specialist,3,Master,90278,3,7,No,38,No,35,6,No,2026-06-24,No,Peshawar,Full-Time,10,0
777,22,Male,Sales,Sales Manager,0,Bachelor,63599,4,9,No,53,Yes,7,2,No,2025-04-15,No,Karachi,Contract,4,11
778,38,Male,IT,DevOps Engineer,14,PhD,206622,5,7,No,51,Yes,20,15,No,2018-07-08,No,Peshawar,Contract,4,15
779,29,Male,IT,Software Engineer,6,Master,103119,3,9,No,44,Yes,10,7,No,2013-05-10,No,Peshawar,Full-Time,6,12
780,49,Female,Finance,Financial Analyst,26,Master,155061,2,6,Yes,39,No,49,14,No,2024-01-29,No,Lahore,Contract,10,13
781,49,Male,HR,Recruiter,5,Bachelor,80871,2,9,No,55,No,8,4,No,2019-01-26,No,Karachi,Full-Time,9,8
782,46,Female,Finance,Financial Analyst,17,Master,198806,5,5,Yes,45,Yes,34,11,Yes,2022-05-06,No,Peshawar,Contract,7,7
783,30,Female,Sales,Sales Executive,5,PhD,73330,5,3,Yes,35,No,21,4,Yes,2019-03-25,No,Islamabad,Full-Time,4,5
784,31,Female,Sales,Sales Executive,7,Bachelor,135131,2,7,No,46,No,75,10,No,2015-09-12,No,Rawalpindi,Contract,8,10
785,32,Female,HR,Recruiter,2,PhD,53306,5,6,No,50,Yes,62,1,No,2024-02-12,No,Islamabad,Full-Time,6,2
786,25,Female,IT,DevOps Engineer,2,PhD,54687,3,4,Yes,50,No,32,2,No,2026-04-19,Yes,Karachi,Contract,6,11
787,29,Female,Sales,Sales Manager,1,Master,63013,4,7,No,43,Yes,9,3,No,2015-04-02,No,Faisalabad,Contract,5,10
788,36,Male,Marketing,Marketing Specialist,3,PhD,72724,2,7,Yes,55,No,9,3,No,2019-11-12,No,Lahore,Contract,5,15
789,57,Male,Marketing,Marketing Specialist,22,Bachelor,175729,3,8,No,52,Yes,45,8,No,2017-05-07,No,Rawalpindi,Contract,10,2
790,50,Female,HR,HR Executive,13,Master,192917,4,5,Yes,51,Yes,70,11,No,2025-06-03,No,Peshawar,Full-Time,10,3
791,40,Female,Sales,Sales Executive,12,Master,208024,2,6,Yes,47,No,33,14,No,2019-03-21,No,Karachi,Contract,8,6
792,46,Female,HR,Recruiter,8,Master,145186,1,10,No,52,No,34,6,No,2024-10-13,No,Karachi,Full-Time,4,0
793,32,Male,HR,Recruiter,11,Bachelor,236975,3,10,No,55,No,40,12,No,2024-07-22,No,Faisalabad,Contract,5,9
794,59,Female,Marketing,SEO Executive,28,Bachelor,214261,5,4,Yes,51,Yes,80,13,Yes,2015-09-27,Yes,Faisalabad,Contract,6,1
795,56,Male,Sales,Sales Manager,8,Master,141897,4,5,Yes,49,No,79,10,No,2023-06-12,No,Faisalabad,Full-Time,4,9
796,35,Female,IT,Data Analyst,7,Bachelor,134299,1,6,Yes,41,Yes,72,6,No,2017-10-26,No,Faisalabad,Contract,5,10
797,27,Male,Marketing,Marketing Specialist,4,Master,79014,5,7,Yes,35,Yes,61,5,Yes,2025-08-10,No,Faisalabad,Full-Time,4,14
798,31,Female,Finance,Financial Analyst,6,PhD,124488,3,4,Yes,51,No,6,6,No,2019-03-18,Yes,Lahore,Full-Time,9,10
799,29,Male,Sales,Sales Executive,3,PhD,78146,5,4,Yes,44,No,49,4,No,2023-11-26,Yes,Karachi,Full-Time,7,3
800,55,Female,Marketing,Marketing Specialist,34,Bachelor,155598,3,9,No,39,Yes,64,12,No,2015-11-02,No,Faisalabad,Full-Time,4,6
801,55,Female,IT,Data Analyst,13,Master,207654,2,7,No,46,Yes,31,9,No,2016-01-27,No,Rawalpindi,Full-Time,9,11
802,22,Female,Marketing,Marketing Specialist,1,Master,60737,4,4,Yes,42,No,54,2,No,2020-05-25,No,Karachi,Contract,9,12
803,44,Male,HR,Recruiter,3,Master,82874,2,6,Yes,51,No,67,3,No,2026-07-30,No,Islamabad,Full-Time,10,5
804,56,Female,IT,Software Engineer,24,Master,182685,2,9,No,37,No,37,12,No,2018-12-09,No,Karachi,Contract,8,2
805,28,Female,IT,Software Engineer,5,PhD,87544,4,4,Yes,43,No,20,5,Yes,2013-10-28,Yes,Lahore,Contract,10,1
806,22,Female,Sales,Sales Executive,0,Master,53835,5,6,No,38,No,39,1,Yes,2019-09-03,No,Rawalpindi,Full-Time,10,14
807,35,Male,Marketing,SEO Executive,9,Master,127419,4,7,Yes,54,Yes,27,9,No,2016-10-08,No,Faisalabad,Full-Time,6,8
808,44,Male,Finance,Financial Analyst,22,Bachelor,167797,1,3,Yes,43,Yes,59,15,No,2019-11-15,Yes,Islamabad,Contract,7,3
809,34,Female,Finance,Accountant,3,PhD,86621,2,7,No,50,No,70,6,No,2019-09-30,No,Faisalabad,Full-Time,8,7
810,40,Female,HR,Recruiter,14,Bachelor,180480,5,3,Yes,54,No,29,8,Yes,2018-06-04,No,Islamabad,Full-Time,4,13
811,30,Female,HR,Recruiter,4,Bachelor,72222,2,4,Yes,54,No,62,4,No,2016-06-03,Yes,Karachi,Contract,4,14
812,26,Male,Finance,Financial Analyst,0,PhD,62592,3,4,Yes,53,Yes,39,3,No,2014-06-04,No,Peshawar,Contract,4,11
813,52,Female,IT,Software Engineer,6,PhD,149194,5,10,No,35,Yes,54,8,No,2022-01-21,No,Lahore,Full-Time,7,8
814,33,Female,HR,HR Executive,1,Master,46079,1,3,Yes,55,Yes,58,2,No,2020-03-03,No,Islamabad,Full-Time,6,3
815,24,Male,Marketing,Marketing Specialist,2,Master,43251,4,9,No,36,Yes,24,3,Yes,2015-02-05,No,Faisalabad,Contract,5,12
816,24,Male,IT,Software Engineer,2,Bachelor,63640,1,3,Yes,46,No,74,1,No,2023-03-25,Yes,Rawalpindi,Contract,8,0
817,60,Female,Sales,Sales Manager,1,Bachelor,47975,3,7,Yes,53,Yes,64,1,No,2012-04-01,No,Karachi,Contract,10,6
818,34,Male,Sales,Sales Executive,10,Master,106129,2,6,Yes,47,No,14,6,No,2022-10-07,No,Lahore,Full-Time,8,12
819,29,Male,HR,HR Executive,4,Master,94362,1,6,Yes,38,Yes,65,6,No,2022-03-04,No,Peshawar,Contract,7,0
820,37,Female,Finance,Financial Analyst,1,Bachelor,49605,2,5,Yes,39,No,6,1,No,2023-10-07,No,Lahore,Contract,6,4
821,59,Female,HR,HR Executive,5,Bachelor,89114,3,7,No,49,Yes,53,5,No,2017-05-21,No,Peshawar,Full-Time,9,0
822,44,Female,HR,Recruiter,3,Bachelor,83401,4,8,Yes,44,Yes,39,3,No,2021-07-20,No,Lahore,Contract,8,11
823,29,Female,Marketing,SEO Executive,0,Bachelor,58840,1,8,Yes,52,Yes,60,3,No,2023-11-27,No,Karachi,Full-Time,6,12
824,38,Female,Finance,Financial Analyst,17,Master,166633,4,5,Yes,36,No,44,11,Yes,2026-04-22,No,Faisalabad,Contract,7,14
825,50,Male,Marketing,Marketing Specialist,18,Bachelor,214316,5,3,Yes,53,Yes,60,12,Yes,2019-01-09,Yes,Faisalabad,Full-Time,10,9
826,47,Male,Marketing,Marketing Specialist,26,Bachelor,186516,5,6,No,43,Yes,69,12,Yes,2012-02-24,No,Islamabad,Full-Time,7,5
827,42,Female,Marketing,SEO Executive,13,Bachelor,172042,2,3,Yes,50,Yes,50,9,No,2019-02-17,Yes,Lahore,Full-Time,5,10
828,25,Male,HR,HR Executive,0,PhD,48148,4,3,Yes,42,Yes,5,2,No,2020-06-12,Yes,Faisalabad,Contract,7,2
829,23,Male,Sales,Sales Executive,1,PhD,66882,2,8,Yes,50,No,79,1,No,2024-08-22,No,Peshawar,Full-Time,9,14
830,46,Male,Marketing,Marketing Specialist,17,PhD,221214,5,6,No,50,No,36,9,Yes,2024-09-15,No,Islamabad,Contract,7,1
831,36,Male,Marketing,SEO Executive,13,Bachelor,208414,1,8,No,37,Yes,76,9,No,2018-03-14,No,Karachi,Full-Time,8,11
832,58,Female,Finance,Accountant,9,Bachelor,143563,1,9,No,41,Yes,40,6,No,2019-06-26,No,Lahore,Contract,6,13
833,42,Female,IT,Data Analyst,18,PhD,187143,4,7,Yes,49,Yes,17,12,Yes,2018-06-13,No,Faisalabad,Contract,7,1
834,30,Male,Finance,Accountant,8,Bachelor,133642,5,3,Yes,44,Yes,55,9,No,2022-06-07,No,Lahore,Full-Time,10,4
835,38,Female,IT,Data Analyst,4,Master,90878,4,3,Yes,40,No,63,4,No,2017-09-29,Yes,Lahore,Contract,6,0
836,57,Male,HR,HR Executive,35,PhD,221952,4,5,Yes,55,No,49,9,No,2021-06-01,No,Islamabad,Full-Time,4,0
837,25,Female,IT,Software Engineer,4,Bachelor,78667,4,7,Yes,36,Yes,76,6,Yes,2013-11-28,No,Lahore,Full-Time,4,7
838,23,Male,Sales,Sales Executive,2,PhD,69624,5,7,No,55,Yes,49,1,Yes,2018-08-21,No,Lahore,Full-Time,9,2
839,22,Female,Finance,Financial Analyst,1,Master,66702,3,6,Yes,47,No,27,3,No,2026-02-18,No,Islamabad,Full-Time,6,4
840,41,Female,Sales,Sales Executive,0,Bachelor,50908,1,5,Yes,50,No,67,1,No,2016-09-02,No,Faisalabad,Full-Time,6,4
841,57,Female,HR,Recruiter,5,Master,75347,1,6,No,39,Yes,55,5,No,2021-12-26,No,Rawalpindi,Full-Time,9,14
842,48,Female,Marketing,SEO Executive,11,PhD,167042,1,10,No,49,No,70,12,No,2021-05-05,No,Rawalpindi,Full-Time,8,8
843,51,Male,Finance,Financial Analyst,21,Bachelor,233769,3,10,No,36,Yes,70,11,No,2024-05-15,No,Faisalabad,Full-Time,4,9
844,41,Male,Marketing,SEO Executive,4,Bachelor,96597,3,6,No,44,No,75,4,No,2024-05-18,No,Islamabad,Contract,4,4
845,43,Female,HR,HR Executive,8,PhD,110723,3,8,Yes,40,No,40,8,No,2024-06-26,No,Peshawar,Contract,8,9
846,28,Female,IT,Software Engineer,3,PhD,87406,4,8,No,35,Yes,44,4,No,2017-04-18,No,Faisalabad,Full-Time,5,7
847,26,Female,Marketing,Marketing Specialist,4,Master,83276,3,7,No,35,Yes,17,6,No,2016-05-05,No,Faisalabad,Full-Time,10,1
848,45,Female,IT,Software Engineer,6,PhD,105391,2,7,Yes,35,No,11,7,No,2022-05-17,No,Peshawar,Contract,10,9
849,22,Male,Marketing,SEO Executive,1,Bachelor,41732,2,3,Yes,36,Yes,62,1,No,2022-12-26,Yes,Karachi,Contract,5,1
850,22,Male,Finance,Accountant,1,Master,43504,4,9,No,38,No,10,3,Yes,2024-09-05,No,Karachi,Full-Time,9,3
851,54,Female,Finance,Accountant,6,PhD,141689,5,6,Yes,46,Yes,14,9,No,2012-02-18,No,Peshawar,Contract,6,6
852,55,Male,HR,Recruiter,7,Bachelor,136576,4,7,No,35,Yes,64,10,No,2012-08-14,No,Rawalpindi,Full-Time,8,1
853,28,Female,IT,Data Analyst,0,PhD,65532,4,5,Yes,39,Yes,80,3,No,2021-01-23,No,Peshawar,Full-Time,10,12
854,56,Male,Sales,Sales Executive,31,Master,208642,5,8,Yes,38,Yes,41,14,No,2025-05-29,No,Lahore,Full-Time,10,0
855,54,Male,Finance,Financial Analyst,0,Bachelor,61926,2,3,Yes,39,No,28,2,No,2026-07-22,Yes,Peshawar,Contract,10,5
856,46,Female,Marketing,Marketing Specialist,17,Master,202220,1,7,No,49,Yes,60,15,No,2022-10-18,No,Rawalpindi,Contract,7,3
857,31,Male,Marketing,SEO Executive,5,Bachelor,97483,3,6,No,39,Yes,5,6,No,2018-02-07,No,Peshawar,Full-Time,10,15
858,45,Male,HR,HR Executive,20,PhD,186971,1,7,Yes,52,Yes,41,11,No,2013-01-26,No,Islamabad,Full-Time,8,9
859,23,Male,IT,Software Engineer,1,Bachelor,59683,1,3,Yes,42,Yes,17,1,No,2021-02-06,Yes,Peshawar,Contract,6,11
860,57,Female,Sales,Sales Manager,18,Master,180289,2,3,Yes,52,Yes,5,13,No,2024-09-06,Yes,Peshawar,Full-Time,6,10
861,48,Female,Finance,Financial Analyst,24,Bachelor,166027,4,10,No,52,No,19,13,Yes,2018-04-01,No,Rawalpindi,Contract,5,4
862,43,Male,Sales,Sales Manager,4,Bachelor,95070,5,6,No,45,No,24,6,No,2022-01-02,No,Faisalabad,Contract,4,12
863,46,Male,HR,HR Executive,4,Master,94850,3,6,No,49,Yes,9,5,No,2025-02-22,No,Islamabad,Contract,7,11
864,23,Female,Sales,Sales Executive,0,Bachelor,44014,4,7,No,43,Yes,66,2,Yes,2012-04-13,No,Faisalabad,Contract,10,1
865,41,Male,Sales,Sales Manager,16,Bachelor,188863,3,7,No,45,Yes,54,9,No,2023-07-16,No,Lahore,Contract,8,1
866,43,Female,Marketing,Marketing Specialist,12,PhD,169333,2,9,No,51,Yes,62,15,No,2015-12-30,No,Faisalabad,Contract,8,13
867,22,Female,Finance,Accountant,1,PhD,55670,2,8,No,41,No,58,1,No,2017-03-20,No,Lahore,Full-Time,6,4
868,35,Female,Marketing,Marketing Specialist,11,PhD,203272,3,8,No,51,Yes,27,8,No,2013-10-11,No,Rawalpindi,Full-Time,8,1
869,38,Male,Finance,Accountant,11,Bachelor,212162,5,6,No,37,No,59,11,No,2019-07-25,No,Peshawar,Full-Time,7,8
870,48,Female,HR,Recruiter,1,PhD,56377,3,4,Yes,43,No,14,3,No,2020-01-31,No,Rawalpindi,Contract,6,0
871,33,Female,Finance,Accountant,3,Master,84923,2,3,Yes,40,Yes,66,4,No,2023-06-26,Yes,Peshawar,Full-Time,4,3
872,53,Female,Sales,Sales Manager,7,Master,110772,3,10,No,54,Yes,41,6,No,2014-02-22,No,Karachi,Contract,5,8
873,24,Female,Sales,Sales Executive,1,Bachelor,46793,2,3,Yes,35,No,77,3,No,2012-10-11,Yes,Rawalpindi,Full-Time,5,0
874,39,Female,HR,Recruiter,2,Bachelor,68454,4,6,Yes,35,Yes,56,1,Yes,2024-08-28,No,Rawalpindi,Full-Time,7,6
875,24,Female,Finance,Accountant,1,Bachelor,67365,2,7,No,43,Yes,19,2,No,2020-11-21,No,Lahore,Contract,6,14
876,50,Female,Marketing,SEO Executive,7,PhD,136885,4,10,No,45,Yes,25,6,No,2015-03-17,No,Karachi,Full-Time,10,11
877,60,Male,IT,DevOps Engineer,38,Bachelor,241844,4,6,Yes,52,Yes,78,10,Yes,2025-04-15,No,Lahore,Contract,5,3
878,41,Female,Finance,Accountant,1,Bachelor,54829,3,8,No,40,Yes,75,2,No,2013-09-28,No,Rawalpindi,Contract,10,9
879,38,Female,HR,Recruiter,0,Master,56569,4,6,No,35,No,51,3,Yes,2018-07-06,No,Peshawar,Full-Time,6,13
880,22,Male,IT,DevOps Engineer,0,PhD,46100,3,7,Yes,44,Yes,40,1,No,2015-05-28,No,Karachi,Full-Time,10,8
881,59,Male,Marketing,Marketing Specialist,11,Bachelor,182409,2,4,Yes,40,No,13,11,No,2015-06-04,Yes,Islamabad,Full-Time,4,1
882,25,Male,Finance,Financial Analyst,4,PhD,79295,1,7,No,47,Yes,29,5,No,2011-09-26,No,Lahore,Contract,5,7
883,37,Female,HR,Recruiter,5,PhD,70237,3,5,Yes,52,Yes,21,3,No,2023-08-31,No,Rawalpindi,Full-Time,8,8
884,59,Male,IT,Software Engineer,28,Master,191032,1,3,Yes,39,No,56,10,No,2025-02-10,Yes,Faisalabad,Contract,4,6
885,59,Female,Sales,Sales Manager,17,Bachelor,200322,5,7,Yes,43,Yes,62,10,Yes,2021-10-04,No,Karachi,Full-Time,10,10
886,33,Female,Marketing,Marketing Specialist,7,Bachelor,106545,3,5,Yes,47,No,40,9,No,2013-12-18,No,Peshawar,Full-Time,5,15
887,38,Female,HR,Recruiter,3,Bachelor,99175,1,8,Yes,42,Yes,78,6,No,2018-03-22,No,Peshawar,Full-Time,7,5
888,42,Male,Marketing,SEO Executive,8,Bachelor,146212,1,6,No,42,No,6,6,No,2016-10-11,No,Lahore,Full-Time,6,10
889,30,Male,Finance,Accountant,9,PhD,115582,5,9,No,49,No,22,6,Yes,2020-05-29,No,Karachi,Contract,10,8
890,30,Male,Finance,Financial Analyst,1,PhD,63206,3,7,Yes,52,Yes,5,2,No,2021-03-06,No,Faisalabad,Full-Time,9,9
891,24,Female,Sales,Sales Manager,3,PhD,76847,2,10,No,53,No,17,4,No,2017-12-16,No,Rawalpindi,Full-Time,8,11
892,43,Female,IT,Software Engineer,22,PhD,206792,1,8,No,45,Yes,74,12,No,2015-05-07,No,Peshawar,Contract,8,5
893,30,Female,Sales,Sales Manager,2,Bachelor,53038,2,8,Yes,53,No,44,2,No,2024-04-10,No,Peshawar,Contract,9,6
894,27,Female,Finance,Financial Analyst,1,PhD,46015,1,5,Yes,38,No,56,2,No,2014-08-01,No,Lahore,Full-Time,10,5
895,57,Female,Sales,Sales Executive,12,PhD,234688,1,5,Yes,40,Yes,40,8,No,2017-05-13,No,Islamabad,Full-Time,10,2
896,60,Male,Marketing,Marketing Specialist,0,PhD,52924,4,8,No,39,No,5,1,Yes,2018-11-04,No,Peshawar,Contract,4,8
897,49,Male,Marketing,SEO Executive,5,Bachelor,91201,1,4,Yes,42,Yes,15,3,No,2015-02-25,Yes,Rawalpindi,Contract,9,7
898,30,Male,HR,HR Executive,4,Master,89394,4,6,Yes,35,No,7,4,No,2020-03-04,No,Karachi,Full-Time,10,4
899,47,Female,IT,Data Analyst,12,Bachelor,157194,4,6,No,39,No,32,15,Yes,2020-03-20,No,Peshawar,Contract,10,11
900,36,Female,Marketing,SEO Executive,5,Bachelor,72953,4,6,Yes,39,Yes,31,6,Yes,2026-06-26,No,Islamabad,Contract,9,6
901,38,Female,IT,DevOps Engineer,2,Master,46555,1,9,No,46,No,19,3,No,2016-01-09,No,Islamabad,Full-Time,7,6
902,52,Female,HR,Recruiter,23,Master,205311,3,3,Yes,44,Yes,40,11,No,2026-04-07,Yes,Rawalpindi,Full-Time,8,13
903,28,Female,Finance,Financial Analyst,0,Bachelor,45650,2,8,No,40,Yes,61,2,No,2021-06-20,No,Rawalpindi,Full-Time,4,9
904,53,Male,Finance,Accountant,14,Master,193940,5,7,No,47,No,77,11,No,2015-09-17,No,Islamabad,Contract,10,0
905,36,Female,Finance,Financial Analyst,4,Master,79203,2,6,No,51,No,13,6,No,2020-01-31,No,Faisalabad,Full-Time,5,0
906,36,Female,Marketing,SEO Executive,10,Master,111428,4,3,Yes,43,No,80,6,Yes,2021-11-18,Yes,Peshawar,Contract,9,0
907,38,Female,Marketing,Marketing Specialist,1,Master,64151,3,6,No,49,No,32,1,No,2022-10-07,No,Rawalpindi,Contract,5,14
908,27,Female,Sales,Sales Manager,6,PhD,116803,4,5,Yes,47,No,75,9,No,2012-04-30,No,Islamabad,Contract,5,2
909,45,Male,IT,DevOps Engineer,1,Bachelor,62799,5,8,Yes,38,No,47,1,No,2020-09-09,No,Rawalpindi,Contract,10,1
910,23,Female,Marketing,SEO Executive,0,Master,41090,1,7,No,42,No,59,2,No,2019-01-17,No,Rawalpindi,Contract,5,7
911,52,Female,IT,Data Analyst,13,Bachelor,241860,5,7,Yes,40,No,57,9,No,2025-02-26,No,Rawalpindi,Contract,5,15
912,23,Female,IT,DevOps Engineer,2,PhD,50783,5,7,Yes,45,No,65,1,No,2015-11-21,No,Faisalabad,Contract,10,6
913,32,Female,HR,Recruiter,6,Bachelor,141791,1,9,No,55,Yes,22,8,No,2023-07-30,No,Peshawar,Contract,10,3
914,57,Female,IT,Data Analyst,4,PhD,70974,4,7,Yes,40,Yes,56,6,Yes,2020-09-13,No,Rawalpindi,Contract,5,5
915,59,Male,Sales,Sales Executive,32,PhD,214295,5,6,No,48,Yes,34,9,No,2016-11-17,No,Karachi,Full-Time,5,14
916,49,Female,IT,DevOps Engineer,19,Master,226980,2,5,Yes,41,Yes,35,12,No,2021-02-22,No,Lahore,Contract,4,10
917,29,Female,Marketing,Marketing Specialist,5,PhD,84733,4,4,Yes,40,No,73,3,Yes,2020-11-27,Yes,Faisalabad,Contract,8,14
918,39,Male,Finance,Accountant,17,PhD,236335,1,6,Yes,39,No,73,11,No,2021-10-05,No,Peshawar,Contract,9,3
919,46,Female,Sales,Sales Executive,20,Master,238840,3,7,Yes,51,Yes,53,9,No,2022-05-29,No,Peshawar,Full-Time,9,8
920,43,Male,HR,HR Executive,6,Master,131192,5,7,No,48,Yes,62,6,Yes,2021-06-25,No,Karachi,Full-Time,5,1
921,55,Male,Marketing,Marketing Specialist,29,Bachelor,219296,5,3,Yes,52,No,43,10,Yes,2024-03-03,Yes,Rawalpindi,Full-Time,7,10
922,58,Male,HR,Recruiter,29,PhD,159864,5,6,Yes,48,No,19,14,No,2021-01-07,No,Islamabad,Full-Time,4,5
923,22,Male,Sales,Sales Executive,0,Bachelor,54951,2,8,No,41,No,39,1,No,2025-02-22,No,Lahore,Full-Time,7,6
924,33,Female,Marketing,SEO Executive,5,PhD,99490,1,8,No,35,Yes,43,3,No,2021-04-16,No,Peshawar,Contract,5,5
925,60,Male,HR,Recruiter,37,Bachelor,210100,2,7,No,40,No,56,13,No,2016-03-24,No,Lahore,Full-Time,4,1
926,50,Male,Marketing,SEO Executive,4,Master,80428,3,10,No,46,Yes,59,4,No,2018-03-17,No,Lahore,Contract,4,8
927,56,Female,IT,DevOps Engineer,23,Master,181859,3,6,Yes,51,Yes,50,14,No,2020-04-15,No,Peshawar,Full-Time,10,14
928,39,Female,HR,Recruiter,13,Bachelor,180254,1,7,No,47,No,41,14,No,2022-07-31,No,Lahore,Full-Time,7,2
929,58,Female,Finance,Financial Analyst,11,Bachelor,183629,5,3,Yes,47,Yes,57,10,No,2012-12-11,Yes,Peshawar,Full-Time,8,4
930,51,Female,Sales,Sales Executive,5,Bachelor,89997,5,6,Yes,54,Yes,46,4,No,2016-01-08,No,Islamabad,Contract,9,15
931,33,Female,Sales,Sales Manager,12,Master,165914,3,5,Yes,40,No,36,11,No,2022-10-22,No,Karachi,Contract,8,3
932,60,Male,HR,HR Executive,9,Bachelor,101922,1,7,Yes,44,No,56,6,No,2014-03-25,No,Rawalpindi,Full-Time,6,4
933,36,Male,IT,Data Analyst,9,PhD,114268,1,7,No,41,No,24,8,No,2013-07-30,No,Faisalabad,Full-Time,4,15
934,56,Female,IT,DevOps Engineer,20,PhD,170941,3,4,Yes,45,Yes,71,10,No,2019-09-08,Yes,Rawalpindi,Contract,4,5
935,58,Female,HR,HR Executive,27,Master,231577,5,7,Yes,47,Yes,52,12,Yes,2026-03-02,No,Faisalabad,Full-Time,8,12
936,52,Female,IT,Software Engineer,15,PhD,230699,4,8,No,51,No,66,14,Yes,2019-07-23,No,Karachi,Contract,4,4
937,41,Female,Finance,Accountant,8,Bachelor,120839,1,6,No,41,No,56,7,No,2025-04-18,No,Peshawar,Full-Time,9,3
938,53,Female,IT,Data Analyst,12,PhD,215054,1,8,Yes,48,Yes,10,13,No,2024-01-20,No,Lahore,Full-Time,5,4
939,59,Male,Finance,Accountant,33,Master,210243,2,8,No,40,No,40,8,No,2015-06-13,No,Lahore,Full-Time,6,14
940,39,Female,Marketing,Marketing Specialist,13,Bachelor,166865,3,10,No,35,No,46,11,No,2023-12-19,No,Rawalpindi,Contract,4,2
941,24,Female,IT,Data Analyst,0,Master,61542,5,4,Yes,46,No,50,1,No,2018-10-28,Yes,Peshawar,Full-Time,8,12
942,57,Female,Marketing,Marketing Specialist,32,Bachelor,221382,1,7,No,49,No,55,9,No,2023-09-10,No,Islamabad,Contract,6,11
943,47,Male,Marketing,Marketing Specialist,20,Master,156629,1,3,Yes,42,No,45,12,No,2022-10-17,No,Rawalpindi,Full-Time,8,9
944,37,Male,Finance,Accountant,5,Bachelor,92314,5,7,Yes,47,Yes,35,4,No,2016-09-03,No,Faisalabad,Full-Time,7,11
945,50,Male,Finance,Accountant,4,Master,89925,1,8,No,44,Yes,31,5,No,2013-04-28,No,Islamabad,Full-Time,7,7
946,34,Male,Sales,Sales Executive,3,PhD,78639,5,6,No,36,No,10,3,Yes,2026-01-14,No,Rawalpindi,Contract,8,15
947,29,Male,IT,DevOps Engineer,8,PhD,114572,1,8,No,39,No,17,6,No,2013-09-15,No,Peshawar,Contract,5,3
948,57,Female,Marketing,SEO Executive,35,Bachelor,202342,2,6,Yes,38,No,9,11,No,2026-02-03,No,Islamabad,Full-Time,9,9
949,23,Female,HR,HR Executive,0,PhD,55599,3,7,No,43,No,12,2,No,2024-06-30,No,Rawalpindi,Full-Time,6,4
950,26,Female,IT,Data Analyst,3,PhD,93894,5,9,No,48,No,57,4,Yes,2022-06-16,No,Karachi,Contract,6,4
951,58,Female,HR,Recruiter,0,Master,44517,4,9,No,52,Yes,21,3,No,2026-04-18,No,Lahore,Full-Time,4,11
952,46,Female,IT,Software Engineer,1,Master,47749,4,7,No,42,Yes,52,1,Yes,2026-02-07,No,Karachi,Contract,7,1
953,22,Male,Sales,Sales Manager,0,Bachelor,59410,2,3,Yes,42,Yes,51,1,No,2023-08-31,No,Faisalabad,Full-Time,4,4
954,32,Male,Finance,Financial Analyst,7,Master,145620,3,7,Yes,38,No,10,10,No,2017-01-30,No,Faisalabad,Contract,5,1
955,24,Male,Marketing,SEO Executive,3,Master,91678,3,8,Yes,43,Yes,45,5,No,2023-06-16,No,Rawalpindi,Contract,10,9
956,40,Female,Marketing,SEO Executive,7,PhD,136532,5,8,No,52,No,49,6,No,2011-10-21,No,Karachi,Full-Time,4,6
957,47,Male,Finance,Financial Analyst,5,PhD,74895,4,3,Yes,50,No,57,3,Yes,2019-08-23,Yes,Peshawar,Contract,8,12
958,30,Female,IT,Data Analyst,8,Master,100687,4,4,Yes,55,No,56,8,Yes,2018-06-01,Yes,Karachi,Contract,10,0
959,54,Female,IT,Data Analyst,1,Bachelor,62311,1,5,Yes,42,No,68,1,No,2021-09-08,No,Islamabad,Full-Time,7,3
960,44,Female,Sales,Sales Executive,18,Bachelor,173493,3,7,Yes,41,No,44,12,No,2021-09-05,No,Islamabad,Full-Time,4,14
961,46,Female,Finance,Accountant,23,PhD,162723,4,10,No,36,No,20,13,No,2020-05-12,No,Islamabad,Full-Time,8,2
962,47,Male,Sales,Sales Manager,13,Master,222578,2,9,No,54,No,76,11,No,2023-12-07,No,Rawalpindi,Full-Time,6,14
963,45,Female,Marketing,Marketing Specialist,1,Bachelor,67773,1,4,Yes,43,Yes,17,2,No,2025-09-12,Yes,Lahore,Contract,8,5
964,49,Female,Marketing,SEO Executive,7,Bachelor,145233,4,3,Yes,39,No,42,10,Yes,2013-03-21,No,Lahore,Full-Time,5,8
965,37,Male,HR,Recruiter,12,Master,183854,4,8,Yes,42,Yes,73,10,Yes,2015-02-07,No,Rawalpindi,Full-Time,7,10
966,37,Male,IT,Software Engineer,0,PhD,62568,1,5,Yes,54,Yes,27,1,No,2011-12-21,No,Karachi,Contract,7,8
967,41,Female,HR,HR Executive,2,PhD,69145,1,8,No,50,No,15,3,No,2024-11-09,No,Faisalabad,Full-Time,10,10
968,46,Male,Finance,Accountant,14,Master,176442,1,7,No,35,No,36,11,No,2020-01-06,No,Rawalpindi,Full-Time,4,6
969,31,Male,HR,Recruiter,7,Master,114309,1,8,Yes,51,No,56,7,No,2025-04-28,No,Rawalpindi,Contract,7,9
970,50,Male,Sales,Sales Executive,6,PhD,115600,1,7,No,54,Yes,69,9,No,2014-11-30,No,Islamabad,Full-Time,6,9
971,24,Female,Finance,Accountant,2,PhD,69419,3,9,No,55,No,51,2,No,2012-07-17,No,Karachi,Full-Time,4,5
972,30,Female,Sales,Sales Manager,9,Bachelor,100903,2,6,Yes,47,No,56,6,No,2023-12-14,No,Rawalpindi,Full-Time,9,8
973,58,Female,IT,Data Analyst,17,Master,234631,1,10,No,41,No,14,11,No,2025-03-27,No,Faisalabad,Contract,8,8
974,24,Female,Marketing,SEO Executive,2,Bachelor,44683,4,6,Yes,41,Yes,33,2,Yes,2016-02-16,No,Islamabad,Full-Time,6,8
975,32,Male,HR,HR Executive,10,Bachelor,136856,2,6,Yes,35,Yes,28,8,No,2017-09-20,No,Islamabad,Contract,6,14
976,34,Female,HR,HR Executive,7,Master,122348,4,7,No,51,Yes,70,9,Yes,2013-09-09,No,Lahore,Full-Time,9,4
977,25,Female,Sales,Sales Manager,4,Master,87110,4,6,Yes,37,No,78,3,No,2025-10-15,No,Karachi,Contract,9,11
978,47,Male,Sales,Sales Manager,24,PhD,240006,5,6,No,53,Yes,74,15,No,2016-02-28,No,Islamabad,Contract,6,7
979,47,Male,HR,HR Executive,1,PhD,53670,4,5,Yes,39,Yes,58,1,No,2018-12-26,No,Karachi,Full-Time,7,10
980,39,Female,Sales,Sales Manager,15,PhD,192267,3,6,Yes,46,Yes,37,13,No,2013-01-19,No,Faisalabad,Contract,7,15
981,22,Male,Finance,Accountant,1,PhD,57072,5,9,No,39,Yes,50,2,No,2024-11-26,No,Rawalpindi,Contract,10,2
982,42,Male,Finance,Financial Analyst,4,Bachelor,78520,5,7,No,54,No,5,3,Yes,2013-08-18,No,Islamabad,Contract,8,4
983,56,Female,Marketing,SEO Executive,1,PhD,66888,1,7,No,37,Yes,36,2,No,2018-05-26,No,Lahore,Contract,9,13
984,41,Female,IT,DevOps Engineer,4,Bachelor,71991,1,8,Yes,45,Yes,8,4,No,2021-08-26,No,Faisalabad,Contract,10,8
985,39,Male,IT,Software Engineer,18,Master,229613,5,7,No,53,Yes,39,15,No,2022-09-28,No,Peshawar,Full-Time,7,10
986,45,Female,IT,Software Engineer,19,Master,189167,1,10,No,41,No,67,13,No,2025-10-13,No,Faisalabad,Full-Time,7,9
987,42,Female,IT,DevOps Engineer,20,PhD,238713,3,4,Yes,55,Yes,60,8,No,2017-11-18,No,Lahore,Contract,8,0
988,39,Male,Marketing,SEO Executive,1,Bachelor,69863,5,7,No,39,No,7,3,No,2022-09-23,No,Karachi,Contract,10,14
989,36,Male,HR,HR Executive,14,PhD,187447,4,10,No,54,Yes,44,14,No,2013-11-29,No,Rawalpindi,Contract,6,2
990,34,Male,Finance,Accountant,8,PhD,139739,5,7,No,47,Yes,78,8,Yes,2017-10-26,No,Peshawar,Full-Time,10,13
991,49,Male,HR,HR Executive,23,PhD,243904,2,6,No,48,No,71,12,No,2013-01-29,No,Islamabad,Contract,7,6
992,22,Female,Sales,Sales Executive,1,Bachelor,61535,1,5,Yes,37,No,74,3,No,2018-12-08,No,Faisalabad,Full-Time,6,4
993,45,Female,HR,Recruiter,18,Master,205103,2,6,Yes,49,Yes,65,10,No,2017-09-19,No,Rawalpindi,Full-Time,5,3
994,31,Male,Marketing,Marketing Specialist,3,Master,71176,3,9,No,43,Yes,75,6,No,2025-11-13,No,Peshawar,Full-Time,10,8
995,38,Male,Sales,Sales Manager,14,Master,191140,5,7,Yes,37,No,31,11,Yes,2012-02-01,No,Rawalpindi,Contract,8,14
996,42,Female,Finance,Accountant,19,Bachelor,198443,2,6,Yes,52,No,75,14,No,2017-02-25,No,Faisalabad,Contract,7,14
997,31,Male,HR,HR Executive,10,Master,109891,5,8,Yes,38,Yes,8,7,Yes,2018-03-31,No,Rawalpindi,Full-Time,7,10
998,31,Female,Marketing,Marketing Specialist,10,Bachelor,101740,1,7,Yes,47,Yes,11,9,No,2025-11-08,No,Faisalabad,Full-Time,7,14
999,52,Male,HR,HR Executive,9,Master,114673,5,8,No,48,No,10,8,Yes,2024-06-05,No,Faisalabad,Full-Time,9,7
1000,42,Female,Sales,Sales Manager,16,PhD,175035,3,8,Yes,49,No,61,13,No,2013-01-31,No,Rawalpindi,Full-Time,9,7
